{"type": "FeatureCollection", "features": [{"type": "Feature", "geometry": {"type": "MultiLineString", "coordinates": [[[-49.13889557917027, -26.45987221078361], [-49.138895553218205, -26.459873824154812], [-49.13888569462899, -26.45987369568003], [-49.1388847854175, -26.459874490686055], [-49.13888475946529, -26.459876104057237], [-49.1388820707591, -26.45987606901852], [-49.13888209671135, -26.459874455647345], [-49.138881213452095, -26.459873637282172], [-49.13887852474596, -26.459873602243395], [-49.13887855069826, -26.459871988872212]], [[-49.13901241415377, -26.459853561929076], [-49.139012388203355, -26.45985517530038], [-49.138995359732725, -26.45985495340304], [-49.13899538568337, -26.45985334003175]], [[-49.13827591661654, -26.459831053130834], [-49.138275838734586, -26.45983589324273], [-49.13825522533487, -26.459835624523794], [-49.13825526427629, -26.459833204467877], [-49.13826153791952, -26.459833286252202], [-49.138262447134686, -26.459832491250346], [-49.13826247309552, -26.45983087787973]], [[-49.139089736909234, -26.459839239253014], [-49.13908971095992, -26.459840852624396], [-49.1390905942205, -26.459841670988347], [-49.13909328292621, -26.4598417060231], [-49.139093205078396, -26.459846546137236], [-49.13909408833904, -26.45984736450117], [-49.13910753186835, -26.459847539674115], [-49.13910844107817, -26.45984674466657], [-49.13910848000176, -26.459844324609474], [-49.13911116870756, -26.459844359643895], [-49.13911207791733, -26.45984356463632], [-49.13911210386634, -26.459841951264927], [-49.139151538217874, -26.45984246509691], [-49.139151512269414, -26.459844078468347], [-49.13915239553048, -26.459844896831935], [-49.13916225411874, -26.459845025288182], [-49.139161981661374, -26.45986196568833], [-49.139159292955085, -26.459861930654846], [-49.13915838374546, -26.459862725662735], [-49.13915831887449, -26.459866759091323], [-49.139144875342566, -26.459866583923045], [-49.13914396613281, -26.459867378930817], [-49.13914392720993, -26.459869798987956], [-49.13914123850349, -26.459869763954124], [-49.13914032929368, -26.45987055896188], [-49.13914022549909, -26.459877012447553], [-49.139133951850354, -26.459876930701693], [-49.13913304264044, -26.459877725709386], [-49.13913301669169, -26.459879339080793], [-49.13911509198079, -26.459879105519516], [-49.13911418277075, -26.459879900527106], [-49.13911415682173, -26.45988151389849], [-49.139097128346236, -26.45988129201307], [-49.13909621913605, -26.459882087020517], [-49.139096193186774, -26.459883700391902], [-49.13909350448008, -26.459883665357154], [-49.13909259526986, -26.459884460364577], [-49.13909256932053, -26.45988607373596], [-49.13908629567147, -26.45988599198797], [-49.13908538646118, -26.459886786995344], [-49.13908536051175, -26.4598884003667], [-49.13907908686259, -26.459888318618397], [-49.13907817765223, -26.459889113625724], [-49.13907813872793, -26.459891533682764], [-49.139067383900574, -26.45989139354208], [-49.13906647469011, -26.45989218854932], [-49.139066448740415, -26.459893801920675], [-49.13906017509103, -26.459893720171518], [-49.139059265880505, -26.45989451517871], [-49.1390592399307, -26.459896128550053], [-49.139056551223774, -26.4598960935146], [-49.139055642013204, -26.45989688852177], [-49.13905561606335, -26.459898501893097], [-49.13905292735638, -26.45989846685757], [-49.13905201814577, -26.459899261864713], [-49.13905199219586, -26.45990087523605], [-49.13904930348883, -26.45990084020045], [-49.139048394278184, -26.45990163520757], [-49.13904836832822, -26.4599032485789], [-49.13903850973564, -26.459903120114532], [-49.139037600524894, -26.459903915121572], [-49.13903757457478, -26.459905528492886], [-49.13903845783543, -26.459906346857164], [-49.13904831642829, -26.45990647532155], [-49.13904829047832, -26.459908088692877], [-49.13904917373907, -26.459908907057084], [-49.139059032332206, -26.45990903552074], [-49.13905994154285, -26.45990824051356], [-49.139059967492656, -26.45990662714222], [-49.13906265619983, -26.45990666217763], [-49.13906356541044, -26.45990586717041], [-49.13906359136019, -26.459904253799074], [-49.13906628006732, -26.45990428883441], [-49.13906718927788, -26.45990349382717], [-49.13906721522758, -26.45990188045582], [-49.13911740442714, -26.45990253443906], [-49.13911737847814, -26.45990414781045], [-49.13911826173938, -26.45990496617426], [-49.13912095044661, -26.459905001208565], [-49.139120924497654, -26.459906614579957], [-49.139107480961385, -26.45990643940791], [-49.13910657175106, -26.459907234415418], [-49.1391065458019, -26.459908847786796], [-49.13908951732246, -26.459908625900262], [-49.139088608112004, -26.459909420907643], [-49.13908858216259, -26.459911034279006], [-49.139085893455274, -26.459910999244087], [-49.13908498424477, -26.459911794251447], [-49.13908490639638, -26.459916634365516], [-49.13905622685059, -26.459916260656257], [-49.13905531763985, -26.45991705566342], [-49.13905529168998, -26.45991866903475], [-49.13904184815281, -26.45991849385645], [-49.13904093894196, -26.45991928886351], [-49.139040912991874, -26.459920902234835], [-49.139031054397826, -26.459920773769873], [-49.139030145186894, -26.459921568776856], [-49.13903011923665, -26.459923182148156], [-49.139012194520014, -26.459922948573617], [-49.139012220470505, -26.459921335202328], [-49.13901133720994, -26.459920516837908], [-49.139008648502525, -26.45992048180152], [-49.13900871337886, -26.459916448373296], [-49.13900783011835, -26.45991563000884], [-49.139005141411054, -26.459915594972394], [-49.13900516736163, -26.459913981601122], [-49.139004284101176, -26.459913163236653], [-49.138994425507995, -26.45991303476919], [-49.138993516296885, -26.459913829775935], [-49.13899349034615, -26.459915443147203], [-49.138990801638876, -26.45991540811049], [-49.13898989242772, -26.45991620311721], [-49.138989866476926, -26.459917816488478], [-49.1389871777696, -26.459917781451693], [-49.13898626855841, -26.45991857645838], [-49.13898624260756, -26.459920189829653], [-49.13894680823326, -26.459919675950644], [-49.138945899021785, -26.45992047095706], [-49.13894587307038, -26.45992208432828], [-49.13891808976128, -26.45992172227042], [-49.138917180549605, -26.459922517276652], [-49.13891715459779, -26.45992413064785], [-49.13890998471151, -26.459924037212634], [-49.13890907549977, -26.459924832218803], [-49.138909049547834, -26.459926445589996], [-49.13890277589724, -26.45992636383384], [-49.13890186668544, -26.459927158839957], [-49.138901840733396, -26.45992877221115], [-49.13889198213947, -26.459928643736554], [-49.138891072927564, -26.4599294387426], [-49.138891046975374, -26.45993105211377], [-49.13887760343803, -26.459930876919938], [-49.13887669422602, -26.45993167192589], [-49.13887665529744, -26.459934091982632], [-49.13887038164654, -26.459934010225027], [-49.138869472434465, -26.459934805230926], [-49.13886944648196, -26.459936418602084], [-49.13886317283098, -26.459936336844155], [-49.138862263618826, -26.459937131850005], [-49.138862237666224, -26.45993874522116], [-49.13884789789235, -26.45993855834475], [-49.13884698868007, -26.459939353350496], [-49.138846962727264, -26.45994096672163], [-49.138840689076105, -26.4599408849627], [-49.13883977986377, -26.45994167996839], [-49.13883975391086, -26.459943293339517], [-49.138829895316036, -26.459943164860572], [-49.13882898610361, -26.459943959866198], [-49.13882896015054, -26.459945573237317], [-49.138815516611984, -26.459945398037558], [-49.13881460739945, -26.45994619304307], [-49.13881458144618, -26.45994780641417], [-49.1388038266152, -26.459947666253377], [-49.13880291740257, -26.459948461258826], [-49.13880289144914, -26.45995007462991], [-49.138796617797645, -26.459949992869017], [-49.13879570858495, -26.459950787874412], [-49.13879568263141, -26.459952401245495], [-49.13878940897982, -26.459952319484287], [-49.13878849976706, -26.459953114489632], [-49.138788460836594, -26.459955534546246], [-49.13877860224102, -26.459955406063706], [-49.13877769302816, -26.459956201068973], [-49.138777667074365, -26.45995781444004], [-49.13876063859091, -26.45995759251392], [-49.13875972937792, -26.459958387519066], [-49.138759703423865, -26.459960000890117], [-49.138752533536014, -26.45995990744688], [-49.13875162432295, -26.459960702451966], [-49.138751598368785, -26.459962315823013], [-49.13874532471681, -26.459962234059837], [-49.13874441550368, -26.459963029064873], [-49.138744389549416, -26.459964642435903], [-49.13873094600929, -26.45996446722807], [-49.13873003679605, -26.459965262233023], [-49.13873001084158, -26.45996687560403], [-49.13872015224536, -26.459966747117413], [-49.138719243032035, -26.45996754212228], [-49.138719217077416, -26.45996915549329], [-49.13871294342518, -26.459969073728676], [-49.138712034211785, -26.459969868733495], [-49.138712008257066, -26.459971482104503], [-49.138705734604734, -26.45997140033956], [-49.13870482539127, -26.459972195344328], [-49.13870479943644, -26.459973808715322], [-49.1386904596595, -26.45997362182288], [-49.138689550445925, -26.459974416827546], [-49.138689511513356, -26.459976836884017], [-49.138676067972234, -26.459976661670947], [-49.13867515875854, -26.459977456675514], [-49.138675132803286, -26.459979070046487], [-49.13866885915068, -26.4599789882799], [-49.13866794993692, -26.459979783284417], [-49.13866792398156, -26.459981396655383], [-49.13866165032886, -26.459981314888477], [-49.13866074111503, -26.459982109892945], [-49.138660715159574, -26.459983723263896], [-49.13864279043733, -26.459983489642514], [-49.138641881223364, -26.459984284646847], [-49.13864185526764, -26.459985898017784], [-49.138635581614786, -26.459985816249727], [-49.13863467240075, -26.459986611254013], [-49.13863464644492, -26.45998822462494], [-49.13862837279196, -26.459988142856556], [-49.13862746357787, -26.459988937860793], [-49.13862743762194, -26.459990551231712], [-49.13862116396888, -26.459990469463], [-49.13862025475471, -26.4599912644672], [-49.13862022879868, -26.45999287783811], [-49.13860678525623, -26.45999270261842], [-49.13860587604195, -26.459993497622513], [-49.13860585008572, -26.459995110993415], [-49.13859957643249, -26.459995029223744], [-49.13859866721815, -26.459995824227786], [-49.13859862828364, -26.459998244284126], [-49.13859145839407, -26.45999815083268], [-49.13859054917965, -26.459998945836666], [-49.1385905232232, -26.460000559207547], [-49.13858783451456, -26.46000052416314], [-49.1385869253001, -26.460001319167105], [-49.13858689934359, -26.460002932537982], [-49.13857345580023, -26.46000275731509], [-49.13857254658565, -26.46000355231896], [-49.13857252062894, -26.460005165689832], [-49.138559077085425, -26.460004990465567], [-49.13855816787074, -26.46000578546934], [-49.138558141913826, -26.46000739884018], [-49.13855545320508, -26.460007363795157], [-49.13855454399035, -26.4600081587989], [-49.13855451803338, -26.460009772169748], [-49.13854824437955, -26.460009690397783], [-49.13854733516475, -26.46001048540147], [-49.138547309207674, -26.460012098772317], [-49.13854462049884, -26.46001206372709], [-49.13854371128401, -26.460012858730742], [-49.13854368532688, -26.460014472101584], [-49.13853293049137, -26.460014331920068], [-49.13853202127644, -26.460015126923647], [-49.138531995319155, -26.46001674029447], [-49.13852930661023, -26.460016705248943], [-49.138528397395255, -26.460017500252498], [-49.13852835845924, -26.460019920308742], [-49.13852566975026, -26.46001988526314], [-49.138524760535226, -26.460020680266666], [-49.13852473457783, -26.460022293637493], [-49.138518460923414, -26.460022211864185], [-49.138517551708325, -26.460023006867665], [-49.13851752575083, -26.460024620238478], [-49.13850766715089, -26.46002449173693], [-49.13850675793571, -26.46002528674034], [-49.138506731978055, -26.460026900111135], [-49.13849687337798, -26.460026771608835], [-49.138495964162715, -26.46002756661217], [-49.138495938204905, -26.460029179982964], [-49.13849324949575, -26.460029144936737], [-49.13849234028044, -26.460029939940046], [-49.13849231432258, -26.46003155331084], [-49.138485144431385, -26.46003145985395], [-49.138484235216005, -26.460032254857207], [-49.138484209258024, -26.460033868227978], [-49.138477935603134, -26.460033786452858], [-49.13847702638768, -26.460034581456064], [-49.1384770004296, -26.460036194826834], [-49.138467141828905, -26.460036066322434], [-49.13846623261337, -26.46003686132557], [-49.13846620665514, -26.460038474696336], [-49.138463517945816, -26.46003843964954], [-49.13846260873024, -26.46003923465264], [-49.13846256979281, -26.46004165470878], [-49.13845629613756, -26.46004157293268], [-49.13845538692191, -26.46004236793574], [-49.138455360963526, -26.460043981306484], [-49.13844908730818, -26.460043899530067], [-49.13844817809247, -26.460044694533078], [-49.138448152133975, -26.460046307903813], [-49.13844187847853, -26.460046226127076], [-49.138440969262746, -26.460047021130027], [-49.138440943304154, -26.46004863450077], [-49.138438254594625, -26.460048599453486], [-49.1384373453788, -26.460049394456412], [-49.138437319420156, -26.46005100782714], [-49.13843014952798, -26.460050914367425], [-49.13842924031208, -26.4600517093703], [-49.13842921435331, -26.46005332274103], [-49.13842294069756, -26.460053240963433], [-49.13842203148159, -26.46005403596625], [-49.13842200552273, -26.460055649336976], [-49.13841931681307, -26.460055614289328], [-49.13841840759706, -26.46005640929212], [-49.13841838163814, -26.460058022662842], [-49.13841210798218, -26.46005794088476], [-49.1384111987661, -26.460058735887504], [-49.138411172807075, -26.460060349258207], [-49.138408484097326, -26.460060314210352], [-49.13840757488121, -26.460061109213072], [-49.13840753594259, -26.460063529269135], [-49.13840484723278, -26.460063494221203], [-49.13840393801661, -26.460064289223894], [-49.13840391205748, -26.4600659025946], [-49.138401223347614, -26.4600658675466], [-49.1384003141314, -26.46006666254927], [-49.138400288172214, -26.460068275919973], [-49.1383975994623, -26.4600682408719], [-49.13839669024605, -26.460069035874543], [-49.13839666428681, -26.46007064924523], [-49.13838680568363, -26.460070520735133], [-49.138385896467284, -26.460071315737714], [-49.138385870507896, -26.46007292910839], [-49.138378700614574, -26.46007283564602], [-49.138377791398156, -26.460073630648534], [-49.13837776543865, -26.460075244019208], [-49.13837507672861, -26.46007520897071], [-49.13837416751215, -26.460076003973196], [-49.138374141552596, -26.460077617343863], [-49.1383714528425, -26.460077582295295], [-49.138370543626, -26.460078377297762], [-49.13837051766639, -26.460079990668422], [-49.138364244009395, -26.460079908888172], [-49.13836333479283, -26.460080703890586], [-49.138363308833114, -26.460082317261246], [-49.13836062012293, -26.460082282212465], [-49.13835971090632, -26.460083077214847], [-49.13835967196667, -26.460085497270835], [-49.13835339830942, -26.46008541549009], [-49.13835248909274, -26.46008621049243], [-49.138352424193044, -26.46009024391904], [-49.1383497354827, -26.46009020887005], [-49.13834882626595, -26.460091003872357], [-49.13834880030602, -26.460092617243], [-49.138346111595624, -26.46009258219393], [-49.13834520237883, -26.460093377196213], [-49.138345176418845, -26.460094990566844], [-49.1383424877084, -26.460094955517707], [-49.13834157849156, -26.460095750519976], [-49.13834151359148, -26.460099783946553], [-49.13833882488092, -26.460099748897346], [-49.13833791566402, -26.460100543899575], [-49.13833788970393, -26.460102157270207], [-49.13833520099332, -26.46010212222092], [-49.13833429177638, -26.46010291722313], [-49.13833421389594, -26.460107757335], [-49.138331525185215, -26.46010772228564], [-49.1383306159682, -26.460108517287818], [-49.138330590007996, -26.46011013065844], [-49.13832790129722, -26.460110095609007], [-49.13832699208016, -26.46011089061116], [-49.138326966119905, -26.460112503981783], [-49.138323381172135, -26.460112457249103], [-49.13832247195503, -26.460113252251222], [-49.13832244599472, -26.460114865621826], [-49.13831975728383, -26.460114830572234], [-49.13831884806669, -26.460115625574343], [-49.138318822106314, -26.460117238944942], [-49.138312548447495, -26.46011715716232], [-49.13831163923028, -26.460117952164367], [-49.1383116132698, -26.46011956553497], [-49.13830892455883, -26.460119530485173], [-49.13830801534158, -26.46012032548719], [-49.13830795044024, -26.460124358913678], [-49.138305261729165, -26.460124323863802], [-49.13830435251185, -26.460125118865793], [-49.138304326551264, -26.460126732236393], [-49.138298052891976, -26.460126650453105], [-49.13829714367459, -26.460127445455047], [-49.13829710473356, -26.46012986551093], [-49.13829441602237, -26.460129830460843], [-49.138293506804935, -26.460130625462757], [-49.13829348084419, -26.46013223883334], [-49.138290792132956, -26.460132203783186], [-49.13828988291548, -26.460132998785074], [-49.13828985695468, -26.46013461215565], [-49.138287168243394, -26.46013457710542], [-49.138286259025875, -26.46013537210729], [-49.138286233065024, -26.460136985477863], [-49.13828354435368, -26.46013695042756], [-49.13828263513613, -26.46013774542941], [-49.13828257023386, -26.460141778855828], [-49.138279881522415, -26.46014174380546], [-49.13827897230479, -26.460142538807265], [-49.13827894634383, -26.460144152177833], [-49.13827625763234, -26.460144117127395], [-49.138275348414666, -26.46014491212917], [-49.13827532245366, -26.46014652549974], [-49.13827173750493, -26.460146478765704], [-49.13827082828721, -26.460147273767465], [-49.13827080232613, -26.460148887138015], [-49.138264528665765, -26.460148805353196], [-49.13826361944798, -26.460149600354896], [-49.138263580506205, -26.460152020410725], [-49.13826089179456, -26.46015198535998], [-49.13825998257673, -26.46015278036166], [-49.13825991767362, -26.46015681378803], [-49.13825722896187, -26.46015677873721], [-49.138256319743974, -26.46015757373887], [-49.1382560082083, -26.460176934185327], [-49.13825331949608, -26.46017689913441], [-49.13825241027799, -26.460177694136036], [-49.13825234537456, -26.460181727562365], [-49.13824965666224, -26.460181692511366], [-49.13824874744408, -26.460182487512952], [-49.138248682540514, -26.460186520939274], [-49.13824599382808, -26.460186485888215], [-49.13824508460986, -26.460187280889766], [-49.13824505864837, -26.4601888942603], [-49.13824594190513, -26.46018971262926], [-49.13824863061764, -26.46018974768033], [-49.13824839696463, -26.460204268015058], [-49.138249280221515, -26.46020508638401], [-49.138251968934384, -26.46020512143504], [-49.13825190403086, -26.460209154861356], [-49.13825278728781, -26.460209973230285], [-49.1382554760008, -26.46021000828125], [-49.13825541109738, -26.46021404170757], [-49.1382562943544, -26.460214860076473], [-49.1382589830675, -26.460214895127383], [-49.13825882729954, -26.46022457535057], [-49.13825971055665, -26.460225393719465], [-49.13826239927001, -26.460225428770315], [-49.13826229542486, -26.460231882252437], [-49.138263178682045, -26.460232700621315], [-49.13826586739558, -26.46023273567211], [-49.138265802492455, -26.460236769098447], [-49.13826668574972, -26.46023758746731], [-49.13826937446336, -26.460237622518047], [-49.13826933552156, -26.46024004257385], [-49.13827021877887, -26.460240860942683], [-49.138273803730506, -26.460240907676912], [-49.13827373882764, -26.46024494110326], [-49.13827462208502, -26.46024575947207], [-49.13827731079886, -26.460245794522667], [-49.13827703820719, -26.460262734913325], [-49.13827792146472, -26.46026355328212], [-49.138280610178995, -26.460263588332687], [-49.13828038950978, -26.46027730198226], [-49.138281272767436, -26.460278120351045], [-49.138283961482045, -26.460278155401557], [-49.138283727832565, -26.4602926757364], [-49.13828461109035, -26.460293494105173], [-49.13828729980533, -26.460293529155642], [-49.13828727384431, -26.46029514252618], [-49.138288157102146, -26.46029596089493], [-49.13829084581718, -26.460295995945337], [-49.138290819856216, -26.46029760931588], [-49.13829170311409, -26.460298427684602], [-49.1382943918292, -26.460298462734947], [-49.13829436586827, -26.4603000761055], [-49.138295249126195, -26.46030089447421], [-49.13829793784136, -26.460300929524482], [-49.138297911880485, -26.460302542895025], [-49.138298795138454, -26.460303361263726], [-49.138301483853674, -26.460303396313947], [-49.138301457892844, -26.460305009684486], [-49.13830234115086, -26.460305828053155], [-49.138305029866146, -26.460305863103308], [-49.1383049519838, -26.46031070321497], [-49.13830583524187, -26.460311521583616], [-49.1383085239573, -26.460311556633712], [-49.13830842011432, -26.46031801011593], [-49.13830930337248, -26.460318828484564], [-49.13831199208808, -26.4603188635346], [-49.1383118493042, -26.460327737072653], [-49.138312732562454, -26.46032855544127], [-49.138315421278286, -26.46032859049125], [-49.13831526551427, -26.460338270714587], [-49.138316148772624, -26.460339089083188], [-49.1383340735466, -26.460339322748453], [-49.138334047586184, -26.46034093611902], [-49.13832777391518, -26.46034085433643], [-49.13832686469621, -26.460341649338467], [-49.13832683873569, -26.460343262709028], [-49.1383241500195, -26.460343227659237], [-49.13832324080048, -26.460344022661243], [-49.138323136958185, -26.460350476143486], [-49.138324020216686, -26.46035129451204], [-49.13833029388824, -26.460351376294835], [-49.13833025494752, -26.460353796350677], [-49.13833113820609, -26.460354614719193], [-49.138340996833165, -26.460354743234404], [-49.13834097087282, -26.460356356604983], [-49.1383418541315, -26.460357174973435], [-49.13834454284804, -26.46035721002291], [-49.13834451688775, -26.46035882339348], [-49.13834540014648, -26.460359641761926], [-49.138348088863076, -26.460359676811333], [-49.138348062902836, -26.460361290181904], [-49.13834894616159, -26.46036210855032], [-49.13835163487826, -26.460362143599667], [-49.13835160891807, -26.460363756970256], [-49.13835249217688, -26.460364575338648], [-49.13835518089361, -26.460364610387924], [-49.13835515493346, -26.46036622375852], [-49.138356038192306, -26.46036704212689], [-49.138358726909104, -26.46036707717611], [-49.138358700949, -26.460368690546694], [-49.1383595842079, -26.460369508915043], [-49.13836227292475, -26.460369543964198], [-49.13836220802461, -26.460373577390683], [-49.138363091283566, -26.46037439575902], [-49.13836578000054, -26.460374430808113], [-49.13836574106051, -26.460376850864], [-49.138366624319524, -26.460377669232315], [-49.13837289799267, -26.460377751013308], [-49.13837287203275, -26.46037936438391], [-49.13837375529183, -26.46038018275218], [-49.138377340248, -26.460380229484038], [-49.13837727534835, -26.460384262910548], [-49.13837815860749, -26.460385081278794], [-49.13838084732474, -26.46038511632762], [-49.138380821364926, -26.460386729698218], [-49.13838170462411, -26.460387548066464], [-49.138384393341425, -26.460387583115217], [-49.138384367381654, -26.460389196485824], [-49.138385250640894, -26.460390014854035], [-49.13838793935826, -26.460390049902728], [-49.13838791339854, -26.46039166327334], [-49.13838879665782, -26.46039248164153], [-49.13839148537525, -26.460392516690163], [-49.13839142047606, -26.46039655011669], [-49.1383923037354, -26.460397368484866], [-49.13839499245296, -26.460397403533435], [-49.138394953513505, -26.46039982358936], [-49.1383958367729, -26.46040064195751], [-49.13839852549053, -26.46040067700602], [-49.13839849953094, -26.460402290376646], [-49.13839938279038, -26.46040310874477], [-49.13840207150808, -26.46040314379322], [-49.13840204554854, -26.460404757163836], [-49.13840292880802, -26.460405575531958], [-49.13840561752578, -26.46040561058034], [-49.13840559156629, -26.46040722395096], [-49.138406474825814, -26.46040804231905], [-49.138409163543635, -26.460408077367365], [-49.13840913758418, -26.460409690737997], [-49.13841002084375, -26.460410509106072], [-49.138412709561635, -26.46041054415432], [-49.138412644663134, -26.46041457758089], [-49.138413527922765, -26.460415395948946], [-49.13841621664077, -26.46041543099714], [-49.13841619068142, -26.46041704436777], [-49.138417073941085, -26.460417862735806], [-49.138419762659154, -26.460417897783934], [-49.138419736699845, -26.460419511154576], [-49.13842061995956, -26.460420329522588], [-49.138423308677694, -26.460420364570652], [-49.138423230799894, -26.460425204682558], [-49.138424114059674, -26.460426023050555], [-49.13842769901737, -26.46042606978122], [-49.13842767305816, -26.46042768315186], [-49.138428556318, -26.460428501519832], [-49.13843124503634, -26.46042853656776], [-49.13843121907717, -26.460430149938404], [-49.13843210233705, -26.46043096830635], [-49.138434791055445, -26.460431003354216], [-49.13843476509633, -26.46043261672486], [-49.13843564835626, -26.4604334350928], [-49.13843833707471, -26.460433470140593], [-49.138438272177034, -26.46043750356721], [-49.13843915543702, -26.460438321935122], [-49.13844542911371, -26.4604384037131], [-49.138445403154726, -26.46044001708375], [-49.13844628641478, -26.46044083545163], [-49.138448975133436, -26.460440870499234], [-49.13844889725664, -26.460445710611197], [-49.138449780516765, -26.460446528979045], [-49.138452469235546, -26.460446564026594], [-49.138452443276655, -26.46044817739726], [-49.13845332653683, -26.46044899576509], [-49.13845601525568, -26.460449030812576], [-49.13845598929684, -26.460450644183233], [-49.13845687255704, -26.460451462551056], [-49.13846314623451, -26.460451544328293], [-49.138463042399515, -26.460457997810956], [-49.138463925659835, -26.46045881617873], [-49.13846661437893, -26.460458851226026], [-49.1384665105441, -26.460465304708688], [-49.1384673938045, -26.460466123076447], [-49.13847008252376, -26.46046615812369], [-49.13847004358576, -26.460468578179693], [-49.13847092684621, -26.460469396547428], [-49.13847361556556, -26.46046943159461], [-49.13847358960694, -26.460471044965278], [-49.138474472867436, -26.46047186333299], [-49.13847716158684, -26.46047189838011], [-49.13847701881467, -26.46048077191881], [-49.138467160176106, -26.460480643412417], [-49.138467186134825, -26.460479030041764], [-49.13846630287433, -26.46047821167399], [-49.138460029195414, -26.460478129896813], [-49.138460055154226, -26.460476516526157], [-49.138459171893814, -26.460475698158362], [-49.138456483174345, -26.460475663110902], [-49.138456509133206, -26.46047404974025], [-49.13845562587284, -26.460473231372422], [-49.13844576723503, -26.46047310286459], [-49.13844583213255, -26.460469069437984], [-49.13844494887229, -26.4604682510701], [-49.13844226015301, -26.46046821602238], [-49.13844233803017, -26.460463375910447], [-49.138441454769975, -26.460462557542545], [-49.13843159613316, -26.460462429033786], [-49.138431661031134, -26.4604583956072], [-49.13843077777106, -26.46045757723924], [-49.13842808905206, -26.460457542191268], [-49.138428115011294, -26.46045592882063], [-49.138427231751265, -26.460455110452653], [-49.13842364679268, -26.460455063721923], [-49.13842367275197, -26.460453450351295], [-49.138422789492, -26.460452631983284], [-49.13841651581462, -26.46045255020427], [-49.13841654177401, -26.460450936833652], [-49.138415658514106, -26.460450118465594], [-49.13841296979529, -26.46045008341735], [-49.13841299575473, -26.46044847004674], [-49.13841211249487, -26.46044765167867], [-49.138409423776125, -26.460447616630358], [-49.138409449735605, -26.460446003259733], [-49.13840856647579, -26.460445184891647], [-49.1384058777571, -26.460445149843277], [-49.13840591669641, -26.46044272978735], [-49.138405033436634, -26.46044191141924], [-49.138402344718024, -26.460441876370805], [-49.13840240961697, -26.460437842944277], [-49.13840152635726, -26.46043702457615], [-49.13839883763878, -26.460436989527658], [-49.13839890253783, -26.46043295610113], [-49.138398019278185, -26.46043213773298], [-49.13839533055982, -26.460432102684425], [-49.13839535651949, -26.460430489313822], [-49.13839447325988, -26.460429670945658], [-49.13839178454158, -26.460429635897032], [-49.13839181050129, -26.460428022526422], [-49.13839092724174, -26.46042720415824], [-49.1383882385235, -26.460427169109558], [-49.138388264483254, -26.46042555573895], [-49.13838738122374, -26.46042473737075], [-49.13838469250556, -26.460424702322], [-49.13838471846537, -26.46042308895141], [-49.13838383520589, -26.460422270583177], [-49.13838114648778, -26.46042223553437], [-49.13838118542756, -26.460419815478467], [-49.13838030216814, -26.46041899711023], [-49.1383776134501, -26.460418962061354], [-49.13837763941, -26.460417348690758], [-49.13837675615063, -26.460416530322494], [-49.13837317119334, -26.460416483590564], [-49.13837319715329, -26.460414870219967], [-49.13837231389397, -26.46041405185168], [-49.13836962517606, -26.460414016802662], [-49.13836965113607, -26.46041240343208], [-49.138368767876784, -26.46041158506377], [-49.13836607915894, -26.46041155001469], [-49.13836614405906, -26.460407516588216], [-49.138365260799844, -26.460406698219895], [-49.138362572082116, -26.46040666317075], [-49.138362598042214, -26.46040504980017], [-49.13836171478304, -26.46040423143181], [-49.13835902606537, -26.46040419638261], [-49.138359052025514, -26.46040258301203], [-49.13835816876638, -26.460401764643663], [-49.13835189509199, -26.460401682861956], [-49.138351921052234, -26.460400069491374], [-49.13835103779317, -26.460399251122972], [-49.13834834907564, -26.46039921607357], [-49.13834838801606, -26.460396796017704], [-49.13834750475706, -26.460395977649284], [-49.13834481603961, -26.460395942599817], [-49.13834390682029, -26.460396737601936], [-49.13834386787977, -26.46039915765779], [-49.13834117916225, -26.460399122608255], [-49.138340269942894, -26.460399917610346], [-49.138340127160674, -26.46040879114844], [-49.138341010419715, -26.460409609516912], [-49.13834369913748, -26.460409644566468], [-49.13834363423657, -26.460413677992875], [-49.138344517495675, -26.46041449636133], [-49.13834720621355, -26.460414531410823], [-49.13834714131275, -26.460418564837244], [-49.138348024571926, -26.460419383205682], [-49.13835071328992, -26.46041941825511], [-49.13835063540909, -26.460424258366817], [-49.13835151866832, -26.460425076735234], [-49.13835420738646, -26.460425111784605], [-49.13835414248587, -26.46042914521104], [-49.13835502574517, -26.460429963579436], [-49.138357714463424, -26.46042999862875], [-49.138357688503234, -26.460431611999322], [-49.13835857176257, -26.460432430367703], [-49.13836126048089, -26.460432465416957], [-49.13836119558053, -26.460436498843396], [-49.13836207883993, -26.460437317211756], [-49.138364767558365, -26.460437352260943], [-49.13836474159827, -26.460438965631514], [-49.13836562485771, -26.460439783999863], [-49.13836831357621, -26.460439819048986], [-49.138368196755955, -26.4604470792166], [-49.13836908001549, -26.460447897584917], [-49.13837176873418, -26.46044793263399], [-49.138371703834146, -26.46045196606044], [-49.138372587093734, -26.460452784428742], [-49.13837617205215, -26.460452831160747], [-49.13837602927235, -26.46046170469896], [-49.138376912532046, -26.46046252306724], [-49.13837960125109, -26.46046255811618], [-49.138379484431425, -26.460469818283816], [-49.138380367691205, -26.460470636652076], [-49.13838305641044, -26.460470671700968], [-49.13838291363106, -26.46047954523919], [-49.138383796890935, -26.460480363607438], [-49.138386485610404, -26.460480398656273], [-49.1383863298513, -26.460490078879793], [-49.13838721311128, -26.46049089724802], [-49.138389901831, -26.460490932296803], [-49.13838979799174, -26.460497385779153], [-49.1383906812518, -26.460498204147367], [-49.13839336997169, -26.460498239196095], [-49.138393136333676, -26.460512759531404], [-49.13839401959387, -26.460513577899594], [-49.138396708314126, -26.460513612948276], [-49.13839668235438, -26.46051522631887], [-49.13839756561462, -26.46051604468704], [-49.138403839295364, -26.460516126467066], [-49.13840381333572, -26.46051773983767], [-49.138404696596034, -26.46051855820581], [-49.13840738531641, -26.460518593254292], [-49.13840735935682, -26.460520206624892], [-49.13840824261717, -26.460521024993014], [-49.13841093133762, -26.460521060041433], [-49.13841086643874, -26.460525093467936], [-49.138411749699145, -26.460525911836033], [-49.138414438419716, -26.460525946884392], [-49.13841441246021, -26.460527560255002], [-49.13841529572066, -26.46052837862308], [-49.1384179844413, -26.460528413671383], [-49.13841778974528, -26.460540513950907], [-49.13841510102437, -26.46054047890259], [-49.1384141918043, -26.46054127390511], [-49.13841416584477, -26.460542887275714], [-49.13841504910533, -26.460543705643794], [-49.13841773782632, -26.460543740692113], [-49.13841771186685, -26.460545354062724], [-49.138418595127455, -26.460546172430785], [-49.1384212838485, -26.460546207479045], [-49.13842125788907, -26.460547820849648], [-49.13842214114972, -26.4605486392177], [-49.1384257261112, -26.460548685948616], [-49.13842570015183, -26.460550299319216], [-49.13842658341253, -26.46055111768723], [-49.13842927213371, -26.46055115273535], [-49.13842920723538, -26.460555186161887], [-49.13842651851411, -26.46055515111377], [-49.13842560929399, -26.460555946116347], [-49.13842549247674, -26.460563206284075], [-49.13842637573753, -26.460564024652097], [-49.13842906445901, -26.460564059700232], [-49.138429038499666, -26.46056567307085], [-49.138429921760505, -26.460566491438847], [-49.13843261048204, -26.46056652648692], [-49.13843258452274, -26.460568139857525], [-49.13843346778362, -26.460568958225515], [-49.13843615650523, -26.460568993273526], [-49.13843613054597, -26.460570606644133], [-49.13843701380689, -26.4605714250121], [-49.138439702528565, -26.460571460060045], [-49.138439676569355, -26.460573073430663], [-49.13844055983032, -26.4605738917986], [-49.13844324855205, -26.460573926846482], [-49.13844322259289, -26.460575540217103], [-49.13844410585391, -26.460576358585026], [-49.1384467945757, -26.46057639363285], [-49.138446716698354, -26.460581233744712], [-49.13844759995943, -26.460582052112613], [-49.13845028868136, -26.460582087160365], [-49.13845006802919, -26.460595800810655], [-49.138450951290395, -26.46059661917855], [-49.13845364001266, -26.46059665422626], [-49.138453614053624, -26.46059826759689], [-49.13845449731488, -26.46059908596476], [-49.13845718603721, -26.460599121012404], [-49.138457108160225, -26.460603961124285], [-49.13845799142155, -26.460604779492137], [-49.13846068014402, -26.460604814539728], [-49.1384605763082, -26.460611268022237], [-49.13846145956959, -26.46061208639007], [-49.13846414829224, -26.460612121437602], [-49.13846408339496, -26.460616154864177], [-49.13846496665642, -26.46061697323199], [-49.13846765537919, -26.460617008279467], [-49.13846759048201, -26.460621041706037], [-49.13846847374353, -26.46062186007385], [-49.138471162466416, -26.46062189512126], [-49.13847096777517, -26.460633995400997], [-49.13847185103681, -26.460634813768774], [-49.138474539760004, -26.460634848816138], [-49.13847439698661, -26.460643722354632], [-49.13847528024835, -26.460644540722388], [-49.13847886521292, -26.460644587452126], [-49.13847878733668, -26.46064942756404], [-49.138479670598485, -26.460650245931774], [-49.13848235932205, -26.460650280979014], [-49.13848233336334, -26.460651894349645], [-49.138483216625204, -26.460652712717373], [-49.13848949031366, -26.46065279449403], [-49.13848917881026, -26.460672154941726], [-49.13849006207231, -26.460672973309414], [-49.138492750796416, -26.460673008356483], [-49.13849264696207, -26.46067946183905], [-49.1384935302242, -26.460680280206713], [-49.138496218948475, -26.46068031525373], [-49.13849598532151, -26.460694835589518], [-49.13849686858378, -26.460695653957163], [-49.13849955730842, -26.460695689004133], [-49.13849949241214, -26.46069972243074], [-49.13850037567446, -26.460700540798374], [-49.138503064399224, -26.460700575845284], [-49.13850296056533, -26.460707029327864], [-49.138503843827735, -26.460707847695478], [-49.138506532552675, -26.460707882742327], [-49.13850650659424, -26.460709496112983], [-49.13850738985669, -26.460710314480572], [-49.138510078581696, -26.460710349527364], [-49.138510013685725, -26.460714382953988], [-49.13851089694824, -26.46071520132157], [-49.13851358567336, -26.46071523636829], [-49.13851350779833, -26.46072007648025], [-49.13851439106091, -26.460720894847807], [-49.13851707978616, -26.460720929894475], [-49.13851701489041, -26.460724963321116], [-49.13851789815305, -26.460725781688645], [-49.13852058687843, -26.460725816735255], [-49.1385204830454, -26.460732270217886], [-49.13852136630812, -26.4607330885854], [-49.13852405503366, -26.460733123631957], [-49.138523990138125, -26.460737157058603], [-49.1385248734009, -26.460737975426106], [-49.13852756212657, -26.4607380104726], [-49.13852752318931, -26.46074043052859], [-49.138528406452146, -26.46074124889607], [-49.13853199141981, -26.46074129562464], [-49.138531965461695, -26.460742908995297], [-49.13853284872457, -26.460743727362757], [-49.13853553745039, -26.46074376240911], [-49.13853543361811, -26.460750215891764], [-49.13853631688107, -26.460751034259207], [-49.13853900560706, -26.460751069305505], [-49.13853886283789, -26.460759942844163], [-49.13853974610094, -26.46076076121159], [-49.13854243482716, -26.46076079625783], [-49.13854235695318, -26.460765636369835], [-49.1385432402163, -26.460766454737232], [-49.13854592894267, -26.46076648978342], [-49.13854590298472, -26.460768103154088], [-49.13854678624788, -26.460768921521474], [-49.1385494749743, -26.4607689565676], [-49.1385494490164, -26.46077056993827], [-49.13855033227961, -26.46077138830563], [-49.138553021006096, -26.46077142335169], [-49.138552956111454, -26.46077545677838], [-49.13855383937472, -26.46077627514573], [-49.138556528101326, -26.46077631019172], [-49.13855637235443, -26.460785990415783], [-49.1385572556178, -26.460786808783112], [-49.13855994434465, -26.460786843829055], [-49.13855987945021, -26.460790877255743], [-49.138560762713645, -26.460791695623055], [-49.13856345144062, -26.460791730668934], [-49.138563425482886, -26.460793344039626], [-49.13856430874636, -26.46079416240691], [-49.1385669974734, -26.46079419745273], [-49.13856689364264, -26.460800650935465], [-49.13856777690619, -26.460801469302734], [-49.13857046563341, -26.460801504348495], [-49.13857043967576, -26.46080311771918], [-49.138571322939356, -26.460803936086435], [-49.138574011666634, -26.46080397113214], [-49.13857393379383, -26.460808811244195], [-49.138574817057496, -26.460809629611425], [-49.13857750578491, -26.46080966465707], [-49.138577479827354, -26.460811278027762], [-49.138578363091064, -26.46081209639497], [-49.138581948061024, -26.4608121431224], [-49.138581922103526, -26.46081375649309], [-49.13858280536729, -26.460814574860287], [-49.138585494094826, -26.460814609905782], [-49.138585390265014, -26.46082106338857], [-49.138582701537324, -26.460821028343062], [-49.13858179231601, -26.46082182334655], [-49.13858163657092, -26.46083150357069], [-49.1385825198348, -26.460832321937886], [-49.138585208562745, -26.460832356983406], [-49.138585143669054, -26.460836390410137], [-49.138586026933005, -26.460837208777313], [-49.13858871566107, -26.460837243822773], [-49.138588689703646, -26.46083885719347], [-49.13858957296763, -26.460839675560628], [-49.13859226169577, -26.460839710606027], [-49.1385921968023, -26.46084374403276], [-49.13859308006636, -26.460844562399902], [-49.13859576879461, -26.460844597445238], [-49.13859566496523, -26.46085105092803], [-49.13859297623683, -26.46085101588268], [-49.138592067015324, -26.46085181088623], [-49.13859198914312, -26.460856650998316], [-49.138592872407266, -26.460857469365457], [-49.13859556113581, -26.460857504410818], [-49.13859553517845, -26.460859117781506], [-49.13859641844264, -26.460859936148637], [-49.13859910717125, -26.46085997119393], [-49.13859908121394, -26.46086158456463], [-49.138599964478175, -26.46086240293173], [-49.138606238178426, -26.460862484703863], [-49.138606212221205, -26.460864098074566], [-49.13860709548552, -26.46086491644163], [-49.13861336918592, -26.460864998213456], [-49.138613343228805, -26.460866611584166], [-49.13861422649318, -26.46086742995119], [-49.138616915221995, -26.46086746499616], [-49.13861681139369, -26.460873918479006], [-49.13861412266473, -26.460873883434026], [-49.13861321344318, -26.46087467843771], [-49.138613174507476, -26.460877098493768], [-49.138614057771925, -26.460877916860795], [-49.13861674650098, -26.460877951905776], [-49.13861668160826, -26.460881985332556], [-49.13861756487277, -26.460882803699562], [-49.13862025360194, -26.460882838744478], [-49.1386200719026, -26.46089413233946], [-49.138617383173155, -26.460894097294513], [-49.138616473951465, -26.460894892298214], [-49.13861644799435, -26.460896505668913], [-49.138613759264864, -26.4608964706239], [-49.138612850043124, -26.46089726562757], [-49.13861281110737, -26.46089968568362], [-49.13860653740509, -26.460899603911678], [-49.13860562818327, -26.460900398915296], [-49.13860560222601, -26.46090201228599], [-49.13859932852362, -26.460901930513725], [-49.138598419301736, -26.46090272551729], [-49.13859839334437, -26.460904338887982], [-49.13859570461472, -26.460904303842618], [-49.1385947953928, -26.46090509884616], [-49.13859476943538, -26.46090671221684], [-49.138592080705685, -26.460906677171405], [-49.13859117148372, -26.46090747217492], [-49.13859114552625, -26.4609090855456], [-49.138584871823525, -26.460909003772674], [-49.13858396260149, -26.460909798776136], [-49.13858393664391, -26.46091141214682], [-49.13857676669783, -26.460911318691657], [-49.13857585747573, -26.460912113695066], [-49.13857583151803, -26.460913727065723], [-49.1385731427882, -26.460913692019925], [-49.13857223356606, -26.460914487023317], [-49.13857220760831, -26.460916100393973], [-49.138562348932126, -26.460915971892202], [-49.13856143970989, -26.46091676689551], [-49.138561413751994, -26.460918380266165], [-49.13855155507567, -26.460918251763633], [-49.13855158103372, -26.46091663839299], [-49.13855069776945, -26.46091582002559], [-49.13854800903962, -26.460915784979314], [-49.138548034997704, -26.46091417160868], [-49.13854715173348, -26.460913353241253], [-49.138540878030696, -26.460913271466385], [-49.138540903988876, -26.46091165809576], [-49.13854002072473, -26.4609108397283], [-49.138537331995025, -26.460910804681827], [-49.138537357953254, -26.460909191311192], [-49.138536474689154, -26.460908372943713], [-49.13853378595951, -26.460908337897173], [-49.1385338508552, -26.460904304470606], [-49.13853296759115, -26.460903486103113], [-49.13853027886164, -26.460903451056517], [-49.13853051248643, -26.460888930720873], [-49.138529629222525, -26.46088811235336], [-49.13852604425031, -26.4608880656245], [-49.138525135028075, -26.460888860627577], [-49.1385251090697, -26.46089047399821], [-49.138511665423714, -26.46089029876407], [-49.13851180819578, -26.4608814252257], [-49.13851092493207, -26.460880606858087], [-49.138508236203116, -26.460880571811106], [-49.138508430892564, -26.460868471531516], [-49.13850754762897, -26.460867653163874], [-49.13850485890032, -26.46086761811685], [-49.13850496273484, -26.460861164634405], [-49.138504079471325, -26.460860346266752], [-49.13850139074285, -26.460860311219665], [-49.138501455639535, -26.460856277793148], [-49.138500572376074, -26.460855459425474], [-49.13849788364772, -26.46085542437833], [-49.138497909606436, -26.46085381100772], [-49.13849702634303, -26.46085299264002], [-49.13849433761474, -26.46085295759282], [-49.13849441549102, -26.460848117481003], [-49.13849353222768, -26.460847299113293], [-49.13849084349952, -26.460847264066025], [-49.138490947334724, -26.460840810583623], [-49.13849006407147, -26.46083999221588], [-49.13848737534349, -26.460839957168556], [-49.13848747917885, -26.460833503686167], [-49.138486595915666, -26.460832685318415], [-49.13848390718786, -26.460832650271033], [-49.138483933146745, -26.460831036900434], [-49.138483049883604, -26.46083021853267], [-49.138480361155864, -26.460830183485225], [-49.13848040009426, -26.46082776342933], [-49.13847951683117, -26.460826945061537], [-49.13847682810351, -26.460826910014035], [-49.13847697087785, -26.460818036475768], [-49.13847608761486, -26.46081721810796], [-49.13847250264495, -26.46081717137787], [-49.138472567542514, -26.460813137951387], [-49.13847168427959, -26.460812319583557], [-49.13846899555228, -26.460812284535915], [-49.13846902151135, -26.460810671165337], [-49.13846813824846, -26.460809852797485], [-49.13846544952122, -26.460809817749787], [-49.13846552739856, -26.46080497763802], [-49.138464644135745, -26.46080415927015], [-49.13846195540864, -26.460804124222395], [-49.13846209818398, -26.460795250684182], [-49.138461214921264, -26.46079443231629], [-49.138458526194384, -26.46079439726848], [-49.138458591092366, -26.460790363842012], [-49.13845770782971, -26.460789545474118], [-49.138455019102956, -26.460789510426245], [-49.138455084001045, -26.460785476999792], [-49.138454200738444, -26.460784658631866], [-49.138451512011805, -26.460784623583933], [-49.138451628828555, -26.460777363416327], [-49.13845074556604, -26.46077654504838], [-49.13844805683959, -26.460776510000397], [-49.138448121737895, -26.460772476573947], [-49.13844723847544, -26.46077165820599], [-49.13844454974912, -26.460771623157942], [-49.13844457570848, -26.460770009787364], [-49.138443692446074, -26.460769191419388], [-49.138441003719805, -26.460769156371278], [-49.138441068618334, -26.460765122944842], [-49.13844018535598, -26.46076430457685], [-49.13843749662984, -26.460764269528678], [-49.138437574508195, -26.46075942941696], [-49.138436691245914, -26.46075861104894], [-49.13843400251991, -26.460758576000714], [-49.138434106357884, -26.46075212251843], [-49.13843322309568, -26.4607513041504], [-49.13843053436985, -26.460751269102115], [-49.13843056032938, -26.46074965573155], [-49.13842967706722, -26.460748837363482], [-49.13842698834146, -26.460748802315138], [-49.13842705324041, -26.46074476888873], [-49.13842616997832, -26.460743950520655], [-49.138423481252666, -26.460743915472246], [-49.138423598070965, -26.46073665530471], [-49.138422714808954, -26.46073583693662], [-49.13841912984168, -26.46073579020532], [-49.13841915580136, -26.460734176834762], [-49.1384182725394, -26.460733358466648], [-49.138415583814, -26.4607333234181], [-49.13841564871331, -26.460729289991704], [-49.13841476545141, -26.460728471623575], [-49.13841207672614, -26.460728436574968], [-49.13841218056519, -26.46072198309274], [-49.13841129730338, -26.46072116472458], [-49.138408608578274, -26.46072112967592], [-49.13840863453808, -26.460719516305364], [-49.13840775127631, -26.460718697937196], [-49.13840506255127, -26.46071866288847], [-49.13840514043083, -26.460713822776814], [-49.13840425716912, -26.46071300440862], [-49.138401568444216, -26.460712969359836], [-49.138401594404115, -26.460711355989286], [-49.13840071114245, -26.460710537621072], [-49.13839802241762, -26.46071050257223], [-49.13839812625738, -26.460704049090037], [-49.138397242995794, -26.4607032307218], [-49.13839455427113, -26.4607031956729], [-49.13839461917108, -26.460699162246538], [-49.13839373590956, -26.460698343878292], [-49.13839104718501, -26.460698308829322], [-49.138391073145044, -26.460696695458793], [-49.13839018988356, -26.460695877090515], [-49.13838750115908, -26.460695842041485], [-49.13838752711915, -26.460694228670953], [-49.13838664385772, -26.46069341030266], [-49.1383839551333, -26.460693375253573], [-49.13838403301366, -26.46068853514195], [-49.138383149752286, -26.46068771677364], [-49.13838046102801, -26.460687681724497], [-49.13838052592841, -26.460683648298154], [-49.1383796426671, -26.460682829929826], [-49.13837695394294, -26.460682794880622], [-49.13837701884345, -26.46067876145428], [-49.1383761355822, -26.460677943085933], [-49.138373446858154, -26.460677908036665], [-49.13837351175878, -26.46067387461034], [-49.13837262849759, -26.460673056241973], [-49.138369043532364, -26.46067300950952], [-49.1383692382346, -26.460660909230544], [-49.13836835497354, -26.460660090862152], [-49.138365666249925, -26.460660055812763], [-49.138365731150756, -26.460656022386445], [-49.13836484788976, -26.46065520401804], [-49.13836215916627, -26.460655168968586], [-49.13836218512665, -26.46065355559805], [-49.13836130186569, -26.46065273722963], [-49.138355028177685, -26.46065265544734], [-49.13835514499982, -26.46064539528], [-49.138354261738975, -26.460644576911537], [-49.13835157301575, -26.4606445418619], [-49.13835159897626, -26.460642928491374], [-49.138350715715454, -26.460642110122894], [-49.13834802699228, -26.460642075073192], [-49.138348169775355, -26.460633201535337], [-49.13834728651465, -26.460632383166843], [-49.138344597791715, -26.460632348117084], [-49.13834462375231, -26.460630734746573], [-49.13834374049165, -26.460629916378043], [-49.138341051768776, -26.46062988132822], [-49.138341168591666, -26.460622621160912], [-49.13834028533109, -26.460621802792385], [-49.13833759660841, -26.460621767742506], [-49.13833773939215, -26.460612894204687], [-49.138336856131666, -26.46061207583613], [-49.13833416740922, -26.460612040786202], [-49.13833427125209, -26.460605587304155], [-49.138333387991686, -26.460604768935582], [-49.13833069926942, -26.4606047338856], [-49.138330777151694, -26.460599893774074], [-49.13832989389135, -26.460599075405487], [-49.13832720516922, -26.460599040355444], [-49.13832727007122, -26.46059500692917], [-49.13832638681095, -26.460594188560556], [-49.13832369808893, -26.460594153510453], [-49.13832372404978, -26.460592540139956], [-49.13832284078955, -26.460591721771326], [-49.13832015206759, -26.460591686721155], [-49.13832025591116, -26.460585233239144], [-49.138319372651004, -26.460584414870493], [-49.138315787688626, -26.460584368136846], [-49.13831581364958, -26.460582754766357], [-49.13831493038948, -26.460581936397684], [-49.138312241667755, -26.46058190134738], [-49.13831243637516, -26.46056980106864], [-49.13831155311517, -26.460568982699947], [-49.138308864393764, -26.460568947649595], [-49.13830900717938, -26.460560074111857], [-49.138308123919494, -26.46055925574315], [-49.13830543519831, -26.46055922069274], [-49.138305461159376, -26.460557607322254], [-49.13830457789953, -26.46055678895353], [-49.138301889178415, -26.46055675390306], [-49.13830192812008, -26.46055433384732], [-49.138301044860285, -26.460553515478576], [-49.13829835613925, -26.460553480428047], [-49.13829838210041, -26.46055186705755], [-49.13829749884066, -26.460551048688785], [-49.13829481011968, -26.460551013638188], [-49.13829491396447, -26.460544560156233], [-49.138294030704806, -26.460543741787454], [-49.13829134198401, -26.460543706736804], [-49.13829144582896, -26.460537253254852], [-49.13829056256937, -26.460536434886055], [-49.138287873848746, -26.460536399835345], [-49.13828789981003, -26.46053478646486], [-49.13828701655048, -26.460533968096037], [-49.13828432782992, -26.460533933045262], [-49.13828444465588, -26.460526672878096], [-49.13828356139641, -26.460525854509257], [-49.13828087267605, -26.460525819458432], [-49.13828101546354, -26.460516945920777], [-49.13828013220417, -26.460516127551923], [-49.138277443484036, -26.460516092501045], [-49.13827750838754, -26.460512059074844], [-49.13827662512824, -26.460511240705973], [-49.138273936408225, -26.46051120565504], [-49.13827401429255, -26.46050636554359], [-49.138273131033316, -26.460505547174694], [-49.138270442313434, -26.4605055121237], [-49.138270468274925, -26.46050389875322], [-49.13826958501573, -26.460503080384314], [-49.13826600005598, -26.460503033649548], [-49.13826610390216, -26.460496580167657], [-49.13826522064305, -26.460495761798725], [-49.13826253192341, -26.460495726747588], [-49.13826259682738, -26.46049169332141], [-49.138261713568326, -26.460490874952455], [-49.13825902484881, -26.460490839901265], [-49.1382591027337, -26.46048599978985], [-49.138258219474714, -26.460485181420882], [-49.13825553075533, -26.460485146369628], [-49.138255595659516, -26.460481112943462], [-49.138254712400595, -26.460480294574463], [-49.138252023681325, -26.460480259523155], [-49.13825212752819, -26.46047380604129], [-49.13825124426934, -26.460472987672283], [-49.138248555550256, -26.460472952620915], [-49.13824865939727, -26.460466499139056], [-49.138247776138506, -26.460465680770028], [-49.1382450874196, -26.460465645718607], [-49.13824520424767, -26.460458385551515], [-49.13824432098899, -26.46045756718247], [-49.138241632270265, -26.460457532130985], [-49.138241697174855, -26.460453498704837], [-49.138240813916234, -26.460452680335777], [-49.13823812519763, -26.46045264528423], [-49.13823822904514, -26.4604461918024], [-49.1382373457866, -26.460445373433323], [-49.138234657068175, -26.460445338381717], [-49.13823473495393, -26.46044049827034], [-49.13823385169545, -26.46043967990124], [-49.13823116297717, -26.460439644849586], [-49.138231227882066, -26.46043561142345], [-49.13823034462366, -26.460434793054326], [-49.138224070947935, -26.46043471126691], [-49.13822413585307, -26.46043067784079], [-49.13822325259475, -26.460429859471624], [-49.13822056387671, -26.460429824419784], [-49.138220628781944, -26.460425790993668], [-49.138219745523685, -26.46042497262448], [-49.13821705680576, -26.460424937572583], [-49.1382170827679, -26.460423324202132], [-49.138216199509685, -26.460422505832934], [-49.138212614552536, -26.46042245909696], [-49.13821264051474, -26.460420845726528], [-49.13821175725657, -26.4604200273573], [-49.13820906853877, -26.460419992305255], [-49.13820914642551, -26.46041515219393], [-49.138208263167414, -26.46041433382469], [-49.13820557444975, -26.460414298772584], [-49.138205717242315, -26.46040542523517], [-49.13820483398431, -26.460404606865918], [-49.13819856031032, -26.460404525077465], [-49.13819858627269, -26.46040291170704], [-49.13819770301476, -26.460402093337727], [-49.138191429340935, -26.46040201154897], [-49.13819145530341, -26.460400398178553], [-49.13819057204554, -26.46039957980921], [-49.13818429837187, -26.460399498020145], [-49.138184493091096, -26.46038739774198], [-49.138183609833376, -26.460386579372603], [-49.1381809211164, -26.460386544320063], [-49.1381809860229, -26.46038251089401], [-49.13818010276525, -26.460381692524617], [-49.13817382909259, -26.460381610735144], [-49.13817385505528, -26.460379997364726], [-49.138172971797694, -26.460379178995286], [-49.1381666981252, -26.46037909720551], [-49.138165788904864, -26.460379892206436], [-49.13816576294206, -26.460381505576855], [-49.13815500807476, -26.460381365365084], [-49.138154098854336, -26.46038216036593], [-49.13815407289136, -26.460383773736318], [-49.13815138417449, -26.460383738683234], [-49.13815047495403, -26.460384533684067], [-49.138150448991, -26.46038614705445], [-49.13814776027408, -26.46038611200129], [-49.13814685105357, -26.460386907002086], [-49.138146825090494, -26.46038852037248], [-49.13814055141758, -26.46038843858153], [-49.138139642197004, -26.460389233582276], [-49.138139616233815, -26.46039084695265], [-49.13812975760481, -26.46039071842338], [-49.13812884838414, -26.46039151342406], [-49.1381288224208, -26.460393126794433], [-49.13812254874771, -26.460393045002675], [-49.13812163952698, -26.460393840003295], [-49.13812160058182, -26.460396260058843], [-49.13811891186471, -26.460396225005127], [-49.13811800264393, -26.46039702000573], [-49.138117976680434, -26.46039863337609], [-49.13811528796328, -26.460398598322307], [-49.13811437874246, -26.460399393322874], [-49.138114352778906, -26.460401006693225], [-49.138107182866364, -26.46040091321616], [-49.13810627364548, -26.460401708216683], [-49.13810624768181, -26.460403321587023], [-49.13810355896456, -26.460403286533015], [-49.138102649743615, -26.460404081533497], [-49.13810262377991, -26.460405694903844], [-49.138099935062606, -26.460405659849766], [-49.138099025841626, -26.46040645485023], [-49.13809899987786, -26.460408068220577], [-49.13809272620406, -26.46040798642747], [-49.13809181698301, -26.460408781427873], [-49.138091791019136, -26.460410394798203], [-49.138085517345225, -26.460410313004772], [-49.13808460812412, -26.460411108005136], [-49.13808458216015, -26.46041272137547], [-49.13808189344271, -26.460412686321042], [-49.13808098422155, -26.460413481321375], [-49.138080958257525, -26.4604150946917], [-49.13807468458341, -26.460415012897784], [-49.13807377536218, -26.46041580789807], [-49.13807373641598, -26.460418227953543], [-49.138067462741716, -26.4604181461593], [-49.138066553520424, -26.460418941159535], [-49.13806652755619, -26.46042055452984], [-49.138063838838605, -26.460420519475058], [-49.13806292961727, -26.46042131447527], [-49.13806290365297, -26.460422927845574], [-49.13806021493534, -26.460422892790724], [-49.13805930571395, -26.46042368779091], [-49.13805927974961, -26.46042530116122], [-49.13805659103193, -26.46042526610629], [-49.138055681810506, -26.460426061106453], [-49.13805565584611, -26.460427674476744], [-49.13804131601824, -26.460427487516185], [-49.13804040679669, -26.46042828251625], [-49.13804038083208, -26.460429895886534], [-49.13803769211432, -26.46042986083125], [-49.13803678289274, -26.460430655831274], [-49.13803671798107, -26.46043468925697], [-49.13803044430605, -26.460434607461053], [-49.13802953508438, -26.460435402461037], [-49.13802950911961, -26.460437015831307], [-49.13801606553009, -26.460436840553307], [-49.138015156308306, -26.46043763555319], [-49.138015117360844, -26.46044005560858], [-49.13801242864288, -26.460440020552802], [-49.13801151942105, -26.460440815552655], [-49.13801149345603, -26.460442428922917], [-49.138008804738014, -26.46044239386708], [-49.13800789551613, -26.4604431888669], [-49.13800786955105, -26.460444802237145], [-49.138005180833, -26.460444767181226], [-49.138004271611074, -26.460445562181043], [-49.13800424564594, -26.46044717555128], [-49.137997075730986, -26.460447082068537], [-49.137996166509005, -26.46044787706829], [-49.13799614054375, -26.46044949043853], [-49.13798986686807, -26.460449408640784], [-49.137988957646016, -26.460450203640484], [-49.13798889273263, -26.460454237066056], [-49.137986204014375, -26.460454202009775], [-49.13798529479225, -26.460454997009453], [-49.137985268826846, -26.460456610379673], [-49.137986152083585, -26.460457428750225], [-49.1379888408019, -26.460457463806513], [-49.13798881483655, -26.460459077176743], [-49.13798969809332, -26.460459895547277], [-49.138007622882675, -26.46046012925449], [-49.13800853210469, -26.460459334254672], [-49.138008558069785, -26.46045772088442], [-49.138014831745984, -26.460457802681365], [-49.13801574096793, -26.460457007681498], [-49.13801576693292, -26.460455394311243], [-49.138022040609016, -26.46045547610786], [-49.1380229498309, -26.46045468110794], [-49.138022975795785, -26.460453067737692], [-49.13804000434498, -26.460453289755574], [-49.13804091356673, -26.460452494755536], [-49.138040939531365, -26.460450881385253], [-49.1380472132073, -26.460450963180758], [-49.13804812242899, -26.46045016818066], [-49.138048148393516, -26.460448554810377], [-49.138050837111734, -26.46044858986549], [-49.138051746333375, -26.46044779486537], [-49.13805177229785, -26.46044618149509], [-49.13806252717054, -26.46044632171494], [-49.13806343639209, -26.46044552671474], [-49.1380634623564, -26.460443913344445], [-49.13808407586219, -26.460444182096747], [-49.138084010952134, -26.460448215522543], [-49.13808132223387, -26.46044818046806], [-49.138080413012425, -26.46044897546837], [-49.13808038704835, -26.460450588838693], [-49.138074113372305, -26.460450507044648], [-49.138073204150786, -26.46045130204491], [-49.1380731781866, -26.460452915415225], [-49.138070489468255, -26.460452880360528], [-49.138069580246686, -26.460453675360768], [-49.13806955428246, -26.460455288731062], [-49.13806686556406, -26.460455253676297], [-49.13806595634245, -26.46045604867651], [-49.13806593037816, -26.460457662046814], [-49.138063241659715, -26.460457626991975], [-49.13806233243806, -26.46045842199216], [-49.13806230647373, -26.460460035362463], [-49.138059617755225, -26.460460000307553], [-49.13805870853353, -26.46046079530771], [-49.13805866958695, -26.460463215363156], [-49.13805149967077, -26.46046312188309], [-49.138050590449005, -26.4604639168832], [-49.138050564484494, -26.460465530253483], [-49.138047875765885, -26.46046549519834], [-49.138046966544074, -26.460466290198422], [-49.13804690163266, -26.46047032362413], [-49.13804421291395, -26.460470288568914], [-49.13804330369207, -26.460471083568965], [-49.13804327772745, -26.460472696939238], [-49.13803700405034, -26.460472615143498], [-49.138036094828394, -26.460473410143514], [-49.13803606886368, -26.460475023513773], [-49.13803338014487, -26.460474988458348], [-49.13803247092288, -26.460475783458335], [-49.13803244495811, -26.460477396828598], [-49.13802975623925, -26.46047736177311], [-49.13802884701722, -26.460478156773064], [-49.13802873017547, -26.460485416939225], [-49.138026041456435, -26.460485381883654], [-49.13802513223431, -26.46048617688357], [-49.138025106269424, -26.460487790253833], [-49.13801883259157, -26.46048770845725], [-49.13801792336938, -26.460488503457128], [-49.13801789740439, -26.460490116827366], [-49.13801162372642, -26.460490035030464], [-49.13801071450417, -26.460490830030306], [-49.13801064959143, -26.460494863455896], [-49.1380079608722, -26.460494828399977], [-49.138007051649886, -26.460495623399773], [-49.13800702568473, -26.460497236770014], [-49.13799627080765, -26.46049709654573], [-49.13799536158523, -26.460497891545447], [-49.13799533561992, -26.46049950491567], [-49.13799264690061, -26.460499469859442], [-49.13799173767815, -26.46050026485914], [-49.13799167276472, -26.460504298284697], [-49.1379889840453, -26.460504263228405], [-49.137988074822786, -26.460505058228062], [-49.13798803587465, -26.460507478283393], [-49.13798176219585, -26.460507396485134], [-49.13798085297326, -26.460508191484745], [-49.13798078805942, -26.46051222491026], [-49.13797809933984, -26.460512189853755], [-49.137977190117184, -26.46051298485334], [-49.13797716415159, -26.460514598223547], [-49.13797447543196, -26.460514563166974], [-49.13797356620926, -26.460515358166532], [-49.13797354024362, -26.460516971536734], [-49.1379636816048, -26.460516842995432], [-49.13796277238202, -26.46051763799493], [-49.13796274641622, -26.460519251365117], [-49.137960057696496, -26.460519216308263], [-49.137959148473676, -26.460520011307725], [-49.13795912250782, -26.460521624677913], [-49.137956433788055, -26.46052158962098], [-49.13795552456518, -26.460522384620425], [-49.13795549859928, -26.460523997990602], [-49.13795280987946, -26.460523962933603], [-49.13795190065654, -26.46052475793302], [-49.137951874690586, -26.460526371303196], [-49.137944704770945, -26.460526277817564], [-49.137943795547955, -26.460527072816923], [-49.13794375659885, -26.46052949287218], [-49.13793748291903, -26.46052941107191], [-49.13793657369597, -26.460530206071216], [-49.13793650878053, -26.460534239496617], [-49.137933820060496, -26.46053420443925], [-49.13793291083737, -26.46053499943853], [-49.13793288487115, -26.46053661280869], [-49.13792302623088, -26.4605364842645], [-49.13792211700766, -26.460537279263708], [-49.13792209104128, -26.46053889263386], [-49.13791940232117, -26.460538857576214], [-49.13791849309791, -26.46053965257539], [-49.13791846713147, -26.460541265945537], [-49.13791577841131, -26.46054123088782], [-49.137914869188016, -26.460542025886973], [-49.137914843221516, -26.460543639257107], [-49.13791215450131, -26.460543604199316], [-49.13791124527796, -26.46054439919845], [-49.13791121931142, -26.46054601256859], [-49.137904945630815, -26.460545930766845], [-49.137904036407406, -26.46054672576592], [-49.13790401044076, -26.460548339136057], [-49.137897736760046, -26.460548257333983], [-49.13789682753658, -26.460549052333008], [-49.13789678858645, -26.460551472388197], [-49.13789409986609, -26.46055143733006], [-49.13789319064256, -26.460552232329057], [-49.13789316467575, -26.46055384569917], [-49.1378895797152, -26.460553798954884], [-49.13788867049163, -26.460554593953855], [-49.137888644524764, -26.46055620732397], [-49.137871615961885, -26.46055598528725], [-49.137870706738184, -26.460556780286094], [-49.13787068077106, -26.460558393656196], [-49.137860822129284, -26.46055826510762], [-49.13785991290549, -26.46055906010639], [-49.13785988693822, -26.46056067347647], [-49.137857198217695, -26.460560638417633], [-49.13785628899385, -26.460561433416387], [-49.13785626302653, -26.460563046786465], [-49.13785357430595, -26.46056301172755], [-49.13785266508207, -26.460563806726274], [-49.13785263911468, -26.460565420096355], [-49.137846365433234, -26.46056533829198], [-49.13784545620929, -26.46056613329065], [-49.1378454302418, -26.46056774666072], [-49.137839156560254, -26.460567664856022], [-49.13783824733624, -26.460568459854652], [-49.13783822136865, -26.46057007322471], [-49.13783463640771, -26.46057002647902], [-49.13783372718364, -26.460570821477607], [-49.13783364928067, -26.46057566158779], [-49.13782737559874, -26.46057557978255], [-49.137826466374584, -26.46057637478109], [-49.13782644040682, -26.460577988151137], [-49.13782016672478, -26.460577906345577], [-49.13781925750056, -26.46057870134407], [-49.1378192315327, -26.460580314714115], [-49.13781654281178, -26.460580279654483], [-49.137815633587515, -26.460581074652946], [-49.1378156076196, -26.46058268802299], [-49.13781291889863, -26.46058265296329], [-49.13781200967432, -26.460583447961724], [-49.13781198370635, -26.460585061331763], [-49.13780929498533, -26.460585026271993], [-49.13780838576098, -26.460585821270406], [-49.137808359792956, -26.46058743464043], [-49.137802086110476, -26.46058735283405], [-49.13780117688606, -26.46058814783241], [-49.13780115091793, -26.460589761202442], [-49.13779846219682, -26.460589726142466], [-49.13779755297236, -26.460590521140794], [-49.137797527004174, -26.460592134510826], [-49.137794838283014, -26.46059209945077], [-49.13779392905851, -26.460592894449082], [-49.13779389010617, -26.46059531450411], [-49.137791201384935, -26.460595279443982], [-49.13779029216038, -26.46059607444227], [-49.1377902661921, -26.460597687812275], [-49.13778757747081, -26.460597652752078], [-49.13778666824622, -26.46059844775034], [-49.137786642277874, -26.460600061120353], [-49.137783057316106, -26.460600014373316], [-49.13778214809147, -26.460600809371545], [-49.137782122123056, -26.460602422741555], [-49.13777943340168, -26.460602387681195], [-49.13777852417699, -26.460603182679396], [-49.13777849820853, -26.460604796049402], [-49.137772224525214, -26.46060471424165], [-49.13777131530046, -26.460605509239816], [-49.137771289331894, -26.460607122609797], [-49.13776143068653, -26.460606994054146], [-49.137760521461686, -26.460607789052226], [-49.13776049549297, -26.460609402422207], [-49.137754221809466, -26.460609320613667], [-49.13775331258456, -26.46061011561169], [-49.13775328661574, -26.460611728981668], [-49.13774701293214, -26.460611647172794], [-49.13774610370716, -26.46061244217078], [-49.137746077738235, -26.46061405554075], [-49.137739804054526, -26.460613973731558], [-49.13773889482949, -26.46061476872949], [-49.13773885587595, -26.46061718878443], [-49.1377361671543, -26.460617153723245], [-49.13773525792921, -26.46061794872114], [-49.13773523196013, -26.4606195620911], [-49.13773254323843, -26.460619527029845], [-49.1377316340133, -26.460620322027722], [-49.13773160804416, -26.46062193539767], [-49.13772802308183, -26.460621888649218], [-49.13772711385664, -26.460622683647074], [-49.13772708788744, -26.46062429701702], [-49.13771364427849, -26.460624121709415], [-49.1377127350532, -26.460624916707165], [-49.1377127090838, -26.460626530077104], [-49.13770643539954, -26.46062644826641], [-49.13770552617417, -26.460627243264106], [-49.13770550020467, -26.460628856634045], [-49.137695641557826, -26.460628728073743], [-49.13769473233238, -26.46062952307137], [-49.137694706362716, -26.460631136441283], [-49.137688432678274, -26.460631054629783], [-49.137687523452755, -26.46063184962736], [-49.137687497483, -26.460633462997276], [-49.137681223798445, -26.460633381185453], [-49.13768031457286, -26.460634176182978], [-49.13768028860301, -26.46063578955288], [-49.13767311867769, -26.46063569605327], [-49.13767220945204, -26.46063649105073], [-49.13767217049707, -26.460638911105583], [-49.13766589681228, -26.460638829293075], [-49.137664987586554, -26.46063962429049], [-49.13766496161647, -26.460641237660376], [-49.137658687931584, -26.460641155847544], [-49.137657778705794, -26.460641950844916], [-49.13765771378032, -26.46064598426962], [-49.13765502505812, -26.460645949206864], [-49.13765411583227, -26.46064674420421], [-49.137654089862025, -26.46064835757409], [-49.13765140113978, -26.46064832251127], [-49.13765049191389, -26.460649117508588], [-49.13765046594359, -26.460650730878452], [-49.137644192258236, -26.460650649064956], [-49.13764328303227, -26.460651444062226], [-49.137643257061875, -26.46065305743209], [-49.137640568339535, -26.460653022369062], [-49.137639659113525, -26.460653817366303], [-49.137639633143074, -26.46065543073616], [-49.137636944420684, -26.460655395673054], [-49.13763603519464, -26.460656190670278], [-49.13763600922413, -26.46065780404014], [-49.13763332050169, -26.46065776897696], [-49.137632411275604, -26.46065856397415], [-49.13763233336391, -26.460663404083714], [-49.137626059677935, -26.460663322269387], [-49.13762515045176, -26.460664117266525], [-49.13762512448108, -26.460665730636368], [-49.13761078462724, -26.46066554363104], [-49.13760987540094, -26.46066633862808], [-49.137609849430056, -26.460667951997912], [-49.137599990780416, -26.46066782343084], [-49.13759908155403, -26.4606686184278], [-49.137599055582996, -26.46067023179763], [-49.137592781896764, -26.46067014998182], [-49.137591872670306, -26.460670944978723], [-49.13759184669917, -26.46067255834854], [-49.13758557301284, -26.4606724765324], [-49.13758466378632, -26.46067327152927], [-49.13758463781508, -26.460674884899067], [-49.13757119420135, -26.46067470957775], [-49.13757028497471, -26.460675504574514], [-49.13757025900327, -26.460677117944314], [-49.137552334184775, -26.460676884180454], [-49.13755236015647, -26.460675270810672], [-49.137551476901415, -26.460674452437537], [-49.13754878817871, -26.46067441737275], [-49.137548814150456, -26.46067280400298], [-49.13754793089545, -26.46067198562982], [-49.13754524217282, -26.460671950564965], [-49.137545307102286, -26.460667917140537], [-49.137547995824825, -26.46066795220538], [-49.13754890505154, -26.46066715720876], [-49.13754929462727, -26.460642956662078], [-49.13755198334924, -26.460642991726814], [-49.13755289257573, -26.460642196730166], [-49.137553087363024, -26.460630096456754], [-49.137555776084696, -26.46063013152141], [-49.13755668531105, -26.460629336524722], [-49.13755675023999, -26.46062530310024], [-49.13755943896156, -26.46062533816482], [-49.13756034818785, -26.4606245431681], [-49.13756037415937, -26.4606229297983], [-49.137563062880886, -26.460622964862807], [-49.13756397210713, -26.460622169866063], [-49.13756403703581, -26.460618136441564], [-49.13756672575722, -26.460618171506], [-49.1375676349834, -26.46061737650922], [-49.13756771289763, -26.460612536399807], [-49.13757129785935, -26.460612583152265], [-49.137572207085455, -26.46061178815547], [-49.13757231097082, -26.460605334676224], [-49.13757499969194, -26.46060536974048], [-49.13757590891797, -26.460604574743652], [-49.13757597384616, -26.460600541319106], [-49.13757866256719, -26.460600576383296], [-49.13757957179315, -26.46059978138644], [-49.13757963672121, -26.460595747961882], [-49.137582325442125, -26.460595783025997], [-49.137583234668014, -26.460594988029104], [-49.137583312581526, -26.46059014791964], [-49.13758958626338, -26.460590229735637], [-49.137590495489185, -26.4605894347387], [-49.13759052146025, -26.46058782136887], [-49.13759321018099, -26.46058785643276], [-49.13759411940675, -26.460587061435795], [-49.13759414537776, -26.46058544806596], [-49.13759683409845, -26.460585483129776], [-49.13759774332417, -26.460584688132787], [-49.13759776929513, -26.46058307476296], [-49.13760045801578, -26.460583109826707], [-49.13760136724145, -26.46058231482969], [-49.13760139321235, -26.460580701459843], [-49.13761125185458, -26.460580830026426], [-49.137612161080156, -26.46058003502934], [-49.13761218705091, -26.46057842165948], [-49.13761487577147, -26.460578456722956], [-49.13761578499702, -26.460577661725846], [-49.13761581096771, -26.460576048355993], [-49.13761849968822, -26.460576083419397], [-49.13761940891372, -26.460575288422252], [-49.137619434884364, -26.46057367505239], [-49.13762212360483, -26.460573710115725], [-49.137623032830284, -26.460572915118558], [-49.13762305880088, -26.460571301748693], [-49.13763022872199, -26.46057139525061], [-49.13763113794737, -26.460570600253387], [-49.13763117690308, -26.460568180198578], [-49.13763745058392, -26.460568262012412], [-49.13763835980922, -26.460567467015142], [-49.1376383857796, -26.46056585364526], [-49.137644659460335, -26.460565935458774], [-49.13764556868557, -26.460565140461448], [-49.137645594655844, -26.460563527091555], [-49.13764828337611, -26.46056356215439], [-49.137649192601316, -26.460562767157043], [-49.13764921857153, -26.46056115378715], [-49.13765190729174, -26.460561188849905], [-49.137652816516905, -26.460560393852532], [-49.13765284248706, -26.46055878048264], [-49.13765911616746, -26.460558862295496], [-49.137660025392556, -26.460558067298074], [-49.13766005136261, -26.46055645392817], [-49.13766274008274, -26.460556488990715], [-49.13766364930779, -26.46055569399327], [-49.13766367527779, -26.460554080623357], [-49.13766636399787, -26.46055411568583], [-49.137667273222874, -26.46055332068836], [-49.13766729919283, -26.460551707318444], [-49.1376735728729, -26.460551789130648], [-49.137674482097836, -26.460550994133122], [-49.13767450806769, -26.460549380763208], [-49.137685262947656, -26.460549521011966], [-49.137686172172494, -26.460548726014373], [-49.13768621112702, -26.460546305959475], [-49.13768889984696, -26.460546341021516], [-49.137689809071745, -26.460545546023887], [-49.13768983504138, -26.46054393265395], [-49.13769252376126, -26.460543967715925], [-49.137693432986005, -26.46054317271827], [-49.13769345895558, -26.460541559348325], [-49.13769614767541, -26.460541594410227], [-49.13769705690012, -26.460540799412545], [-49.13769708286964, -26.460539186042617], [-49.137699771589425, -26.460539221104444], [-49.13770068081409, -26.460538426106734], [-49.13770070678356, -26.460536812736787], [-49.137703395503294, -26.460536847798544], [-49.13770430472792, -26.460536052800816], [-49.13770433069733, -26.460534439430866], [-49.137707019417014, -26.46053447449255], [-49.13770792864159, -26.460533679494795], [-49.13770795461096, -26.460532066124838], [-49.137710643330585, -26.460532101186455], [-49.137711552555125, -26.460531306188667], [-49.13771157852443, -26.460529692818717], [-49.137714267244014, -26.460529727880264], [-49.13771517646851, -26.46052893288245], [-49.13771520243777, -26.460527319512494], [-49.13772864603549, -26.460527494819356], [-49.13772955525987, -26.46052669982145], [-49.13772959421345, -26.460524279766485], [-49.13773317917276, -26.46052432651474], [-49.13773408839709, -26.460523531516806], [-49.137734114366076, -26.460521918146824], [-49.13773680308551, -26.460521953207934], [-49.13773771230979, -26.46052115820997], [-49.13773773827873, -26.460519544839986], [-49.13774401195731, -26.460519626649006], [-49.13774492118152, -26.460518831650987], [-49.13774494715036, -26.460517218280998], [-49.1377476358697, -26.460517253341898], [-49.13774854509387, -26.460516458343857], [-49.13774857106265, -26.460514844973865], [-49.13775125978194, -26.460514880034697], [-49.13775216900608, -26.460514085036618], [-49.137752194974794, -26.460512471666636], [-49.13775846865305, -26.460512553474988], [-49.13775937787711, -26.460511758476876], [-49.13775940384573, -26.460510145106866], [-49.13776567752388, -26.460510226914906], [-49.13776658674787, -26.460509431916744], [-49.1377666127164, -26.460507818546724], [-49.137769301435554, -26.460507853607208], [-49.137770210659504, -26.460507058609018], [-49.13777023662797, -26.460505445239008], [-49.137772925347086, -26.460505480299414], [-49.137773834571, -26.460504685301206], [-49.137773873523614, -26.460502265246173], [-49.13777656224266, -26.46050230030651], [-49.13777747146652, -26.460501505308265], [-49.13777749743487, -26.460499891938237], [-49.13778018615387, -26.4604999269985], [-49.13778109537768, -26.46049913200024], [-49.13778112134599, -26.46049751863021], [-49.13778381006493, -26.4604975536904], [-49.13778471928871, -26.460496758692113], [-49.13778474525696, -26.460495145322085], [-49.137788330215486, -26.46049519206891], [-49.13778923943921, -26.460494397070583], [-49.13778926540739, -26.46049278370054], [-49.13780270900167, -26.460492959000224], [-49.137803618225284, -26.4604921640018], [-49.13780364419326, -26.460490550631746], [-49.13780991787051, -26.460490632437782], [-49.13781082709406, -26.46048983743931], [-49.13781085306194, -26.460488224069262], [-49.13781712673909, -26.460488305874975], [-49.13781803596257, -26.460487510876444], [-49.137818061930346, -26.460485897506388], [-49.13782075064908, -26.460485932565874], [-49.13782165987251, -26.46048513756733], [-49.13782168584024, -26.460483524197254], [-49.13782437455892, -26.46048355925667], [-49.13782528378231, -26.460482764258096], [-49.13782532273381, -26.460480344202985], [-49.137831596410585, -26.460480426008044], [-49.13783250563391, -26.46047963100942], [-49.13783253160147, -26.460478017639343], [-49.13783522032004, -26.460478052698548], [-49.137836129543324, -26.46047725769989], [-49.13783615551083, -26.460475644329815], [-49.13783974046886, -26.460475691075317], [-49.137840649692095, -26.46047489607663], [-49.13784067565954, -26.460473282706538], [-49.13784694933598, -26.460473364510904], [-49.13784785855915, -26.46047256951217], [-49.13784788452649, -26.460470956142082], [-49.13785774316075, -26.46047108469116], [-49.137858652383834, -26.460470289692356], [-49.137858678351016, -26.460468676322247], [-49.13786495202728, -26.460468758125803], [-49.13786586125029, -26.460467963126952], [-49.13786588721737, -26.460466349756842], [-49.13786857593572, -26.460466384815398], [-49.13786948515869, -26.46046558981652], [-49.13786951112572, -26.4604639764464], [-49.137872199844026, -26.46046401150489], [-49.137873109066945, -26.460463216505985], [-49.13787313503393, -26.460461603135865], [-49.13787940870985, -26.46046168493877], [-49.13788031793271, -26.460460889939814], [-49.13788035688303, -26.460458469884625], [-49.137883045601214, -26.460458504942906], [-49.13788395482403, -26.46045770994392], [-49.13788398079085, -26.460456096573786], [-49.13788666950899, -26.460456131631997], [-49.13788757873175, -26.46045533663299], [-49.13788760469852, -26.460453723262855], [-49.137894774613436, -26.460453816751112], [-49.137895683836135, -26.460453021752045], [-49.137895709802784, -26.460451408381907], [-49.13790198347824, -26.460451490183786], [-49.137902892700865, -26.46045069518468], [-49.137902918667415, -26.46044908181452], [-49.13790560738542, -26.460449116872365], [-49.13790651660801, -26.460448321873233], [-49.137906542574505, -26.46044670850307], [-49.13791281624974, -26.460446790304466], [-49.13791372547226, -26.46044599530527], [-49.13791375143866, -26.460444381935122], [-49.13792002511379, -26.460444463736195], [-49.13792093433625, -26.460443668736946], [-49.13792096030254, -26.460442055366777], [-49.13793081893475, -26.46044218391069], [-49.13793172815711, -26.460441388911374], [-49.13793175412325, -26.460439775541193], [-49.13793802779821, -26.46043985734146], [-49.1379389370205, -26.460439062342097], [-49.13793897596955, -26.460436642286815], [-49.137941664687325, -26.460436677343967], [-49.13794257390958, -26.46043588234458], [-49.13794259987555, -26.460434268974392], [-49.137949769789486, -26.460434362459825], [-49.13795067901167, -26.46043356746038], [-49.137950704977534, -26.46043195409018], [-49.13796056360905, -26.460432082631993], [-49.13796147283114, -26.460431287632478], [-49.13796149879685, -26.460429674262265], [-49.13796418751449, -26.46042970931898], [-49.137965096736544, -26.460428914319444], [-49.137965122702205, -26.46042730094923], [-49.13797139637659, -26.460427382747994], [-49.13797230559857, -26.460426587748394], [-49.13797233156413, -26.460424974378185], [-49.13799653002227, -26.46042528988494], [-49.13799743924406, -26.46042449488518], [-49.13799746520927, -26.460422881514933], [-49.13800822007946, -26.46042302173877], [-49.13800912930117, -26.46042222673892], [-49.138009155266204, -26.460420613368658], [-49.13801184398371, -26.460420648424474], [-49.13801275320538, -26.460419853424604], [-49.13801277917036, -26.460418240054345], [-49.13801546788782, -26.46041827511009], [-49.13801637710943, -26.460417480110195], [-49.138016416056836, -26.4604150600548], [-49.13802268973075, -26.460415141851275], [-49.13802359895229, -26.460414346851334], [-49.13802362491712, -26.460412733481057], [-49.13802631363446, -26.46041276853659], [-49.13802722285597, -26.46041197353662], [-49.13802724882074, -26.460410360166343], [-49.13802993753804, -26.4604103952218], [-49.1380308467595, -26.460409600221805], [-49.138030872724215, -26.460407986851532], [-49.13803356144147, -26.460408021906918], [-49.13803447066288, -26.460407226906895], [-49.13803449662755, -26.460405613536608], [-49.13803718534474, -26.46040564859193], [-49.13803809456612, -26.46040485359188], [-49.13803812053074, -26.46040324022159], [-49.138040809247876, -26.460403275276832], [-49.13804171846922, -26.460402480276763], [-49.13804178338061, -26.46039844685104], [-49.138044472097654, -26.46039848190621], [-49.138045381318925, -26.46039768690611], [-49.13804540728343, -26.460396073535815], [-49.13804809600042, -26.46039610859091], [-49.138049005221646, -26.460395313590784], [-49.13804904416832, -26.460392893535335], [-49.13805173288524, -26.460392928590363], [-49.138052642106416, -26.460392133590215], [-49.13805270701741, -26.460388100164458], [-49.138056291973164, -26.460388146904382], [-49.138057201194265, -26.460387351904195], [-49.1380572271586, -26.46038573853389], [-49.138063500831066, -26.460385820328494], [-49.1380644100521, -26.460385025328254], [-49.138064436016336, -26.46038341195795], [-49.13806712473306, -26.46038344701267], [-49.138068033954056, -26.460382652012402], [-49.138068059918226, -26.46038103864209], [-49.13807433359048, -26.460381120436203], [-49.13807524281141, -26.46038032543589], [-49.138075268775474, -26.460378712065566], [-49.138077957492115, -26.460378747120078], [-49.138078866713, -26.460377952119742], [-49.138078892677015, -26.460376338749413], [-49.13808516634905, -26.460376420543035], [-49.13808607556987, -26.460375625542653], [-49.13808610153379, -26.460374012172316], [-49.13809596016113, -26.460374140704523], [-49.13809686938186, -26.46037334570407], [-49.1380969083275, -26.460370925648544], [-49.13809959704398, -26.460370960702644], [-49.138100506264664, -26.460370165702155], [-49.13810053222837, -26.4603685523318], [-49.138106805900065, -26.46036863412445], [-49.13810771512068, -26.46036783912392], [-49.13810774108428, -26.46036622575356], [-49.13811132603948, -26.460366272492067], [-49.138112235260046, -26.460365477491496], [-49.13811226122359, -26.460363864121142], [-49.138118534895064, -26.46036394591326], [-49.13811944411557, -26.460363150912645], [-49.138119470079, -26.460361537542276], [-49.13812574375038, -26.460361619334073], [-49.13812665297082, -26.460360824333407], [-49.13812667893414, -26.460359210963027], [-49.13812936765041, -26.460359246016548], [-49.1381302768708, -26.460358451015857], [-49.13813030283408, -26.460356837645485], [-49.138132991550286, -26.460356872698938], [-49.13813390077063, -26.460356077698208], [-49.13813392673386, -26.460354464327832], [-49.138140200404905, -26.46035454611897], [-49.138141109625195, -26.460353751118213], [-49.13814113558831, -26.46035213774781], [-49.13814382430443, -26.460352172801052], [-49.13814473352467, -26.46035137780026], [-49.138144772469275, -26.460348957744664], [-49.138147461185326, -26.460348992797837], [-49.13814837040551, -26.460348197797025], [-49.13814839636853, -26.460346584426627], [-49.13815108508453, -26.460346619479722], [-49.13815199430468, -26.460345824478868], [-49.13815202026763, -26.460344211108477], [-49.138154708983585, -26.4603442461615], [-49.13815561820368, -26.460343451160636], [-49.138155644166595, -26.460341837790217], [-49.13815833288249, -26.460341872843177], [-49.13815924210256, -26.46034107784228], [-49.13815938489822, -26.460332204305015], [-49.13815850164109, -26.460331385935508], [-49.13815581292543, -26.46033135088257], [-49.13815583888832, -26.460329737512154], [-49.13815495563124, -26.46032891914263], [-49.13815226691564, -26.460328884089627], [-49.13815230586005, -26.460326464034008], [-49.138151422603, -26.460325645664458], [-49.13814873388749, -26.4603256106114], [-49.13814875985047, -26.460323997240987], [-49.13814787659348, -26.460323178871423], [-49.13814160292411, -26.460323097080707], [-49.13814162888718, -26.460321483710302], [-49.13814074563026, -26.4603206653407], [-49.138138056914876, -26.460320630287434], [-49.138138082878, -26.46031901691704], [-49.13813719962113, -26.460318198547416], [-49.138130925952055, -26.46031811675624], [-49.13813095191528, -26.460316503385847], [-49.13813006865847, -26.46031568501618], [-49.13812379498957, -26.4603156032247], [-49.138123820952885, -26.46031398985431], [-49.138122937696146, -26.4603131714846], [-49.13811666402741, -26.460313089692818], [-49.13811668999082, -26.460311476322442], [-49.13811580673415, -26.460310657952682], [-49.138108636827205, -26.460310564475986], [-49.13810866279073, -26.46030895110562], [-49.138107779534145, -26.460308132735822], [-49.13810150586572, -26.46030805094339], [-49.13810153182935, -26.460306437573017], [-49.13810064857283, -26.460305619203186], [-49.13809795985786, -26.46030558414919], [-49.13809799880336, -26.46030316409364], [-49.13810068751827, -26.46030319914763], [-49.13810159673839, -26.460302404147104], [-49.13810173953823, -26.460293530610087], [-49.1381008562818, -26.46029271224025], [-49.138098167567136, -26.46029267718627], [-49.13809823247625, -26.46028864376036], [-49.1380973492199, -26.46028782539051], [-49.138094660505345, -26.46028779033647], [-49.13809468646903, -26.460286176966097], [-49.13809380321271, -26.460285358596234], [-49.13809111449822, -26.460285323542134], [-49.13809114046197, -26.46028371017177], [-49.1380902572057, -26.46028289180188], [-49.138062473823524, -26.460282529573057], [-49.138061564603326, -26.460283324573336], [-49.13806153863918, -26.460284937943662], [-49.13804002892388, -26.460284657504573], [-49.13803911970352, -26.460285452504692], [-49.138039093739046, -26.460287065875015], [-49.13803640502461, -26.460287030819877], [-49.1380354958042, -26.46028782581998], [-49.13803546983968, -26.460289439190287], [-49.13802919617253, -26.460289357394736], [-49.13802828695206, -26.460290152394773], [-49.13802826098744, -26.46029176576507], [-49.138021987320194, -26.460291683969192], [-49.138021078099655, -26.460292478969198], [-49.13802105213493, -26.460294092339492], [-49.13801836342034, -26.460294057284006], [-49.13801745419977, -26.460294852283976], [-49.13801742823499, -26.46029646565427], [-49.13801115456753, -26.460296383857905], [-49.13801024534688, -26.46029717885782], [-49.138010219382004, -26.4602987922281], [-49.13800753066733, -26.460298757172406], [-49.138006621446635, -26.46029955217232], [-49.1380065954817, -26.46030116554259], [-49.138003906766976, -26.46030113048683], [-49.13800299754624, -26.460301925486696], [-49.13800295859876, -26.460304345542113], [-49.137999373645705, -26.460304298800985], [-49.13799846442492, -26.460305093800823], [-49.13799843845986, -26.460306707171103], [-49.13799574974502, -26.46030667211518], [-49.13799484052419, -26.46030746711499], [-49.137994814559086, -26.460309080485256], [-49.137988540891016, -26.460308998687857], [-49.13798763167012, -26.460309793687625], [-49.13798760570491, -26.46031140705788], [-49.137981332036745, -26.460311325260157], [-49.13798042281578, -26.460312120259875], [-49.137980396850466, -26.46031373363013], [-49.13797770813549, -26.460313698573863], [-49.13797679891448, -26.460314493573545], [-49.137976772949116, -26.4603161069438], [-49.13797408423409, -26.460316071887455], [-49.13797317501304, -26.460316866887112], [-49.137973149047625, -26.460318480257357], [-49.13797046033255, -26.460318445200947], [-49.13796955111145, -26.460319240200583], [-49.13796952514598, -26.460320853570828], [-49.137963251477366, -26.46032077177228], [-49.1379623422562, -26.46032156677187], [-49.137962316290626, -26.460323180142105], [-49.137956042621916, -26.460323098343242], [-49.13795513340069, -26.460323893342775], [-49.13795505550364, -26.460328733453455], [-49.137952366788355, -26.460328698396683], [-49.13795145756706, -26.460329493396195], [-49.13795139265271, -26.460333526821756], [-49.137947807698865, -26.46033348007929], [-49.137946898477495, -26.460334275078765], [-49.137946872511684, -26.460335888448977], [-49.13794418379625, -26.460335853392046], [-49.137943274574845, -26.460336648391504], [-49.137943248608984, -26.460338261761713], [-49.137940559893494, -26.460338226704714], [-49.137939650672045, -26.460339021704137], [-49.13793962470613, -26.460340635074353], [-49.137936935990595, -26.460340600017282], [-49.1379360267691, -26.46034139501668], [-49.13793600080313, -26.46034300838688], [-49.13793331208754, -26.460342973329734], [-49.13793240286601, -26.46034376832912], [-49.13793237689999, -26.460345381699316], [-49.13792968818435, -26.460345346642104], [-49.137928778962774, -26.460346141641452], [-49.13792874001366, -26.460348561696748], [-49.137922466343696, -26.46034847989633], [-49.13792155712204, -26.460349274895634], [-49.13792153115586, -26.460350888265825], [-49.137915257485794, -26.46035080646509], [-49.137914348264076, -26.460351601464335], [-49.137914322297796, -26.460353214834516], [-49.13791163358201, -26.460353179776952], [-49.137910724360246, -26.460353974776186], [-49.13791069839391, -26.46035558814636], [-49.13790083976919, -26.460355459601452], [-49.137899930547334, -26.460356254600597], [-49.13789990458085, -26.460357867970774], [-49.137889149717374, -26.46035772773911], [-49.13788824049543, -26.46035852273817], [-49.13788821452877, -26.460360136108335], [-49.137874770949274, -26.460359960817513], [-49.137873861727215, -26.460360755816485], [-49.13787383576036, -26.46036236918662], [-49.137860392180706, -26.460362193894433], [-49.13785948295854, -26.4603629888933], [-49.13785913240306, -26.46038476939003], [-49.13785644368662, -26.46038473433139], [-49.13785553446424, -26.460385529330225], [-49.137855508497104, -26.46038714270034], [-49.1378492348253, -26.460387060896604], [-49.13784832560285, -26.460387855895394], [-49.137848299635614, -26.460389469265508], [-49.13783037485883, -26.460389235538884], [-49.137829465636244, -26.460390030537535], [-49.13782942668499, -26.460392450592682], [-49.13782673796841, -26.460392415533473], [-49.137825828745775, -26.460393210532104], [-49.13782580277822, -26.460394823902202], [-49.137826686033314, -26.460395642273664], [-49.137829374749955, -26.460395677332876], [-49.13782934878245, -26.460397290702964], [-49.13783023203759, -26.460398109074415], [-49.13783650570991, -26.46039819087902], [-49.1378364797425, -26.460399804249118], [-49.13783736299771, -26.46040062262052], [-49.13784094795342, -26.46040066936586], [-49.13784088303502, -26.46040470279113], [-49.13783729807918, -26.460404656045778], [-49.13783638885651, -26.46040545104447], [-49.13783636288908, -26.460407064414564], [-49.13783008921627, -26.460406982609925], [-49.13782917999354, -26.460407777608573], [-49.13782911507471, -26.46041181103381], [-49.137826426357684, -26.460411775974567], [-49.13782551713488, -26.460412570973187], [-49.13782543923211, -26.460417411083444], [-49.137822750514964, -26.46041737602413], [-49.1378218412921, -26.460418171022724], [-49.137821737421504, -26.46042462450305], [-49.13781546374779, -26.46042454269772], [-49.137814554524816, -26.460425337696265], [-49.137814528557065, -26.460426951066342], [-49.13781183983971, -26.46042691600681], [-49.13781093061669, -26.460427711005316], [-49.13781090464889, -26.46042932437539], [-49.137808215931486, -26.460429289315783], [-49.137807306708424, -26.460430084314275], [-49.13780724178876, -26.46043411773944], [-49.137804553071255, -26.46043408267976], [-49.13780364384813, -26.460434877678217], [-49.13780360489625, -26.46043729773332], [-49.137800916178676, -26.46043726267357], [-49.137800006955494, -26.460438057671993], [-49.13779998098753, -26.460439671042064], [-49.1377972922699, -26.460439635982244], [-49.137796383046684, -26.460440430980643], [-49.13779631812661, -26.46044446440578], [-49.13779362940888, -26.460444429345884], [-49.1377927201856, -26.460445224344262], [-49.137792694217524, -26.460446837714315], [-49.137790005499745, -26.460446802654353], [-49.137789096276414, -26.460447597652706], [-49.13778907030828, -26.46044921102276], [-49.13778548535117, -26.460449164276028], [-49.1377845761278, -26.460449959274353], [-49.1377845501596, -26.460451572644388], [-49.137781861441724, -26.460451537584266], [-49.13778095221831, -26.46045233258256], [-49.137780887297666, -26.46045636600766], [-49.13777819857968, -26.460456330947462], [-49.1377772893562, -26.460457125945727], [-49.13777717249878, -26.46046438611087], [-49.137774483780625, -26.460464351050593], [-49.137773574557045, -26.46046514604883], [-49.13777347068355, -26.460471599528944], [-49.13777078196522, -26.460471564468584], [-49.13776987274157, -26.460472359466795], [-49.13776980782048, -26.46047639289185], [-49.13776711910205, -26.460476357831414], [-49.137766209878336, -26.46047715282961], [-49.13776609302012, -26.46048441299469], [-49.13776340430151, -26.460484377934176], [-49.137762495077695, -26.460485172932334], [-49.13776246910915, -26.460486786302333], [-49.13775978039049, -26.460486751241753], [-49.13775887116664, -26.460487546239893], [-49.13775884519803, -26.460489159609896], [-49.13775615647933, -26.46048912454924], [-49.13775524725543, -26.460489919547342], [-49.13775522128677, -26.460491532917356], [-49.13775253256801, -26.460491497856633], [-49.13775162334407, -26.460492292854706], [-49.137751558422295, -26.46049632627971], [-49.13774886970343, -26.460496291218906], [-49.13774796047942, -26.460497086216957], [-49.13774793451066, -26.460498699586957], [-49.13774524579174, -26.46049866452608], [-49.13774433656771, -26.46049945952411], [-49.13774431059888, -26.46050107289411], [-49.13774162187992, -26.460501037833165], [-49.13774071265583, -26.460501832831167], [-49.137740673702524, -26.46050425288615], [-49.13773798498349, -26.46050421782514], [-49.13773707575935, -26.460505012823106], [-49.13773704979042, -26.46050662619309], [-49.137729879872886, -26.460506532696744], [-49.13772897064867, -26.46050732769466], [-49.13772894467962, -26.460508941064646], [-49.13772267100168, -26.460508859254997], [-49.13772176177741, -26.460509654252867], [-49.137721696854534, -26.46051368767779], [-49.13771900813531, -26.460513652616402], [-49.13771809891097, -26.460514447614255], [-49.13771807294177, -26.46051606098422], [-49.137693874468496, -26.460515745429287], [-49.13769390043804, -26.460514132059345], [-49.13769301718308, -26.46051331368707], [-49.137690328463904, -26.460513278625147], [-49.13769039338787, -26.4605092452003], [-49.13769308210694, -26.46050928026221], [-49.1376939913314, -26.46050848526454], [-49.13769401730093, -26.460506871894587], [-49.137696706019966, -26.46050690695644], [-49.13769761524437, -26.460506111958736], [-49.1376977710612, -26.460496431739035], [-49.137700459779985, -26.460496466800798], [-49.13770136900429, -26.460495671803066], [-49.13770143392781, -26.46049163837818], [-49.1377041226465, -26.46049167343987], [-49.137705031870745, -26.46049087844211], [-49.137705057840094, -26.46048926507214], [-49.137707746558725, -26.46048930013376], [-49.13770865578292, -26.460488505135977], [-49.13770872070618, -26.46048447171107], [-49.1377114094247, -26.460484506772612], [-49.13771231864884, -26.460483711774803], [-49.137712396556566, -26.460478871664897], [-49.13771508527497, -26.46047890672636], [-49.13771599449904, -26.46047811172852], [-49.137716020468226, -26.46047649835855], [-49.13771870918658, -26.46047653341995], [-49.1377196184106, -26.460475738422073], [-49.13771968333343, -26.460471704997133], [-49.13772237205168, -26.460471740058455], [-49.13772328127563, -26.460470945060557], [-49.13772330724471, -26.460469331690586], [-49.13772599596292, -26.460469366751838], [-49.13772690518683, -26.46046857175391], [-49.137726970109384, -26.46046453832895], [-49.13772965882748, -26.460464573390126], [-49.13773056805133, -26.460463778392175], [-49.1377305940203, -26.460462165022186], [-49.137734178977695, -26.460462211770313], [-49.137735088201495, -26.46046141677234], [-49.1377351141704, -26.460459803402344], [-49.137737802888395, -26.460459838463365], [-49.13773871211215, -26.460459043465363], [-49.13773875106543, -26.46045662341036], [-49.137741439783355, -26.4604566584713], [-49.13774234900706, -26.460455863473275], [-49.13774241392905, -26.460451830048267], [-49.13774510264687, -26.460451865109132], [-49.13774601187051, -26.46045107011108], [-49.13774603783925, -26.460449456741078], [-49.13775231151406, -26.46044953854953], [-49.13775322073764, -26.460448743551428], [-49.13775328565923, -26.460444710126374], [-49.137755974376894, -26.460444745187033], [-49.13775688360042, -26.460443950188903], [-49.13775694852186, -26.46043991676386], [-49.13775963723943, -26.460439951824437], [-49.13776054646288, -26.460439156826286], [-49.137760572431404, -26.46043754345625], [-49.13776326114892, -26.46043757851676], [-49.13776417037232, -26.460436783518578], [-49.13776420932503, -26.460434363463534], [-49.13776689804248, -26.460434398523972], [-49.137767807265845, -26.460433603525757], [-49.13776787218687, -26.460429570100686], [-49.137770560904215, -26.46042960516105], [-49.13777147012751, -26.460428810162806], [-49.1377715350484, -26.460424776737725], [-49.13777422376564, -26.460424811798013], [-49.13777513298887, -26.460424016799735], [-49.13777515895718, -26.460422403429703], [-49.137777847674364, -26.46042243848992], [-49.13777875689755, -26.460421643491625], [-49.1377787828658, -26.460420030121583], [-49.13778147158294, -26.46042006518173], [-49.13778238080609, -26.460419270183408], [-49.13778244572657, -26.46041523675829], [-49.13778513444361, -26.460415271818366], [-49.13778604366669, -26.46041447682002], [-49.137786121571104, -26.460409636709862], [-49.13778970652698, -26.460409683456508], [-49.137790615749985, -26.460408888458133], [-49.137790641718055, -26.460407275088073], [-49.13779691539074, -26.46040735689444], [-49.13779782461368, -26.46040656189601], [-49.13779785058164, -26.46040494852596], [-49.13780053929847, -26.460404983585722], [-49.13780144852136, -26.460404188587273], [-49.137801552393, -26.460397735106994], [-49.137804241109656, -26.460397770166683], [-49.13780515033247, -26.460396975168194], [-49.137805176300326, -26.460395361798128], [-49.13780786501693, -26.460395396857745], [-49.137808774239694, -26.460394601859235], [-49.137808800207495, -26.460392988489158], [-49.137807916952546, -26.460392170117593], [-49.13779447336994, -26.460391994819016], [-49.1377935641471, -26.46039278981743], [-49.13779353817908, -26.4603944031875], [-49.13777919835748, -26.46039421620085], [-49.13777828913452, -26.460395011199157], [-49.1377782631663, -26.460396624569203], [-49.137764819583396, -26.460396449267808], [-49.13776391036033, -26.460397244266023], [-49.137763884391894, -26.460398857636058], [-49.137750440808844, -26.4603986823333], [-49.13774953158566, -26.460399477331407], [-49.13774950561703, -26.460401090701435], [-49.13773964698934, -26.4604009621452], [-49.137738737766064, -26.460401757143238], [-49.13773871179728, -26.46040337051325], [-49.13773154188613, -26.460403277017328], [-49.137730632662795, -26.460404072015308], [-49.137730606693886, -26.460405685385304], [-49.13772074806591, -26.46040555682774], [-49.13771983884248, -26.460406351825657], [-49.13771981287343, -26.460407965195657], [-49.13770278433401, -26.460407743139957], [-49.13770187511044, -26.460408538137738], [-49.13770184914113, -26.460410151507716], [-49.13768033940697, -26.460409871013248], [-49.13767943018324, -26.46041066601088], [-49.13767939122881, -26.46041308606582], [-49.1376516078219, -26.460412723755436], [-49.137650698597966, -26.46041351875288], [-49.13765067262794, -26.4604151321228], [-49.1376408139996, -26.46041500355968], [-49.13763990477558, -26.46041579855705], [-49.1376398788054, -26.46041741192697], [-49.137630020176935, -26.460417283363093], [-49.13762911095282, -26.460418078360387], [-49.137629084982485, -26.460419691730298], [-49.137621915070774, -26.460419598228814], [-49.13762100584659, -26.46042039322606], [-49.13762097987614, -26.460422006595948], [-49.13761112124739, -26.460421878030743], [-49.13761021202311, -26.460422673027917], [-49.13761018605251, -26.460424286397803], [-49.13760749733554, -26.460424251334427], [-49.137606588111225, -26.460425046331565], [-49.13760656214057, -26.46042665970145], [-49.13759311855549, -26.460426484383717], [-49.13759220933107, -26.46042727938076], [-49.13759218336021, -26.46042889275062], [-49.13758232473103, -26.460428764183405], [-49.13758141550652, -26.460429559180383], [-49.137581389535505, -26.460431172550233], [-49.13757063466717, -26.460431032294235], [-49.13756972544256, -26.460431827291117], [-49.13756968648579, -26.46043424734589], [-49.13754190307554, -26.460433885013913], [-49.13754099385071, -26.460434680010604], [-49.13754096787914, -26.460436293380432], [-49.137527524293446, -26.460436118056467], [-49.137526615068516, -26.460436913053055], [-49.13752658909673, -26.46043852642286], [-49.13751583422805, -26.460438386162693], [-49.137514925003025, -26.460439181159213], [-49.137514899031075, -26.460440794529003], [-49.13750862535758, -26.460440712710156], [-49.1375077161325, -26.460441507706616], [-49.13750769016044, -26.460443121076413], [-49.13749783153053, -26.460442992503296], [-49.13749692230535, -26.460443787499692], [-49.13749689633315, -26.460445400869474], [-49.13747986779038, -26.460445178786912], [-49.13747895856507, -26.460445973783177], [-49.13747893259261, -26.46044758715293], [-49.13747265891888, -26.460447505332482], [-49.137471749693496, -26.460448300328704], [-49.13747172372094, -26.46044991369846], [-49.13746455380799, -26.460449820188988], [-49.13746364458254, -26.46045061518514], [-49.137463618609864, -26.460452228554896], [-49.13745734493594, -26.460452146733758], [-49.13745643571042, -26.46045294172987], [-49.137456396751254, -26.460455361784483], [-49.13745012307718, -26.460455279963018], [-49.13744921385159, -26.460456074959087], [-49.13744918787871, -26.460457688328813], [-49.1374464991612, -26.460457653262363], [-49.13744558993557, -26.4604584482584], [-49.13744556396263, -26.460460061628126], [-49.137435705331626, -26.46045993305065], [-49.1374347961059, -26.46046072804662], [-49.137434770132806, -26.460462341416335], [-49.13741774158815, -26.460462119326245], [-49.1374168323623, -26.46046291432208], [-49.137416806388956, -26.46046452769178], [-49.13740246656174, -26.460464340666856], [-49.137401557335764, -26.460465135662595], [-49.13740153136221, -26.460466749032282], [-49.137398842644565, -26.46046671396493], [-49.13739793341855, -26.460467508960637], [-49.137397907444935, -26.46046912233032], [-49.137391633770335, -26.46046904050625], [-49.13739072454425, -26.460469835501918], [-49.137390698570535, -26.460471448871584], [-49.13738442489583, -26.46047136704719], [-49.137383515669676, -26.460472162042812], [-49.137383489695864, -26.460473775412474], [-49.13737363106404, -26.460473646830657], [-49.1373727218378, -26.460474441826193], [-49.13737268287684, -26.460476861880682], [-49.1373664092019, -26.460476780055476], [-49.137365499975594, -26.460477575050966], [-49.13736547400152, -26.46047918842062], [-49.137354719130045, -26.460479048148127], [-49.137353809903644, -26.460479843143535], [-49.137353783929406, -26.460481456513165], [-49.13734392529709, -26.460481327929262], [-49.137343016070595, -26.460482122924606], [-49.1373429900962, -26.46048373629423], [-49.137336716421004, -26.460483654467705], [-49.13733580719444, -26.460484449462985], [-49.137335781219946, -26.46048606283262], [-49.13732592258734, -26.460485934247448], [-49.13732501336069, -26.46048672924266], [-49.13732498738604, -26.46048834261227], [-49.137318713710656, -26.46048826078495], [-49.13731780448394, -26.460489055780105], [-49.13731777850919, -26.4604906691497], [-49.13730791987629, -26.46049054056327], [-49.13730701064949, -26.460491335558356], [-49.13730698467458, -26.460492948927953], [-49.137303399717105, -26.460492902169054], [-49.13730249049026, -26.460493697164107], [-49.13730246451529, -26.4604953105337], [-49.13729977579713, -26.460495275464446], [-49.13729886657024, -26.460496070459474], [-49.1372988276077, -26.46049849051386], [-49.13729255393186, -26.460498408685353], [-49.13729164470489, -26.460499203680328], [-49.13729161872976, -26.460500817049905], [-49.13728534505382, -26.46050073522107], [-49.137284435826786, -26.460501530216], [-49.13728440985155, -26.460503143585576], [-49.13727813617551, -26.46050306175643], [-49.137277226948406, -26.460503856751302], [-49.137277200973074, -26.460505470120868], [-49.13727092729693, -26.4605053882914], [-49.13727001806976, -26.460506183286224], [-49.137269992094325, -26.46050779665578], [-49.13726371841808, -26.46050771482598], [-49.13726280919085, -26.460508509820762], [-49.137262783215306, -26.46051012319031], [-49.137252028341585, -26.460509982909937], [-49.13725111911427, -26.460510777904638], [-49.13725109313856, -26.46051239127418], [-49.13724123450418, -26.460512262683046], [-49.13724032527677, -26.460513057677673], [-49.13724029930091, -26.46051467104719], [-49.1372340256244, -26.460514589216075], [-49.13723311639693, -26.460515384210655], [-49.137233090420956, -26.46051699758018], [-49.1372304017024, -26.46051696250959], [-49.13722949247489, -26.460517757504135], [-49.13722945351086, -26.46052017755841], [-49.13722317983409, -26.460520095726803], [-49.137222270606486, -26.4605208907213], [-49.13722224463037, -26.46052250409081], [-49.13721955591171, -26.460522469020013], [-49.13721864668407, -26.46052326401449], [-49.13721862070789, -26.46052487738399], [-49.13721593198918, -26.46052484231312], [-49.1372150227615, -26.460525637307576], [-49.137214996785275, -26.460527250677078], [-49.137212308066516, -26.460527215606135], [-49.13721139883879, -26.46052801060056], [-49.1372113728625, -26.460529623970064], [-49.1372086841437, -26.460529588899053], [-49.13720777491593, -26.460530383893445], [-49.137207748939595, -26.46053199726294], [-49.13720506022073, -26.46053196219186], [-49.13720415099292, -26.460532757186233], [-49.13720412501653, -26.460534370555717], [-49.13720143629762, -26.460534335484567], [-49.13720052706977, -26.460535130478917], [-49.13720050109333, -26.460536743848404], [-49.13719691613472, -26.460536697086763], [-49.13719600690681, -26.46053749208107], [-49.13719598093031, -26.46053910545056], [-49.13718970725263, -26.460539023617425], [-49.13718879802467, -26.460539818611686], [-49.137188759059754, -26.460542238665905], [-49.137186070340675, -26.460542203594454], [-49.13718516111266, -26.460542998588686], [-49.137185135135994, -26.46054461195815], [-49.13717886145806, -26.460544530124515], [-49.137177952229976, -26.460545325118712], [-49.13717792625321, -26.46054693848818], [-49.13717165257518, -26.460546856654226], [-49.13717074334702, -26.460547651648362], [-49.137170717370154, -26.460549265017825], [-49.137164443692015, -26.46054918318355], [-49.1371635344638, -26.460549978177635], [-49.13716350848683, -26.460551591547084], [-49.13716081976758, -26.460551556475142], [-49.13715991053932, -26.460552351469214], [-49.13715988456229, -26.460553964838653], [-49.13715361088394, -26.46055388300389], [-49.13715270165561, -26.460554677997905], [-49.13715267567848, -26.46055629136734], [-49.13714998695914, -26.460556256295202], [-49.137149077730776, -26.460557051289182], [-49.137149051753596, -26.460558664658617], [-49.1371463630342, -26.460558629586398], [-49.13714545380579, -26.460559424580367], [-49.13714537587408, -26.460564264688646], [-49.137141790914725, -26.46056421792558], [-49.137140881686236, -26.460565012919506], [-49.13714085570893, -26.460566626288937], [-49.13713099707056, -26.460566497689953], [-49.13713008784198, -26.460567292683805], [-49.13713006186452, -26.46056890605322], [-49.13712378818547, -26.4605688242171], [-49.13712287895682, -26.460569619210908], [-49.13712285297926, -26.460571232580318], [-49.13711657930011, -26.460571150743874], [-49.1371156700714, -26.46057194573763], [-49.13711564409373, -26.460573559107033], [-49.13711295537405, -26.460573524034167], [-49.1371120461453, -26.4605743190279], [-49.13711202016758, -26.460575932397294], [-49.1371057464882, -26.460575850560364], [-49.137104837259386, -26.460576645554045], [-49.13710481128157, -26.460578258923434], [-49.13709853760209, -26.46057817708618], [-49.13709762837321, -26.460578972079805], [-49.137097602395286, -26.460580585449197], [-49.13708684751603, -26.460580445156037], [-49.13708593828706, -26.46058124014959], [-49.13708591230897, -26.46058285351896], [-49.13708322358911, -26.460582818445523], [-49.137082314360086, -26.460583613439045], [-49.13708227539287, -26.4605860334931], [-49.13707600171306, -26.460585951654835], [-49.13707509248397, -26.460586746648307], [-49.137075066505716, -26.460588360017656], [-49.1370687928258, -26.460588278179074], [-49.13706788359665, -26.4605890731725], [-49.1370678576183, -26.460590686541853], [-49.13706158393828, -26.460590604702944], [-49.137060674709055, -26.460591399696316], [-49.1370606487306, -26.460593013065665], [-49.137057960010544, -26.460592977991745], [-49.13705705078128, -26.460593772985092], [-49.13705702480277, -26.46059538635443], [-49.13705075112254, -26.460595304515028], [-49.13704984189321, -26.460596099508336], [-49.137049815914594, -26.460597712877664], [-49.13703995727409, -26.46059758427226], [-49.13703904804466, -26.460598379265484], [-49.137039022065906, -26.46059999263481], [-49.13701751230459, -26.460599712038682], [-49.137016603075004, -26.460600507031753], [-49.13701657709593, -26.460602120401052], [-49.137006718455225, -26.460601991793332], [-49.137005809225556, -26.46060278678634], [-49.13700578324632, -26.460604400155628], [-49.13699950956579, -26.46060431831395], [-49.13699860033605, -26.4606051133069], [-49.136998561367044, -26.460607533360832], [-49.13699587264675, -26.460607498285718], [-49.13699496341696, -26.46060829327864], [-49.13699493743757, -26.460609906647925], [-49.136988663756775, -26.460609824805754], [-49.13698775452691, -26.460610619798633], [-49.136987728547425, -26.4606122331679], [-49.136980558626405, -26.460612139633593], [-49.13697964939648, -26.460612934626425], [-49.13697962341687, -26.460614547995693], [-49.13697693469644, -26.46061451292021], [-49.136976025466474, -26.460615307913002], [-49.13697599948681, -26.460616921282266], [-49.13697331076633, -26.460616886206722], [-49.13697240153632, -26.46061768119949], [-49.13697233658703, -26.460621714622626], [-49.136969647866444, -26.460621679547007], [-49.13696873863636, -26.46062247453975], [-49.136968712656596, -26.460624087909007], [-49.13696602393596, -26.460624052833314], [-49.13696511470584, -26.46062484782602], [-49.13696508872602, -26.460626461195275], [-49.13696240000534, -26.460626426119518], [-49.13696149077517, -26.4606272211122], [-49.136961451805355, -26.460629641166072], [-49.13695876308461, -26.46062960609024], [-49.13695785385439, -26.46063040108289], [-49.13695782787446, -26.460632014452134], [-49.136955139153656, -26.46063197937622], [-49.1369542299234, -26.46063277436887], [-49.13695420394341, -26.460634387738104], [-49.13693717537811, -26.46063416558939], [-49.13693626614772, -26.4606349605819], [-49.13693612325639, -26.46064383411261], [-49.136933434535344, -26.46064379903628], [-49.13693252530486, -26.460644594028764], [-49.13693249932455, -26.46064620739797], [-49.1369289143631, -26.460646160629427], [-49.13692800513255, -26.460646955621886], [-49.13692788822089, -26.46065421578332], [-49.13691802957625, -26.46065408716925], [-49.13691712034557, -26.460654882161634], [-49.136917094365046, -26.460656495530824], [-49.136910820682004, -26.460656413685104], [-49.136909911451255, -26.460657208677436], [-49.13690988547063, -26.46065882204662], [-49.13690719674928, -26.460658786969784], [-49.136906287518485, -26.46065958196208], [-49.1369062615378, -26.460661195331273], [-49.13688923296902, -26.460660973176637], [-49.1368883237381, -26.460661768168812], [-49.13688829775716, -26.46066338153798], [-49.136885609035744, -26.46066334646073], [-49.136884699804774, -26.46066414145288], [-49.13688467382378, -26.460665754822042], [-49.136881985102306, -26.46066571974472], [-49.136881075871294, -26.460666514736843], [-49.13688101091869, -26.46067054815976], [-49.13687832219711, -26.460670513082356], [-49.13687741296604, -26.460671308074456], [-49.13687721810775, -26.460683408343115], [-49.13686646322029, -26.460683268032863], [-49.13686555398903, -26.460684063024893], [-49.13686552800775, -26.460685676394025], [-49.13686283928585, -26.46068564131632], [-49.13686193005454, -26.460686436308304], [-49.136861904073214, -26.460688049677447], [-49.13685921535126, -26.460688014599672], [-49.13685830611992, -26.46068880959163], [-49.13685828013853, -26.460690422960766], [-49.13685559141653, -26.460690387882913], [-49.136854682185145, -26.460691182874857], [-49.1368546562037, -26.46069279624398], [-49.13684479755619, -26.460692667624684], [-49.13684388832472, -26.460693462616543], [-49.13684384935233, -26.46069588267023], [-49.136830405741826, -26.460695707279076], [-49.13683048368716, -26.460690867171746], [-49.1368296004374, -26.4606900487944], [-49.136826911715445, -26.460690013716007], [-49.136826937697265, -26.460688400346903], [-49.136826054447546, -26.46068758196955], [-49.13682246948503, -26.460687535198264], [-49.13682249546691, -26.460685921829157], [-49.13682161221724, -26.46068510345177], [-49.13681892349542, -26.460685068373234], [-49.13681801426384, -26.460685863364926], [-49.13681798828189, -26.460687476734034], [-49.13681529956002, -26.460687441655427], [-49.1368143903284, -26.46068823664709], [-49.1368143643464, -26.460689850016184], [-49.136808090661916, -26.460689768165853], [-49.13680718143023, -26.46069056315748], [-49.136807155448125, -26.46069217652656], [-49.13680446672616, -26.460692141447744], [-49.13680355749443, -26.460692936439333], [-49.1368035185212, -26.46069535649297], [-49.136800829799164, -26.460695321414075], [-49.136799920567384, -26.460696116405646], [-49.136799894585174, -26.46069772977473], [-49.13679362090031, -26.46069764792374], [-49.13679271166847, -26.460698442915252], [-49.13679268568616, -26.460700056284328], [-49.1367864120012, -26.46069997443302], [-49.13678550276929, -26.460700769424495], [-49.136785476786876, -26.460702382793553], [-49.13678278806471, -26.46070234771432], [-49.13678187883275, -26.460703142705754], [-49.136781852850284, -26.46070475607482], [-49.13677916412806, -26.46070472099551], [-49.136778254896065, -26.460705515986927], [-49.13677822891354, -26.460707129355992], [-49.13677554019127, -26.46070709427661], [-49.13677463095924, -26.460707889267994], [-49.13677460497666, -26.46070950263705], [-49.13677191625434, -26.460709467557596], [-49.136771007022254, -26.460710262548965], [-49.136770981039625, -26.460711875918022], [-49.13676739607647, -26.460711829145314], [-49.13676648684433, -26.46071262413664], [-49.136766369922206, -26.46071988429734], [-49.13676368119965, -26.460719849217725], [-49.13676277196743, -26.460720644209037], [-49.136762745984676, -26.460722257578073], [-49.13676005726208, -26.46072222249838], [-49.13675914802982, -26.460723017489663], [-49.136759122047, -26.460724630858703], [-49.136752848360835, -26.460724549005846], [-49.1367519391285, -26.460725343997076], [-49.136751913145595, -26.460726957366095], [-49.13674563945932, -26.460726875512922], [-49.13674473022692, -26.460727670504106], [-49.13674470424391, -26.46072928387313], [-49.136738430557536, -26.46072920201962], [-49.136737521325074, -26.460729997010752], [-49.13673749534196, -26.460731610379774], [-49.13673122165549, -26.46073152852595], [-49.136730312422955, -26.46073232351702], [-49.136730286439736, -26.460733936886033], [-49.13672401275316, -26.46073385503189], [-49.13672310352057, -26.46073465002292], [-49.13672307753725, -26.46073626339192], [-49.13672038881439, -26.46073622831146], [-49.13671947958174, -26.46073702330247], [-49.13671944060668, -26.460739443355962], [-49.13671227067887, -26.460739349807785], [-49.13671136144615, -26.46074014479873], [-49.136711335462664, -26.460741758167728], [-49.136701476811794, -26.46074162953832], [-49.13670056757898, -26.460742424529187], [-49.13670054159534, -26.460744037898163], [-49.136690682944334, -26.460743909268], [-49.13668977371144, -26.460744704258804], [-49.13668974772763, -26.460746317627766], [-49.13668347404054, -26.46074623577181], [-49.13668256480758, -26.46074703076255], [-49.13668253882367, -26.46074864413152], [-49.13667626513648, -26.460748562275228], [-49.13667535590345, -26.460749357265936], [-49.13667532991944, -26.46075097063489], [-49.13667264119631, -26.46075093555352], [-49.13667173196325, -26.460751730544192], [-49.13667170597919, -26.46075334391314], [-49.136669017256004, -26.460753308831695], [-49.13666810802289, -26.460754103822353], [-49.13666808203878, -26.460755717191294], [-49.13666091211017, -26.460755623640487], [-49.136660002876994, -26.460756418631075], [-49.136659976892766, -26.460758032000015], [-49.13665370320514, -26.46075795014271], [-49.136652793971884, -26.46075874513326], [-49.13665275499539, -26.46076116518665], [-49.136650066272054, -26.460761130104842], [-49.13664915703876, -26.460761925095365], [-49.136649092077796, -26.46076595851768], [-49.136642818389774, -26.460765876659874], [-49.13664190915639, -26.46076667165034], [-49.1366418831719, -26.460768285019263], [-49.13663919444841, -26.460768249937246], [-49.136638285214985, -26.46076904492768], [-49.136638259230445, -26.46077065829659], [-49.13663557050691, -26.4607706232145], [-49.13663466127344, -26.460771418204924], [-49.13663463528884, -26.460773031573826], [-49.13663194656526, -26.460772996491666], [-49.136631037331746, -26.46077379148205], [-49.1366310113471, -26.460775404850963], [-49.13662832262346, -26.460775369768726], [-49.1366274133899, -26.460776164759093], [-49.1366273874052, -26.46077777812799], [-49.136624698681516, -26.460777743045686], [-49.13662378944792, -26.46077853803603], [-49.13662376346316, -26.460780151404926], [-49.13662107473943, -26.46078011632255], [-49.13662016550578, -26.46078091131286], [-49.13662008755135, -26.46078575141955], [-49.13661381386236, -26.460785669560423], [-49.13661290462862, -26.460786464550672], [-49.1366128786437, -26.46078807791956], [-49.13661018991981, -26.460788042836967], [-49.13660928068603, -26.46078883782721], [-49.1366092157236, -26.460792871249417], [-49.13660563075826, -26.46079282447252], [-49.13660472152441, -26.46079361946272], [-49.13660469553937, -26.4607952328316], [-49.13660200681532, -26.46079519774885], [-49.136601097581426, -26.460795992739023], [-49.13660107159633, -26.460797606107892], [-49.136594797906774, -26.460797524247894], [-49.136593888672806, -26.46079831923802], [-49.136593823709816, -26.46080235266019], [-49.13659113498562, -26.460802317577222], [-49.13659022575159, -26.460803112567316], [-49.13659018677372, -26.46080553262062], [-49.136587498049444, -26.460805497537574], [-49.13658658881537, -26.460806292527646], [-49.13658656283006, -26.460807905896502], [-49.13658028914, -26.460807824035832], [-49.13657937990586, -26.460808619025865], [-49.136579353920446, -26.460810232394717], [-49.136573080230285, -26.460810150533725], [-49.136572170996075, -26.460810945523697], [-49.13657214501056, -26.46081255889254], [-49.13656945628616, -26.460812523809157], [-49.13656854705191, -26.460813318799097], [-49.136568521066344, -26.46081493216794], [-49.136550596236745, -26.460814698277257], [-49.13654968700236, -26.460815493267088], [-49.136549661016524, -26.460817106635908], [-49.13654338732609, -26.46081702477359], [-49.136542478091634, -26.460817819763363], [-49.1365424521057, -26.460819433132183], [-49.13652542351718, -26.460819210932947], [-49.136524514282584, -26.460820005922592], [-49.136524488296395, -26.460821619291394], [-49.13652179957185, -26.460821584207096], [-49.13652089033722, -26.460822379196724], [-49.13652081237849, -26.460827219303102], [-49.13651453868762, -26.46082713743949], [-49.13651362945289, -26.460827932429062], [-49.13651360346655, -26.46082954579785], [-49.136510914741834, -26.460829510713342], [-49.13651000550707, -26.460830305702885], [-49.13650997952066, -26.460831919071662], [-49.13650729079591, -26.460831883987083], [-49.13650638156109, -26.460832678976608], [-49.13650635557464, -26.460834292345385], [-49.13650366684983, -26.46083425726073], [-49.13650275761498, -26.460835052250225], [-49.13650273162847, -26.460836665619006], [-49.13649197672907, -26.460836525279806], [-49.13649106749412, -26.460837320269217], [-49.13649104150745, -26.460838933637987], [-49.136484767816036, -26.460838851773033], [-49.13648385858102, -26.460839646762395], [-49.13648383259425, -26.460841260131147], [-49.13648114386931, -26.460841225046067], [-49.136480234634256, -26.460842020035408], [-49.13648020864743, -26.46084363340416], [-49.136477519922444, -26.46084359831901], [-49.13647661068734, -26.460844393308314], [-49.13647658470045, -26.460846006677066], [-49.13647389597542, -26.46084597159184], [-49.13647298674028, -26.460846766581128], [-49.13647290877947, -26.460851606687356], [-49.13647379202772, -26.460852425066825], [-49.136483650686756, -26.460852553712446], [-49.13648362469996, -26.46085416708119], [-49.13648450794832, -26.460854985460596], [-49.136490781640596, -26.4608550673256], [-49.1364907556539, -26.460856680694363], [-49.13649163890233, -26.460857499073725], [-49.13649432762765, -26.460857534158635], [-49.136494301641, -26.460859147527387], [-49.136491612915634, -26.46085911244248], [-49.136490703680494, -26.460859907431878], [-49.13649067769379, -26.460861520800638], [-49.136487988968376, -26.46086148571566], [-49.1364870797332, -26.460862280705033], [-49.136487053746436, -26.460863894073793], [-49.136484365020976, -26.46086385898874], [-49.13648345578574, -26.46086465397808], [-49.13648339081872, -26.46086868739996], [-49.13647711712572, -26.460868605534586], [-49.13647620789041, -26.46086940052388], [-49.136476168910036, -26.460871820576997], [-49.1364698952169, -26.460871738711305], [-49.136468985981516, -26.460872533700545], [-49.136468959994495, -26.460874147069283], [-49.13646627126882, -26.46087411198388], [-49.13646536203339, -26.460874906973096], [-49.136465336046314, -26.460876520341834], [-49.13646264732059, -26.46087648525636], [-49.136461738085124, -26.46087728024555], [-49.13646171209799, -26.460878893614275], [-49.136455438404525, -26.460878811747918], [-49.136454529168994, -26.460879606737063], [-49.13645450318176, -26.46088122010579], [-49.13644822948819, -26.46088113823911], [-49.136447320252586, -26.460881933228205], [-49.13644729426525, -26.46088354659693], [-49.13644012432964, -26.46088345303461], [-49.13643921509396, -26.460884248023653], [-49.13643915012533, -26.460888281445413], [-49.136432876431435, -26.46088819957804], [-49.136431967195676, -26.460888994567032], [-49.136431941208116, -26.46089060793573], [-49.13642925248212, -26.46089057284961], [-49.136428343246315, -26.460891367838574], [-49.1364283042649, -26.460893787891614], [-49.13642561553883, -26.460893752805422], [-49.136424706302975, -26.460894547794354], [-49.136424680315315, -26.460896161163042], [-49.13642199158919, -26.46089612607678], [-49.1364210823533, -26.4608969210657], [-49.13642105636558, -26.46089853443438], [-49.13641478267119, -26.460898452566184], [-49.13641387343523, -26.46089924755504], [-49.13641384744741, -26.460900860923726], [-49.136407573752926, -26.4609007790552], [-49.13640666451689, -26.460901574044012], [-49.13640663852897, -26.460903187412683], [-49.13640036483439, -26.46090310554384], [-49.13639945559829, -26.460903900532607], [-49.136399429610265, -26.46090551390127], [-49.13639674088396, -26.46090547881452], [-49.13639583164783, -26.460906273803246], [-49.136395805659745, -26.460907887171917], [-49.13638863572283, -26.460907793606943], [-49.136387726486625, -26.460908588595622], [-49.136387700498425, -26.460910201964268], [-49.136381426803524, -26.460910120094578], [-49.136380517567254, -26.460910915083215], [-49.136380491578954, -26.460912528451857], [-49.136374217883954, -26.46091244658184], [-49.13637330864761, -26.460913241570413], [-49.13637326966501, -26.46091566162338], [-49.13637058093852, -26.460915626536117], [-49.13636967170212, -26.46091642152467], [-49.13636964571367, -26.46091803489331], [-49.13636337201841, -26.460917953022804], [-49.13636246278195, -26.46091874801131], [-49.13636243679339, -26.460920361379934], [-49.13635257812926, -26.46092023272565], [-49.13635166889272, -26.460921027714082], [-49.13635164290401, -26.460922641082682], [-49.136348954177386, -26.460922605995016], [-49.1363480449408, -26.460923400983425], [-49.136348018952035, -26.46092501435204], [-49.13634174525647, -26.46092493248056], [-49.13634083601982, -26.46092572746892], [-49.13634081003095, -26.460927340837525], [-49.13631571524846, -26.460927013348666], [-49.136315741237674, -26.46092539998008], [-49.13631485799009, -26.460924581599674], [-49.13629424441952, -26.460924312587576], [-49.13629333518256, -26.46092510757561], [-49.13629330919303, -26.46092672094418], [-49.13628703549757, -26.460926639070287], [-49.13628612626055, -26.46092743405827], [-49.13628606128646, -26.460931467479657], [-49.1362824763175, -26.460931420694425], [-49.1362815670804, -26.46093221568238], [-49.1362815410907, -26.46093382905093], [-49.13627885236393, -26.460933793961924], [-49.1362779431268, -26.460934588949847], [-49.13627786515753, -26.460939429055486], [-49.13627517643062, -26.460939393966406], [-49.13627426719342, -26.460940188954307], [-49.136274202218885, -26.46094422237566], [-49.13627151349188, -26.460944187286504], [-49.13627153948173, -26.46094257391796], [-49.136270656234345, -26.460941755537306], [-49.13626079756891, -26.460941626876583], [-49.13626082355891, -26.460940013508058], [-49.13625994031162, -26.46093919512732], [-49.13625725158475, -26.460939160037903], [-49.1362572775748, -26.460937546669378], [-49.13625639432755, -26.46093672828864], [-49.136253705600744, -26.460936693199155], [-49.13625374458588, -26.460934273146364], [-49.13625286133869, -26.460933454765605], [-49.136250172611966, -26.46093341967606], [-49.136250237587305, -26.46092938625476], [-49.13624935434017, -26.460928567873975], [-49.13624666561356, -26.46092853278437], [-49.136246730589015, -26.460924499363063], [-49.13624584734194, -26.46092368098227], [-49.13624315861545, -26.4609236458926], [-49.13624322359101, -26.46091961247131], [-49.136242340344, -26.460918794090492], [-49.136239651617636, -26.460918759000766], [-49.13623976857382, -26.460911498842435], [-49.13623888532689, -26.460910680461595], [-49.13623619660072, -26.46091064537182], [-49.13623630056193, -26.46090419189776], [-49.136235417315085, -26.460903373516906], [-49.136231832347086, -26.46090332673045], [-49.13623193630852, -26.4608968732564], [-49.13623105306175, -26.460896054875516], [-49.13622836433593, -26.46089601978561], [-49.13622855926388, -26.46088391952178], [-49.136231247989414, -26.46088395461167], [-49.13623215722643, -26.460883159624032], [-49.13623226118774, -26.46087670614996], [-49.13623584615492, -26.46087675293636], [-49.136236755391835, -26.46087595794869], [-49.13623691133336, -26.46086627773755], [-49.13623960005851, -26.46086631282726], [-49.13624050929532, -26.46086551783956], [-49.136240535285516, -26.46086390447104], [-49.136261148844696, -26.460864173490325], [-49.13626205808135, -26.460863378502467], [-49.13626208407124, -26.46086176513392], [-49.136271942729884, -26.460861893794192], [-49.13627285196645, -26.460861098806276], [-49.13627287795619, -26.460859485437705], [-49.13627915164796, -26.460859567312024], [-49.13628006088446, -26.46085877232405], [-49.136280086874095, -26.460857158955488], [-49.136287256807435, -26.46085725252574], [-49.13628816604386, -26.46085645753771], [-49.13628819203338, -26.46085484416914], [-49.13629446572496, -26.460854926042774], [-49.13629537496132, -26.46085413105469], [-49.136295400950736, -26.460852517686106], [-49.13630167464221, -26.460852599559416], [-49.13630258387851, -26.460851804571284], [-49.13630260986782, -26.460850191202702], [-49.136308883559195, -26.460850273075685], [-49.13630979279543, -26.460849478087496], [-49.13630981878464, -26.460847864718907], [-49.136312507509466, -26.460847899807224], [-49.13631341674565, -26.460847104819024], [-49.13631345572939, -26.46084468476612], [-49.13631972942051, -26.460844766638616], [-49.13632063865662, -26.46084397165036], [-49.13632066464568, -26.460842358281752], [-49.13632693833669, -26.460842440153915], [-49.13632784757274, -26.46084164516561], [-49.13632787356168, -26.460840031797005], [-49.13633056228637, -26.460840066884973], [-49.13633147152237, -26.460839271896635], [-49.13633149751127, -26.460837658528025], [-49.13633418623589, -26.460837693615915], [-49.13633509547186, -26.460836898627566], [-49.1363351214607, -26.460835285258934], [-49.13634229139291, -26.46083537882636], [-49.1363432006288, -26.46083458383795], [-49.136343226617534, -26.460832970469315], [-49.136349500308114, -26.46083305234047], [-49.13635040954394, -26.46083225735201], [-49.13635043553257, -26.46083064398337], [-49.136353124257056, -26.4608306790709], [-49.136354033492836, -26.460829884082408], [-49.13635405948141, -26.460828270713776], [-49.13635674820585, -26.460828305801236], [-49.13635765744159, -26.460827510812724], [-49.13635768343011, -26.460825897444074], [-49.1363603721545, -26.460825932531463], [-49.1363612813902, -26.460825137542926], [-49.1363613203729, -26.46082271748995], [-49.136367594062996, -26.460822799360283], [-49.13636850329862, -26.460822004371693], [-49.13636852928698, -26.46082039100304], [-49.136371218011256, -26.460820426090223], [-49.13637212724684, -26.4608196311016], [-49.13637215323515, -26.460818017732944], [-49.13637484195938, -26.460818052820056], [-49.13637575119492, -26.46081725783141], [-49.136375777183176, -26.460815644462745], [-49.13638205087293, -26.460815726332413], [-49.136382960108406, -26.460814931343727], [-49.13638298609656, -26.460813317975063], [-49.13638925978622, -26.460813399844408], [-49.136390169021624, -26.46081260485566], [-49.136390195009675, -26.46081099148699], [-49.13639288373377, -26.46081102657375], [-49.13639379296914, -26.460810231584986], [-49.13639381895713, -26.460808618216298], [-49.13640098888792, -26.46080871178069], [-49.13640189812321, -26.46080791679187], [-49.13640192411109, -26.460806303423183], [-49.1364046128351, -26.460806338509716], [-49.13640552207035, -26.460805543520866], [-49.13640554805818, -26.460803930152174], [-49.13641182174741, -26.460804012020503], [-49.13641273098259, -26.46080321703161], [-49.13641276996418, -26.460800796978557], [-49.13641545868807, -26.460800832064884], [-49.1364163679232, -26.460800037075956], [-49.13641639391088, -26.460798423707246], [-49.13641908263472, -26.4607984587935], [-49.1364199918698, -26.460797663804552], [-49.136420017857425, -26.460796050435846], [-49.13642270658121, -26.460796085522023], [-49.13642361581626, -26.460795290533053], [-49.13642364180382, -26.460793677164336], [-49.13642991549256, -26.460793759031848], [-49.13643082472755, -26.460792964042824], [-49.136430850715, -26.460791350674103], [-49.136433539438706, -26.46079138576007], [-49.13643444867364, -26.460790590771023], [-49.13643447466105, -26.460788977402295], [-49.136437163384706, -26.460789012488195], [-49.1364380726196, -26.460788217499122], [-49.13643809860695, -26.4607866041304], [-49.13644437229536, -26.460786685997252], [-49.13644528153019, -26.460785891008122], [-49.13644530751744, -26.460784277639387], [-49.13645247744694, -26.46078437120111], [-49.136453386681694, -26.46078357621193], [-49.136453412668835, -26.46078196284319], [-49.13645610139235, -26.460781997928727], [-49.13645701062706, -26.46078120293951], [-49.136457049607685, -26.460778782886397], [-49.136459738331126, -26.46077881797186], [-49.13646064756579, -26.460778022982623], [-49.13646067355282, -26.46077640961388], [-49.136466947240756, -26.46077649147971], [-49.136467856475356, -26.460775696490423], [-49.136467882462284, -26.460774083121667], [-49.13647057118564, -26.46077411820692], [-49.1364714804202, -26.460773323217616], [-49.13647150640706, -26.460771709848846], [-49.136477780094786, -26.460771791714194], [-49.13647868932927, -26.460770996724833], [-49.136478715316045, -26.460769383356073], [-49.13648140403931, -26.460769418441117], [-49.13648231327376, -26.46076862345172], [-49.136482339260475, -26.460767010082957], [-49.13648861294798, -26.46076709194781], [-49.13648952218235, -26.460766296958383], [-49.13648954816897, -26.46076468358959], [-49.13649223689213, -26.460764718674426], [-49.136493146126476, -26.460763923684972], [-49.136493172113035, -26.460762310316184], [-49.136499445800325, -26.460762392180552], [-49.13650035503459, -26.460761597191038], [-49.136500432993955, -26.46075675708467], [-49.136507602921974, -26.460756850643538], [-49.13650851215615, -26.46075605565397], [-49.13650853814248, -26.460754442285168], [-49.1365148118294, -26.460754524148832], [-49.1365157210635, -26.460753729159226], [-49.136515747049735, -26.460752115790417], [-49.13651843577266, -26.460752150874747], [-49.13651934500672, -26.460751355885094], [-49.1365193709929, -26.460749742516292], [-49.136522059715766, -26.460749777600544], [-49.136522968949784, -26.46074898261088], [-49.13652299493591, -26.46074736924206], [-49.136529268622496, -26.460747451105078], [-49.13653017785646, -26.460746656115354], [-49.136530203842476, -26.46074504274653], [-49.136536477528956, -26.46074512460922], [-49.13653738676285, -26.46074432961946], [-49.136537412748766, -26.460742716250632], [-49.1365401014715, -26.460742751334536], [-49.13654101070535, -26.460741956344737], [-49.13654103669122, -26.460740342975903], [-49.1365437254139, -26.46074037805974], [-49.136544634647706, -26.460739583069923], [-49.13654466063352, -26.460737969701082], [-49.136550934319665, -26.46073805156312], [-49.136551843553406, -26.460737256573253], [-49.13655188253197, -26.460734836519986], [-49.136559052458836, -26.4607349300762], [-49.1365599616925, -26.46073413508627], [-49.13655998767809, -26.460732521717432], [-49.13656267640062, -26.460732556800895], [-49.136563585634235, -26.460731761810948], [-49.136563611619785, -26.460730148442085], [-49.13656630034226, -26.460730183525484], [-49.13656720957584, -26.460729388535512], [-49.136567235561316, -26.46072777516665], [-49.13656992428375, -26.46072781024997], [-49.13657083351728, -26.460727015259973], [-49.13657085950271, -26.460725401891118], [-49.13657713318828, -26.46072548375196], [-49.136578042421746, -26.460724688761903], [-49.136578068407076, -26.460723075393044], [-49.13658434209253, -26.460723157253565], [-49.13658525132593, -26.460722362263464], [-49.13658527731117, -26.460720748894577], [-49.13658796603346, -26.46072078397756], [-49.13658887526682, -26.46071998898743], [-49.13658890125199, -26.460718375618555], [-49.13659158997424, -26.46071841070146], [-49.136592499207545, -26.460717615711303], [-49.13659252519267, -26.460716002342423], [-49.136595213914866, -26.460716037425257], [-49.13659612314814, -26.460715242435082], [-49.136596162125734, -26.46071282238174], [-49.13660243581071, -26.460712904241444], [-49.13660334504391, -26.460712109251215], [-49.13660337102887, -26.460710495882324], [-49.13660605975095, -26.460710530964946], [-49.136606968984104, -26.460709735974692], [-49.136606994969014, -26.460708122605787], [-49.136610579931734, -26.460708169382514], [-49.136611489164835, -26.460707374392232], [-49.136611515149674, -26.460705761023327], [-49.136614203871666, -26.460705796105792], [-49.136615113104725, -26.460705001115485], [-49.13661513908952, -26.460703387746573], [-49.13662141277405, -26.46070346960541], [-49.13662232200704, -26.46070267461505], [-49.13662234799173, -26.46070106124613], [-49.13662503671363, -26.460701096328386], [-49.136625945946584, -26.460700301338004], [-49.13662597193121, -26.460698687969085], [-49.13663224561553, -26.460698769827435], [-49.13663315484841, -26.460697974836993], [-49.136633180832945, -26.460696361468067], [-49.13663586955475, -26.460696396550112], [-49.1366367787876, -26.460695601559657], [-49.136636804772074, -26.460693988190727], [-49.136639493493824, -26.4606940232727], [-49.13664040272662, -26.46069322828221], [-49.13664044170326, -26.46069080822881], [-49.1366467153872, -26.4606908900865], [-49.136647624619926, -26.46069009509597], [-49.136647650604246, -26.460688481727026], [-49.13665033932589, -26.460688516808787], [-49.13665124855857, -26.46068772181822], [-49.13665127454284, -26.460686108449277], [-49.136657548226566, -26.46068619030648], [-49.136658457459184, -26.460685395315874], [-49.13665848344335, -26.460683781946916], [-49.13666565336749, -26.460683875497608], [-49.136666562600034, -26.46068308050694], [-49.136666588584085, -26.46068146713799], [-49.1366692773056, -26.46068150221939], [-49.1366701865381, -26.460680707228683], [-49.13667021252209, -26.460679093859724], [-49.13667290124355, -26.460679128941052], [-49.13667381047601, -26.460678333950337], [-49.136673836459956, -26.46067672058136], [-49.136676525181365, -26.46067675566261], [-49.13667743441378, -26.460675960671868], [-49.13667746039767, -26.460674347302902], [-49.13668373408085, -26.460674429158924], [-49.1366846433132, -26.46067363416812], [-49.13668466929698, -26.460672020799148], [-49.13668735801831, -26.460672055880192], [-49.13668826725061, -26.46067126088938], [-49.136688306226205, -26.460668840835897], [-49.136694579909125, -26.460668922691426], [-49.13669548914137, -26.460668127700558], [-49.13669551512499, -26.460666514331553], [-49.136698203846194, -26.460666549412394], [-49.13669911307839, -26.4606657544215], [-49.13669913906197, -26.460664141052494], [-49.136705412744675, -26.460664222907532], [-49.1367063219768, -26.460663427916593], [-49.13670634796027, -26.460661814547592], [-49.13670903668138, -26.46066184962822], [-49.13670994591346, -26.460661054637256], [-49.136709971896884, -26.460659441268245], [-49.13671714181973, -26.460659534816276], [-49.136718051051744, -26.460658739825256], [-49.13671807703504, -26.460657126456233], [-49.13672076575606, -26.46065716153663], [-49.13672167498803, -26.460656366545578], [-49.136721700971286, -26.460654753176566], [-49.13672797465356, -26.460654835030585], [-49.13672888388546, -26.460654040039476], [-49.13672890986861, -26.46065242667046], [-49.13673518355078, -26.460652508524152], [-49.13673609278263, -26.460651713533004], [-49.136736170731744, -26.4606468734259], [-49.13673885945256, -26.460646908505943], [-49.13673976868432, -26.46064611351477], [-49.13673979466731, -26.46064450014573], [-49.136742483388076, -26.460644535225704], [-49.13674339261979, -26.4606437402345], [-49.136743418602734, -26.460642126865466], [-49.13674610732344, -26.460642161945366], [-49.13674701655512, -26.460641366954135], [-49.136747042538, -26.460639753585085], [-49.136753316219554, -26.460639835437952], [-49.13675422545117, -26.46063904044667], [-49.13675425143395, -26.46063742707762], [-49.13675694015457, -26.46063746215732], [-49.136757849386136, -26.460636667166003], [-49.13675787536886, -26.46063505379695], [-49.13676056408943, -26.460635088876575], [-49.13676147332096, -26.460634293885242], [-49.136761499303624, -26.460632680516177], [-49.13676418802415, -26.46063271559573], [-49.136765097255626, -26.460631920604378], [-49.13676512323825, -26.460630307235316], [-49.13677229315952, -26.460630400780488], [-49.136773202390934, -26.460629605789066], [-49.13677322837343, -26.460627992419997], [-49.13677591709386, -26.46062802749932], [-49.136776826325224, -26.460627232507886], [-49.136776865298906, -26.46062481245427], [-49.13678313897976, -26.460624894305784], [-49.13678404821105, -26.4606240993143], [-49.13678407419339, -26.460622485945205], [-49.13679034787414, -26.460622567796396], [-49.13679125710537, -26.46062177280486], [-49.13679128308762, -26.46062015943577], [-49.13679397180789, -26.460620194514743], [-49.13679488103907, -26.46061939952318], [-49.13679490702127, -26.46061778615409], [-49.1367975957415, -26.460617821232997], [-49.13679850497263, -26.460617026241408], [-49.13679853095477, -26.460615412872304], [-49.13680480463519, -26.460615494722838], [-49.13680571386627, -26.4606146997312], [-49.1368057398483, -26.460613086362088], [-49.136808428568436, -26.460613121440787], [-49.13680933779947, -26.460612326449123], [-49.13680936378145, -26.460610713080012], [-49.13681205250153, -26.460610748158643], [-49.136812961732524, -26.460609953166944], [-49.13681298771445, -26.460608339797837], [-49.13681567643448, -26.460608374876387], [-49.136816585665436, -26.460607579884666], [-49.136816611647305, -26.46060596651555], [-49.13681930036729, -26.460606001594027], [-49.1368202095982, -26.460605206602292], [-49.13682024857093, -26.46060278654861], [-49.13683458841053, -26.460602973632877], [-49.136835497641314, -26.46060217864103], [-49.13683552362292, -26.460600565271896], [-49.13683821234281, -26.46060060035002], [-49.136839121573544, -26.460599805358136], [-49.136839147555094, -26.460598191989003], [-49.136845421234725, -26.460598273837707], [-49.136846330465396, -26.460597478845777], [-49.136846356446846, -26.460595865476627], [-49.136849045166635, -26.460595900554544], [-49.13684995439727, -26.460595105562597], [-49.136849980378656, -26.46059349219345], [-49.13685266909841, -26.46059352727129], [-49.136853578328996, -26.46059273227931], [-49.13685360431033, -26.460591118910155], [-49.136859877989636, -26.460591200758202], [-49.13686078722015, -26.460590405766187], [-49.13686081320139, -26.46058879239702], [-49.136867086880585, -26.460588874244742], [-49.136867996111036, -26.46058807925267], [-49.13686802209217, -26.460586465883495], [-49.13687429577127, -26.460586547730898], [-49.13687520500166, -26.460585752738773], [-49.13687523098269, -26.4605841393696], [-49.13687881594212, -26.460584186139396], [-49.136879725172456, -26.46058339114724], [-49.1368797641439, -26.46058097109347], [-49.136882452863404, -26.46058100617073], [-49.1368833620937, -26.460580211178556], [-49.1368833880746, -26.460578597809363], [-49.13688966175333, -26.46057867965607], [-49.13689057098355, -26.460577884663834], [-49.136890596964356, -26.46057627129464], [-49.13689328568377, -26.460576306371696], [-49.13689419491395, -26.46057551137944], [-49.1368942208947, -26.46057389801025], [-49.136896909614066, -26.46057393308723], [-49.136897818844204, -26.460573138094947], [-49.13689784482491, -26.460571524725744], [-49.136904118503296, -26.460571606571797], [-49.13690502773336, -26.460570811579466], [-49.13690505371397, -26.46056919821025], [-49.13691132739226, -26.460569280055974], [-49.136912236622265, -26.4605684850636], [-49.13691226260276, -26.460566871694382], [-49.13691853628096, -26.460566953539782], [-49.13691944551089, -26.460566158547348], [-49.13691947149129, -26.460564545178137], [-49.13692216021047, -26.46056458025463], [-49.136923069440364, -26.46056378526217], [-49.136923095420705, -26.460562171892946], [-49.13692578413983, -26.460562206969367], [-49.13692669336969, -26.460561411976887], [-49.136926732340115, -26.460558991923044], [-49.13692942105918, -26.460559026999395], [-49.136930330288976, -26.46055823200689], [-49.13693035626921, -26.46055661863766], [-49.136937526186586, -26.4605567121743], [-49.13693843541632, -26.460555917181726], [-49.13693846139643, -26.460554303812486], [-49.136941150115405, -26.460554338888613], [-49.136942059345095, -26.460553543896026], [-49.13694208532516, -26.46055193052678], [-49.13694835900265, -26.460552012370826], [-49.13694926823227, -26.460551217378185], [-49.13694929421223, -26.46054960400894], [-49.13695556788962, -26.460549685852662], [-49.13695647711918, -26.460548890859968], [-49.136956503099036, -26.460547277490715], [-49.136959191817866, -26.460547312566494], [-49.136960101047386, -26.46054651757378], [-49.13696012702719, -26.46054490420451], [-49.13696640070436, -26.46054498604775], [-49.13696730993381, -26.460544191054986], [-49.13696733591351, -26.46054257768571], [-49.13697002463225, -26.46054261276128], [-49.136970933861654, -26.46054181776849], [-49.13697095984131, -26.46054020439922], [-49.136973648559994, -26.460540239474717], [-49.13697455778936, -26.460539444481903], [-49.13697459675875, -26.460537024427982], [-49.13698087043555, -26.460537106270564], [-49.136981779664836, -26.4605363112777], [-49.136981805644325, -26.460534697908404], [-49.13698539060243, -26.460534744675442], [-49.136986299831676, -26.460533949682546], [-49.1369863258111, -26.46053233631325], [-49.13698901452963, -26.46053237138845], [-49.13698992375883, -26.460531576395525], [-49.1369899497382, -26.460529963026236], [-49.13699622341468, -26.460530044868126], [-49.136997132643806, -26.460529249875147], [-49.13699715862307, -26.460527636505844], [-49.136999847341514, -26.460527671580834], [-49.1370007565706, -26.46052687658784], [-49.13700078254981, -26.46052526321853], [-49.13700705622607, -26.460525345059924], [-49.13700796545509, -26.46052455006688], [-49.1370079914342, -26.46052293669757], [-49.13701068015256, -26.460522971772345], [-49.13701158938153, -26.460522176779264], [-49.137011615360585, -26.460520563409958], [-49.13701430407889, -26.460520598484667], [-49.137015213307826, -26.460519803491565], [-49.137015239286825, -26.460518190122237], [-49.137021512962754, -26.460518271962982], [-49.13702242219162, -26.460517476969834], [-49.13702250012832, -26.460512636861857], [-49.137025188846444, -26.460512671936346], [-49.137026098075246, -26.46051187694316], [-49.137026124054096, -26.460510263573838], [-49.13702881277217, -26.46051029864826], [-49.13702972200093, -26.460509503655057], [-49.13702974797972, -26.46050789028572], [-49.137036021655135, -26.460507972125793], [-49.13703693088383, -26.46050717713254], [-49.13703695686252, -26.4605055637632], [-49.137040541819836, -26.460505610528806], [-49.13704145104848, -26.46050481553551], [-49.1370414770271, -26.46050320216617], [-49.13704416574504, -26.460503237240296], [-49.13704507497364, -26.460502442246984], [-49.13704510095221, -26.460500828877635], [-49.1370477896701, -26.46050086395169], [-49.13704869889866, -26.46050006895835], [-49.137048724877175, -26.460498455588993], [-49.13705141359502, -26.460498490662978], [-49.13705232282353, -26.460497695669613], [-49.137052348801994, -26.46049608230026], [-49.13705503751978, -26.46049611737417], [-49.137055946748255, -26.460495322380783], [-49.13705598571587, -26.460492902326738], [-49.13705867443359, -26.460492937400577], [-49.13705958366201, -26.460492142407166], [-49.13705960964037, -26.46049052903779], [-49.13706229835804, -26.460490564111563], [-49.137063207586415, -26.460489769118123], [-49.13706323356472, -26.460488155748752], [-49.137065922282346, -26.460488190822446], [-49.13706683151068, -26.46048739582898], [-49.13706685748892, -26.460485782459614], [-49.1370695462065, -26.460485817533236], [-49.13707045543479, -26.46048502253975], [-49.137070481412984, -26.46048340917037], [-49.13707317013051, -26.46048344424392], [-49.137074079358754, -26.46048264925041], [-49.1370741053369, -26.46048103588102], [-49.13707679405437, -26.460481070954508], [-49.13707770328258, -26.460480275960965], [-49.13707772926067, -26.460478662591584], [-49.13708041797809, -26.460478697664996], [-49.13708132720625, -26.460477902671418], [-49.137081353184286, -26.46047628930203], [-49.13708404190167, -26.46047632437537], [-49.137084951129786, -26.46047552938178], [-49.13708497710776, -26.460473916012386], [-49.13708766582509, -26.460473951085657], [-49.13708857505317, -26.460473156092036], [-49.13708861402006, -26.460470736037944], [-49.13709130273732, -26.46047077111114], [-49.137092211965346, -26.460469976117494], [-49.13709223794322, -26.460468362748095], [-49.137095822899504, -26.460468409512252], [-49.137096732127475, -26.46046761451857], [-49.13709675810529, -26.46046600114917], [-49.13709944682245, -26.46046603622221], [-49.13710035605038, -26.460465241228505], [-49.13710042099476, -26.460461207804986], [-49.13710669466791, -26.46046128964182], [-49.13710760389576, -26.460460494648064], [-49.1371076298734, -26.460458881278647], [-49.137110318590416, -26.46045891635147], [-49.13711122781822, -26.460458121357696], [-49.1371112927622, -26.460454087934135], [-49.137113981479104, -26.460454123006887], [-49.13711489070685, -26.460453328013077], [-49.13711491668438, -26.46045171464366], [-49.137117605401244, -26.460451749716338], [-49.137118514628945, -26.460450954722504], [-49.13711855359517, -26.46044853466836], [-49.13712124231196, -26.460448569740965], [-49.13712215153961, -26.46044777474711], [-49.13712217751704, -26.46044616137767], [-49.137124866233776, -26.460446196450203], [-49.137125775461385, -26.460445401456326], [-49.13712580143876, -26.46044378808688], [-49.13712849015545, -26.46044382315935], [-49.137129399383014, -26.46044302816544], [-49.13712942536034, -26.460441414796005], [-49.13713211407698, -26.460441449868394], [-49.1371330233045, -26.46044065487446], [-49.13713304928177, -26.460439041505015], [-49.13713573799836, -26.460439076577337], [-49.13713664722584, -26.460438281583375], [-49.13713667320305, -26.460436668213923], [-49.137139361919594, -26.460436703286174], [-49.13714027114703, -26.460435908292187], [-49.13714029712419, -26.460434294922738], [-49.13714298584068, -26.46043432999492], [-49.13714389506807, -26.460433535000902], [-49.13714392104519, -26.46043192163145], [-49.137147506000446, -26.46043196839425], [-49.13714841522778, -26.46043117340021], [-49.13714844120483, -26.460429560030743], [-49.13715112992122, -26.46042959510276], [-49.13715203914852, -26.460428800108698], [-49.13715207811401, -26.460426380054496], [-49.137154766830335, -26.46042641512644], [-49.13715567605758, -26.460425620132348], [-49.13715574099992, -26.460421586708677], [-49.13715842971615, -26.46042162178055], [-49.137159338943334, -26.46042082678642], [-49.137159364920215, -26.460419213416948], [-49.137165638591284, -26.460419295251075], [-49.1371665478184, -26.46041850025691], [-49.137166612760346, -26.46041446683321], [-49.13716930147642, -26.460414501904864], [-49.137170210703474, -26.460413706910664], [-49.1371702366802, -26.460412093541176], [-49.137172925396214, -26.46041212861277], [-49.137173834623226, -26.460411333618545], [-49.137173860599894, -26.46040972024905], [-49.13717654931587, -26.460409755320573], [-49.13717745854284, -26.46040896032632], [-49.137177484519455, -26.460407346956835], [-49.13718017323538, -26.460407382028276], [-49.1371810824623, -26.460406587034], [-49.13718116039198, -26.460401746925506], [-49.137183849107785, -26.46040178199687], [-49.137184758334634, -26.46040098700258], [-49.13718478431114, -26.46039937363307], [-49.13718747302689, -26.46039940870437], [-49.137188382253704, -26.46039861371004], [-49.13718840823015, -26.46039700034054], [-49.137191096945855, -26.460397035411766], [-49.137192006172626, -26.460396240417413], [-49.13719207111362, -26.460392206993628], [-49.13719475982921, -26.46039224206479], [-49.13719566905591, -26.460391447070407], [-49.137195695032254, -26.460389833700894], [-49.1371983837478, -26.46038986877198], [-49.137199292974465, -26.460389073777563], [-49.13719935791518, -26.46038504035377], [-49.1372029428691, -26.460385087115107], [-49.137203852095695, -26.460384292120665], [-49.13720389106002, -26.460381872066378], [-49.137206579775395, -26.460381907137297], [-49.13720748900193, -26.46038111214283], [-49.1372075149781, -26.46037949877331], [-49.13721020369342, -26.460379533844158], [-49.13721111291993, -26.460378738849656], [-49.137211138896035, -26.46037712548013], [-49.137213827611305, -26.460377160550905], [-49.13721473683776, -26.46037636555639], [-49.13721480177791, -26.460372332132554], [-49.13721749049307, -26.460372367203256], [-49.137218399719465, -26.4603715722087], [-49.13721842569547, -26.460369958839166], [-49.137221114410586, -26.460369993909797], [-49.13722202363694, -26.460369198915227], [-49.13722204961289, -26.460367585545683], [-49.13722473832795, -26.46036762061624], [-49.13722564755426, -26.46036682562164], [-49.13722571249399, -26.460362792197774], [-49.13722840120896, -26.460362827268263], [-49.1372293104352, -26.46036203227364], [-49.137229349398964, -26.46035961221931], [-49.13723203811385, -26.460359647289724], [-49.13723294734005, -26.460358852295073], [-49.13723301227951, -26.460354818871178], [-49.137235700994296, -26.460354853941514], [-49.13723661022043, -26.46035405894684], [-49.13723663619616, -26.460352445577282], [-49.137239324910894, -26.460352480647547], [-49.137240234136975, -26.46035168565285], [-49.13724029907617, -26.46034765222893], [-49.1372429877908, -26.46034768729912], [-49.13724389701682, -26.46034689230439], [-49.13724396195587, -26.46034285888048], [-49.13724665067039, -26.460342893950592], [-49.13724755989635, -26.460342098955838], [-49.13724758587191, -26.46034048558626], [-49.13725027458639, -26.460340520656302], [-49.1372511838123, -26.46033972566152], [-49.13725122277557, -26.46033730560716], [-49.137253911489985, -26.46033734067713], [-49.137254820715846, -26.460336545682317], [-49.13725488565448, -26.46033251225837], [-49.13725847060689, -26.460332559018223], [-49.137259379832685, -26.46033176402338], [-49.137259405808074, -26.460330150653792], [-49.13726209452233, -26.460330185723603], [-49.13726300374808, -26.460329390728738], [-49.137263029723414, -26.460327777359147], [-49.13726571843762, -26.460327812428886], [-49.13726662766333, -26.46032701743399], [-49.13726669260153, -26.46032298401001], [-49.137269381315626, -26.46032301907967], [-49.137270290541274, -26.460322224084756], [-49.1372703165165, -26.46032061071515], [-49.13727300523055, -26.460320645784744], [-49.13727391445615, -26.460319850789798], [-49.13727399238166, -26.460315010680993], [-49.137276681095585, -26.460315045750512], [-49.13727759032111, -26.46031425075554], [-49.137277616296224, -26.460312637385925], [-49.1372803050101, -26.46031267245538], [-49.13728121423559, -26.460311877460377], [-49.137281240210655, -26.460310264090765], [-49.13728392892448, -26.460310299160138], [-49.13728483814993, -26.460309504165114], [-49.13728490308744, -26.46030547074108], [-49.13728759180116, -26.460305505810382], [-49.137288501026546, -26.460304710815326], [-49.137288565963914, -26.460300677391285], [-49.137291254677535, -26.460300712460505], [-49.13729216390285, -26.46029991746542], [-49.13729218987775, -26.4602983040958], [-49.13729487859131, -26.460298339164957], [-49.13729578781659, -26.460297544169848], [-49.137295813791425, -26.460295930800218], [-49.13729850250494, -26.4602959658693], [-49.13729941173018, -26.460295170874176], [-49.13729948965453, -26.460290330765286], [-49.137302178367925, -26.460290365834297], [-49.13730308759309, -26.460289570839127], [-49.13730311356782, -26.460287957469497], [-49.13730580228116, -26.46028799253843], [-49.137306711506284, -26.46028719754325], [-49.13730677644297, -26.460283164119147], [-49.13731036139395, -26.460283210877616], [-49.137311270619, -26.460282415882396], [-49.137311296593616, -26.460280802512756], [-49.1373139853068, -26.46028083758153], [-49.137314894531805, -26.460280042586287], [-49.137314959468185, -26.46027600916216], [-49.13731764818127, -26.460276044230856], [-49.13731855740622, -26.460275249235586], [-49.1373186353297, -26.460270409126633], [-49.13732132404266, -26.460270444195253], [-49.13732223326753, -26.46026964919996], [-49.13732225924198, -26.460268035830303], [-49.13732494795488, -26.46026807089885], [-49.13732585717971, -26.460267275903526], [-49.13732592211568, -26.460263242479375], [-49.13732861082848, -26.46026327754785], [-49.13732952005325, -26.460262482552487], [-49.13732954602758, -26.460260869182832], [-49.13733223474033, -26.460260904251236], [-49.13733314396506, -26.460260109255856], [-49.13733316993934, -26.460258495886187], [-49.13733585865204, -26.460258530954526], [-49.13733676787672, -26.46025773595912], [-49.13733679385094, -26.460256122589453], [-49.1373394825636, -26.460256157657717], [-49.137340391788236, -26.460255362662277], [-49.137340456723656, -26.460251329238087], [-49.137343145436205, -26.460251364306274], [-49.13734405466078, -26.460250569310823], [-49.137344093621955, -26.460248149256298], [-49.13734678233443, -26.460248184324414], [-49.13734769155896, -26.460247389328934], [-49.13734771753302, -26.460245775959255], [-49.137350406245446, -26.460245811027296], [-49.13735131546993, -26.460245016031784], [-49.137351380404944, -26.46024098260756], [-49.137354069117265, -26.460241017675532], [-49.13735497834168, -26.46024022268], [-49.13735500431563, -26.460238609310302], [-49.137357693027916, -26.4602386443782], [-49.137358602252284, -26.460237849382636], [-49.13735862822618, -26.46023623601295], [-49.13736131693841, -26.460236271080774], [-49.13736222616274, -26.460235476085188], [-49.13736229109735, -26.460231442660927], [-49.137365876046836, -26.46023148941792], [-49.137366785271105, -26.4602306944223], [-49.13736681124488, -26.4602290810526], [-49.137369499956954, -26.460229116120264], [-49.137370409181166, -26.46022832112462], [-49.13737044814175, -26.460225901070057], [-49.13737313685375, -26.460225936137647], [-49.13737404607792, -26.460225141141976], [-49.13737407205159, -26.460223527772254], [-49.13737676076355, -26.460223562839783], [-49.13737766998767, -26.46022276784408], [-49.13737773492171, -26.460218734419787], [-49.13738042363355, -26.460218769487234], [-49.137381332857615, -26.460217974491506], [-49.13738135883118, -26.460216361121784], [-49.13738404754297, -26.46021639618916], [-49.137384956766994, -26.460215601193415], [-49.1373849827405, -26.460213987823685], [-49.137387671452245, -26.460214022890987], [-49.13738858067622, -26.460213227895213], [-49.13738860664967, -26.46021161452548], [-49.137391295361375, -26.46021164959272], [-49.13739220458531, -26.460210854596916], [-49.1373922305587, -26.460209241227183], [-49.137394919270356, -26.460209276294346], [-49.13739582849425, -26.460208481298523], [-49.13739585446759, -26.460206867928772], [-49.137398543179195, -26.46020690299587], [-49.13739945240304, -26.460206108000015], [-49.13739956928283, -26.460198847836175], [-49.13740225799425, -26.46019888290319], [-49.13740316721801, -26.460198087907305], [-49.13740323215109, -26.46019405448294], [-49.1374059208624, -26.46019408954987], [-49.13740683008609, -26.46019329455396], [-49.137406856059265, -26.460191681184213], [-49.13740954477053, -26.46019171625108], [-49.13741045399418, -26.460190921255148], [-49.1374104799673, -26.460189307885386], [-49.13741316867851, -26.46018934295218], [-49.13741407790212, -26.460188547956225], [-49.137414103875194, -26.460186934586453], [-49.13741768882341, -26.460186981342076], [-49.13741859804697, -26.46018618634609], [-49.13741862401997, -26.460184572976324], [-49.137421312731085, -26.460184608042965], [-49.13742222195461, -26.46018381304695], [-49.13742226091402, -26.460181392992293], [-49.13742494962508, -26.460181428058853], [-49.13742585884854, -26.460180633062816], [-49.13742588482144, -26.460179019693037], [-49.13742857353243, -26.460179054759532], [-49.137429482755856, -26.46017825976346], [-49.13742954768796, -26.46017422633902], [-49.13743223639885, -26.460174261405438], [-49.13743314562221, -26.46017346640934], [-49.13743317159499, -26.460171853039558], [-49.137435860305835, -26.460171888105908], [-49.13743676952915, -26.46017109310979], [-49.13743679550189, -26.46016947974], [-49.13743948421268, -26.460169514806278], [-49.13744039343595, -26.460168719810127], [-49.13744041940863, -26.460167106440345], [-49.13744310811938, -26.46016714150655], [-49.1374440173426, -26.460166346510373], [-49.13744404331523, -26.46016473314058], [-49.13744673202592, -26.460164768206713], [-49.13744764124911, -26.46016397321052], [-49.13744768020797, -26.46016155315582], [-49.13745036891859, -26.46016158822188], [-49.13745127814173, -26.460160793225658], [-49.13745130411425, -26.460159179855854], [-49.137453992824824, -26.46015921492184], [-49.13745490204792, -26.46015841992559], [-49.13745492802039, -26.460156806555794], [-49.13745761673091, -26.46015684162171], [-49.13745852595397, -26.46015604662543], [-49.13745859088498, -26.460152013200908], [-49.137461279595406, -26.46015204826675], [-49.1374621888184, -26.46015125327045], [-49.13746221479075, -26.460149639900642], [-49.137464903501126, -26.460149674966416], [-49.13746581272407, -26.460148879970085], [-49.13746587765481, -26.460144846545546], [-49.13746856636509, -26.460144881611235], [-49.13746947558796, -26.460144086614882], [-49.137469501560204, -26.460142473245057], [-49.137473086507164, -26.46014251999922], [-49.13747399573, -26.46014172500283], [-49.13747403468826, -26.460139304948086], [-49.137476723398414, -26.460139340013626], [-49.13747763262119, -26.460138545017216], [-49.1374776975515, -26.460134511592642], [-49.13748038626155, -26.460134546658107], [-49.137481295484264, -26.46013375166167], [-49.137481321456335, -26.46013213829183], [-49.13748401016633, -26.460132173357216], [-49.13748491938901, -26.460131378360757], [-49.137484945361024, -26.460129764990914], [-49.13748763407097, -26.460129800056244], [-49.1374885432936, -26.46012900505974], [-49.137488569265564, -26.460127391689905], [-49.137491257975455, -26.460127426755154], [-49.13749216719805, -26.460126631758637], [-49.137492193169955, -26.460125018388787], [-49.137494881879796, -26.460125053453968], [-49.137495791102346, -26.46012425845742], [-49.1374958170742, -26.46012264508758], [-49.137498505784, -26.460122680152683], [-49.1374994150065, -26.46012188515611], [-49.1374994409783, -26.46012027178626], [-49.13750212968805, -26.460120306851298], [-49.13750303891051, -26.460119511854703], [-49.13750307786813, -26.460117091799916], [-49.13750576657782, -26.460117126864876], [-49.13750667580022, -26.460116331868253], [-49.13750670177192, -26.460114718498392], [-49.13750939048155, -26.46011475356329], [-49.13751029970391, -26.460113958566637], [-49.13751032567556, -26.460112345196777], [-49.13751301438513, -26.460112380261602], [-49.13751392360746, -26.460111585264926], [-49.137513949579045, -26.460109971895054], [-49.137516638288574, -26.460110006959802], [-49.13751754751085, -26.460109211963108], [-49.13751757348239, -26.460107598593233], [-49.13752026219187, -26.46010763365791], [-49.13752117141411, -26.46010683866119], [-49.137521236342806, -26.460102805236506], [-49.137523925052186, -26.460102840301104], [-49.13752483427435, -26.46010204530436], [-49.137524860245776, -26.46010043193447], [-49.13752844519155, -26.46010047868717], [-49.13752935441368, -26.460099683690387], [-49.13752938038504, -26.4600980703205], [-49.13753206909431, -26.460098105384944], [-49.13753297831639, -26.460097310388136], [-49.13753301727335, -26.460094890333302], [-49.13753929092818, -26.460094972150095], [-49.13754020015019, -26.460094177153238], [-49.13754022612139, -26.46009256378334], [-49.13754291483056, -26.460092598847577], [-49.13754382405252, -26.460091803850695], [-49.13754388898039, -26.460087770425936], [-49.137546577689456, -26.460087805490094], [-49.13754748691136, -26.460087010493186], [-49.13754751288245, -26.460085397123283], [-49.13755020159146, -26.460085432187373], [-49.13755111081332, -26.460084637190434], [-49.13755113678435, -26.460083023820523], [-49.13755382549332, -26.46008305888454], [-49.13755473471514, -26.46008226388758], [-49.13755476068612, -26.460080650517664], [-49.13755744939503, -26.46008068558161], [-49.13755835861681, -26.460079890584627], [-49.13755838458774, -26.46007827721471], [-49.137561073296595, -26.460078312278586], [-49.13756198251833, -26.46007751728157], [-49.137562008489205, -26.460075903911648], [-49.13756469719802, -26.460075938975457], [-49.137565606419706, -26.460075143978422], [-49.13756564537595, -26.460072723923524], [-49.13756833408469, -26.46007275898726], [-49.13756924330633, -26.460071963990192], [-49.137569269277094, -26.460070350620256], [-49.1375719579858, -26.460070385683924], [-49.13757286720739, -26.46006959068684], [-49.137572932134184, -26.460065557262], [-49.13758010202376, -26.460065650764786], [-49.13758101124527, -26.460064855767637], [-49.137581076171756, -26.460060822342786], [-49.137583764880254, -26.46006085740622], [-49.13758467410169, -26.46006006240903], [-49.13758470007223, -26.460058449039085], [-49.13758738878068, -26.460058484102447], [-49.13758829800207, -26.46005768910525], [-49.13758832397256, -26.46005607573529], [-49.13759459762549, -26.460056157549545], [-49.137595506846814, -26.460055362552293], [-49.1375955328172, -26.460053749182336], [-49.13759822152555, -26.460053784245478], [-49.137599130746835, -26.460052989248208], [-49.13759916970234, -26.460050569193257], [-49.13760185841062, -26.46005060425633], [-49.137602767631854, -26.460049809259036], [-49.137602793602134, -26.460048195889076], [-49.13760906725468, -26.460048277702672], [-49.137609976475844, -26.46004748270532], [-49.137610002446024, -26.46004586933534], [-49.13761627609847, -26.46004595114861], [-49.13761718531958, -26.46004515615121], [-49.13761721128965, -26.460043542781225], [-49.137619899997794, -26.46004357784395], [-49.13762080921886, -26.460042782846532], [-49.137620835188876, -26.460041169476547], [-49.13762710884111, -26.46004125128933], [-49.1376280180621, -26.460040456291846], [-49.13762804403202, -26.460038842921858], [-49.13763073274008, -26.46003887798437], [-49.13763164196103, -26.460038082986877], [-49.13763166793089, -26.46003646961688], [-49.137635252874894, -26.46003651636679], [-49.1376361620958, -26.460035721369263], [-49.13763618806559, -26.460034107999267], [-49.13763887677356, -26.460034143061623], [-49.13763978599441, -26.46003334806405], [-49.13763981196416, -26.460031734694056], [-49.137642500672065, -26.460031769756345], [-49.13764340989288, -26.460030974758755], [-49.13764344884742, -26.46002855470374], [-49.13764613755525, -26.460028589765955], [-49.137647046776024, -26.46002779476835], [-49.13764707274566, -26.460026181398334], [-49.137649761453446, -26.460026216460477], [-49.13765067067417, -26.460025421462845], [-49.13765069664375, -26.460023808092828], [-49.137656970295154, -26.46002388990425], [-49.13765787951581, -26.460023094906557], [-49.13765790548529, -26.460021481536533], [-49.13766417913659, -26.460021563347638], [-49.137665088357174, -26.460020768349903], [-49.13766511432656, -26.46001915497987], [-49.13766780303421, -26.46001919004166], [-49.13766871225476, -26.4600183950439], [-49.13766873822408, -26.460016781673865], [-49.13767142693169, -26.46001681673559], [-49.13767233615219, -26.460016021737797], [-49.137672362121464, -26.46001440836777], [-49.13767505082902, -26.46001444342942], [-49.13767596004948, -26.460013648431605], [-49.13767598601869, -26.46001203506156], [-49.137682259669546, -26.46001211687184], [-49.13768316888994, -26.460011321873978], [-49.13768319485906, -26.460009708503925], [-49.13768588356652, -26.46000974356537], [-49.13768679278687, -26.46000894856748], [-49.13768683174046, -26.460006528512395], [-49.13769041668366, -26.46000657526088], [-49.13769132590395, -26.46000578026296], [-49.137691351872945, -26.46000416689291], [-49.13769404058029, -26.460004201954195], [-49.13769494980055, -26.460003406956247], [-49.13769497576949, -26.46000179358618], [-49.13770124941985, -26.460001875395594], [-49.137702158640046, -26.460001080397607], [-49.13770218460888, -26.45999946702753], [-49.13770487331613, -26.459999502088603], [-49.13770578253627, -26.45999870709058], [-49.137705847458236, -26.459994673665403], [-49.137708536165384, -26.459994708726402], [-49.13770944538547, -26.45999391372836], [-49.13770947135419, -26.459992300358277], [-49.13771216006129, -26.4599923354192], [-49.137713069281325, -26.45999154042113], [-49.13771309525001, -26.459989927051048], [-49.137715783957056, -26.459989962111905], [-49.137716693177055, -26.459989167113793], [-49.13771671914568, -26.459987553743723], [-49.13771940785267, -26.459987588804506], [-49.13772031707262, -26.459986793806376], [-49.137720356025476, -26.45998437375125], [-49.13772662967498, -26.459984455559493], [-49.137727538894865, -26.459983660561313], [-49.137727564863326, -26.45998204719122], [-49.13773025357021, -26.459982082251795], [-49.137731162790054, -26.459981287253594], [-49.137731188758465, -26.459979673883502], [-49.1377338774653, -26.459979708943997], [-49.1377347866851, -26.459978913945765], [-49.137734812653456, -26.459977300575666], [-49.13774198253823, -26.459977394070037], [-49.13774289175795, -26.45997659907176], [-49.1377429177262, -26.459974985701642], [-49.137745606432944, -26.45997502076192], [-49.13774651565262, -26.45997422576361], [-49.137746541620814, -26.459972612393493], [-49.13775281526978, -26.45997269420056], [-49.13775372448939, -26.459971899202202], [-49.13775375045748, -26.459970285832078], [-49.13775643916413, -26.45997032089215], [-49.1377573483837, -26.459969525893765], [-49.137757374351736, -26.459967912523634], [-49.13776364800048, -26.45996799433021], [-49.13776455721999, -26.45996719933178], [-49.137764583187916, -26.459965585961644], [-49.137767271894475, -26.459965621021496], [-49.13776818111394, -26.459964826023036], [-49.13776822006575, -26.459962405967833], [-49.13777449371425, -26.459962487773918], [-49.13777540293363, -26.459961692775412], [-49.1377754289014, -26.459960079405267], [-49.137781702549795, -26.45996016121103], [-49.13778261176911, -26.459959366212473], [-49.137782637736784, -26.459957752842314], [-49.13778891138507, -26.459957834647753], [-49.13778982060433, -26.45995703964915], [-49.1377898465719, -26.459955426278984], [-49.137792535278265, -26.459955461338353], [-49.137793444497476, -26.45995466633972], [-49.137793470464985, -26.459953052969563], [-49.137797055406736, -26.459953099715282], [-49.13779796462591, -26.4599523047166], [-49.137797990593356, -26.459950691346442], [-49.13780426424131, -26.45995077315119], [-49.137805173460414, -26.459949978152473], [-49.13780519942776, -26.459948364782296], [-49.137807888133985, -26.459948399841366], [-49.13780879735304, -26.459947604842625], [-49.13780882332033, -26.459945991472452], [-49.13781509696807, -26.459946073276704], [-49.137816006187066, -26.459945278277907], [-49.13781603215425, -26.459943664907726], [-49.13781872086039, -26.459943699966583], [-49.13781963007933, -26.459942904967768], [-49.13781966903003, -26.459940484912483], [-49.137825942677516, -26.45994056671625], [-49.137826851896385, -26.45993977171738], [-49.137826877863425, -26.459938158347178], [-49.137833151510804, -26.45993824015062], [-49.13783406072962, -26.459937445151702], [-49.13783408669654, -26.459935831781507], [-49.13783677540252, -26.459935866840016], [-49.13783768462128, -26.459935071841066], [-49.13783771058816, -26.459933458470857], [-49.13784398423533, -26.459933540273813], [-49.13784489345402, -26.45993274527482], [-49.13784491942079, -26.459931131904607], [-49.13784850436197, -26.459931178648997], [-49.137849413580625, -26.459930383649972], [-49.13784943954733, -26.45992877027975], [-49.13785571319429, -26.45992885208217], [-49.13785662241287, -26.4599280570831], [-49.137856648379476, -26.459926443712877], [-49.1378665069674, -26.459926572258908], [-49.1378674161859, -26.45992577725976], [-49.13786744215235, -26.459924163889514], [-49.13787371579912, -26.459924245691134], [-49.13787462501755, -26.45992345069194], [-49.137874650983896, -26.45992183732169], [-49.13788092463057, -26.459921919122987], [-49.13788183384893, -26.45992112412374], [-49.137881872798296, -26.459918704068365], [-49.1378953163266, -26.459918879355815], [-49.13789622554485, -26.459918084356467], [-49.13789625151088, -26.459916470986208], [-49.13790700633341, -26.45991661121518], [-49.13790791555155, -26.459915816215755], [-49.137907941517426, -26.45991420284548], [-49.1379142151638, -26.459914284645286], [-49.137915124381884, -26.459913489645814], [-49.13791515034766, -26.459911876275523], [-49.13792142399393, -26.459911958075015], [-49.137922333211954, -26.459911163075486], [-49.13792235917762, -26.4599095497052], [-49.1379286328238, -26.459909631504367], [-49.13792954204175, -26.459908836504788], [-49.137929568007316, -26.45990722313449], [-49.137935841653395, -26.459907304933328], [-49.137936750871276, -26.45990650993371], [-49.13793677683674, -26.459904896563398], [-49.137946635423276, -26.459905025103804], [-49.13794754464108, -26.459904230104105], [-49.13794757060639, -26.459902616733793], [-49.13795025931177, -26.459902651790124], [-49.137951168529526, -26.4599018567904], [-49.13795119449478, -26.459900243420083], [-49.13796194931612, -26.459900383644843], [-49.13796285853378, -26.459899588645033], [-49.137962897481415, -26.45989716858954], [-49.13796917112707, -26.459897250386884], [-49.13797008034466, -26.45989645538703], [-49.137970106309645, -26.459894842016688], [-49.13797637995519, -26.459894923813714], [-49.13797728917271, -26.45989412881381], [-49.1379773151376, -26.45989251544347], [-49.137983588783044, -26.459892597240177], [-49.1379844980005, -26.459891802240215], [-49.13798452396528, -26.459890188869867], [-49.137994382550836, -26.45989031740691], [-49.137995291768206, -26.459889522406883], [-49.13799531773284, -26.459887909036517], [-49.13800517631826, -26.459888037572806], [-49.13800608553554, -26.4598872425727], [-49.13800611150001, -26.45988562920233], [-49.13801328138022, -26.459885722682785], [-49.138014190597424, -26.459884927682626], [-49.138014216561785, -26.45988331431225], [-49.13801690526682, -26.459883349367306], [-49.13801781448398, -26.459882554367123], [-49.138017840448285, -26.459880940996737], [-49.13803128397325, -26.459881116271163], [-49.1380321931903, -26.459880321270887], [-49.1380322191544, -26.459878707900483], [-49.13804207773925, -26.459878836434186], [-49.138042986956215, -26.45987804143383], [-49.138043025902135, -26.459875621378213], [-49.13804571460703, -26.45987565643272], [-49.13804662382395, -26.459874861432336], [-49.138046649787846, -26.459873248061932], [-49.13805292343249, -26.459873329855533], [-49.13805383264935, -26.459872534855105], [-49.138053858613134, -26.459870921484683], [-49.13806461343238, -26.459871061701563], [-49.138065522649136, -26.459870266701053], [-49.138065548612765, -26.459868653330616], [-49.13807182225723, -26.459868735123376], [-49.13807273147392, -26.459867940122816], [-49.13807275743744, -26.459866326752387], [-49.138079031081816, -26.45986640854482], [-49.13807994029844, -26.459865613544203], [-49.138079966261856, -26.459864000173763], [-49.13808623990613, -26.45986408196588], [-49.13808714912268, -26.459863286965216], [-49.13808717508599, -26.45986167359476], [-49.13809344873017, -26.459861755386548], [-49.138094357946656, -26.45986096038584], [-49.138094383909866, -26.45985934701538], [-49.13810065755394, -26.45985942880685], [-49.138101566770366, -26.459858633806082], [-49.13810159273348, -26.459857020435624], [-49.138107866377446, -26.459857102226767], [-49.1381087755938, -26.459856307225955], [-49.13810881453831, -26.459853887170247], [-49.138111503242804, -26.459853922223484], [-49.138112412459115, -26.45985312722265], [-49.13811243842206, -26.45985151385217], [-49.13811960830059, -26.459851607327177], [-49.13812051751683, -26.459850812326287], [-49.138120543479666, -26.4598491989558], [-49.13812681712328, -26.459849280746095], [-49.13812772633945, -26.459848485745145], [-49.13812775230218, -26.459846872374655], [-49.138134025945696, -26.459846954164625], [-49.13813493516181, -26.45984615916363], [-49.13813496112443, -26.459844545793132], [-49.13814123476785, -26.459844627582775], [-49.138142143983885, -26.45984383258173], [-49.13814216994641, -26.459842219211218], [-49.13814844358973, -26.45984230100054], [-49.1381493528057, -26.459841505999446], [-49.13814937876812, -26.459839892628942], [-49.13816640722833, -26.459840114627003], [-49.13816731644417, -26.459839319625797], [-49.13816734240634, -26.459837706255257], [-49.13817451228424, -26.459837799727463], [-49.13817542150001, -26.459837004726197], [-49.13817544746206, -26.459835391355654], [-49.13818172110512, -26.459835473143492], [-49.13818169514315, -26.45983708651404], [-49.138182578396915, -26.459837904883265], [-49.13818526710114, -26.459837939935102], [-49.138185241139226, -26.459839553305656], [-49.13818612439303, -26.459840371674858], [-49.138195982975475, -26.45984050019777], [-49.13819595701371, -26.45984211356832], [-49.138196840267604, -26.459842931937466], [-49.138203113911146, -26.459843013724385], [-49.13820308794947, -26.459844627094952], [-49.138203971203446, -26.45984544546406], [-49.13820665990789, -26.4598454805155], [-49.13820663394626, -26.45984709388607], [-49.13820751720028, -26.459847912255157], [-49.13822544189707, -26.45984814593004], [-49.1382254159357, -26.45984975930062], [-49.138226299189874, -26.459850577669602], [-49.13822898789447, -26.459850612720633], [-49.138228961933144, -26.459852226091215], [-49.13822984518737, -26.45985304446017], [-49.13823253389203, -26.459853079511127], [-49.13823245600818, -26.459857919622895], [-49.13823333926246, -26.459858737991834], [-49.13823602796727, -26.459858773042743], [-49.138235807296674, -26.45987248669274], [-49.13823311859156, -26.459872451641814], [-49.138232209375865, -26.459873246643458], [-49.138232144472596, -26.459877280069907], [-49.13822945576738, -26.459877245018912], [-49.13822854655162, -26.45987804002052], [-49.138228429725466, -26.459885300188127], [-49.13822574102007, -26.45988526513705], [-49.13822483180422, -26.45988606013863], [-49.138224727958516, -26.45989251362092], [-49.13822114301776, -26.45989246688603], [-49.138220233801825, -26.459893261887583], [-49.13822016889808, -26.459897295314], [-49.13821748019241, -26.45989726026275], [-49.13821657097642, -26.45989805526427], [-49.13821654501486, -26.459899668634836], [-49.13821385630914, -26.459899633583515], [-49.13821294709311, -26.45990042858501], [-49.13821286920828, -26.459905268696687], [-49.13821018050244, -26.45990523364528], [-49.13820927128633, -26.459906028646763], [-49.138209206382164, -26.45991006207315], [-49.13820293273496, -26.4599099802863], [-49.138202023518765, -26.459910775287717], [-49.138201997557, -26.459912388658253], [-49.13819930885101, -26.459912353606647], [-49.13819839963477, -26.45991314860805], [-49.138198334730205, -26.4599171820344], [-49.1381884761412, -26.459917053511308], [-49.138187566924856, -26.45991784851262], [-49.138187540962875, -26.459919461883164], [-49.13818126731525, -26.459919380095343], [-49.13818035809883, -26.4599201750966], [-49.13818033213675, -26.459921788467117], [-49.13817764343057, -26.459921753415088], [-49.13817673421411, -26.45992254841633], [-49.13817669527091, -26.459924968472112], [-49.13817757852526, -26.4599257868414], [-49.138180267231526, -26.45992582189343], [-49.13818024126944, -26.459927435263957], [-49.13818112452383, -26.459928253633223], [-49.138183813230164, -26.459928288685187], [-49.13818378726812, -26.459929902055723], [-49.138184670522556, -26.459930720424964], [-49.13819811405458, -26.459930895683996], [-49.138199023270964, -26.45993010068262], [-49.1381990492328, -26.459928487312073], [-49.13821249276467, -26.45992866256974], [-49.138213401980956, -26.459927867568265], [-49.13821342794258, -26.459926254197708], [-49.138238522535225, -26.45992658134178], [-49.13823849657395, -26.459928194712358], [-49.13823937982878, -26.45992901308128], [-49.13824206853523, -26.45992904813216], [-49.13824200363214, -26.459933081558606], [-49.138242886887035, -26.45993389992751], [-49.138245575593594, -26.459933934978324], [-49.1382455496324, -26.459935548348906], [-49.13824643288735, -26.4599363667178], [-49.1382670463049, -26.45993663543894], [-49.138267020344, -26.459938248809546], [-49.13826790359912, -26.459939067178297], [-49.13829299819533, -26.459939394312947], [-49.138292972234794, -26.459941007683575], [-49.13829385549013, -26.459941826052187], [-49.13830729902428, -26.459942001301012], [-49.138308208240055, -26.4599412062989], [-49.13830823420038, -26.459939592928265], [-49.138354838452095, -26.459940200447384], [-49.138355747667546, -26.459939405444963], [-49.13835577362721, -26.459937792074278], [-49.138365632218914, -26.45993792058592], [-49.13836654143427, -26.45993712558341], [-49.13836656739378, -26.459935512212713], [-49.13837642598535, -26.4599356407236], [-49.13837733520062, -26.459934845721023], [-49.138377361159975, -26.459933232350323], [-49.138413210583685, -26.459933699656627], [-49.1384141197987, -26.4599329046538], [-49.13841414575755, -26.45993129128306], [-49.138435655411755, -26.45993157166236], [-49.138436564626616, -26.45993077665938], [-49.13843659058514, -26.45992916328862], [-49.138457204003636, -26.45992943198226], [-49.13845811321834, -26.459928636979132], [-49.13845815215567, -26.45992621692297], [-49.138468010746955, -26.45992634542749], [-49.13846891996156, -26.459925550424295], [-49.13846894591963, -26.459923937053507], [-49.1384859743953, -26.45992415901413], [-49.13848688360978, -26.459923364010812], [-49.13848690956759, -26.45992175064], [-49.138497664394215, -26.45992189082453], [-49.138498573608594, -26.459921095821134], [-49.13849859956624, -26.459919482450307], [-49.13850487321501, -26.459919564224194], [-49.13850578242933, -26.45991876922075], [-49.138505808386874, -26.459917155849933], [-49.1385228368619, -26.459917377806104], [-49.13852374607608, -26.459916582802524], [-49.13852377203337, -26.45991496943169], [-49.13854080050826, -26.45991519138571], [-49.13854170972231, -26.459914396382022], [-49.13854173567934, -26.459912783011152], [-49.13855607544753, -26.459912969918122], [-49.13855698466146, -26.459912174914322], [-49.138557010618285, -26.45991056154345], [-49.138566869208795, -26.459910690041077], [-49.13856777842263, -26.4599098950372], [-49.1385678043793, -26.459908281666323], [-49.13858483285363, -26.459908503615047], [-49.138585742067335, -26.459907708611052], [-49.138585781001964, -26.459905288554697], [-49.138596535827666, -26.4599054287317], [-49.13859744504126, -26.45990463372763], [-49.13859747099752, -26.459903020356712], [-49.13861091452948, -26.459903195576732], [-49.13861182374297, -26.459902400572567], [-49.13861184969902, -26.459900787201637], [-49.13863963299824, -26.45990114931879], [-49.138640542211526, -26.45990035431442], [-49.138640568167176, -26.459898740943473], [-49.13866207781812, -26.45989902128836], [-49.13866298703124, -26.459898226283844], [-49.13866301298657, -26.45989661291287], [-49.1386800414601, -26.45989683485015], [-49.1386809506731, -26.45989603984551], [-49.13868097662817, -26.459894426474513], [-49.138713241104234, -26.459894846981445], [-49.138714150317, -26.45989405197659], [-49.138714176271606, -26.459892438605564], [-49.13873120474503, -26.459892660536717], [-49.13873211395765, -26.459891865531727], [-49.138732139912015, -26.459890252160683], [-49.13874199850178, -26.459890380646137], [-49.13874290771432, -26.45988958564108], [-49.138742933668524, -26.459887972270028], [-49.13875727343528, -26.459888159156637], [-49.1387581826477, -26.459887364151466], [-49.138758221578684, -26.459884944094874], [-49.13877166510978, -26.459885119299653], [-49.13877257432208, -26.45988432429439], [-49.13877260027587, -26.459882710923317], [-49.13877887392363, -26.45988279268506], [-49.138779783135874, -26.459881997679755], [-49.138779809089556, -26.459880384308665], [-49.13882999827158, -26.459881038392375], [-49.13883090748348, -26.459880243386717], [-49.13883093343644, -26.459878630015577], [-49.13887395273582, -26.459879190644415], [-49.13887388785489, -26.459883224072353], [-49.13887477111416, -26.45988404243756], [-49.13887745982053, -26.45988407747643], [-49.13887743386821, -26.459885690847596], [-49.138878317127514, -26.459886509212797], [-49.13890251548556, -26.45988682456017], [-49.138903424697034, -26.45988602955402], [-49.138903450648996, -26.45988441618283], [-49.13891779041662, -26.45988460305331], [-49.13891869962798, -26.459883808047056], [-49.13891872557973, -26.459882194675842], [-49.13893575405362, -26.459882416582527], [-49.13893666326484, -26.45988162157616], [-49.138936689216344, -26.459880008204923], [-49.13896088757383, -26.459880323542336], [-49.13896179678487, -26.4598795285358], [-49.138961822736015, -26.45987791516455], [-49.138972577561475, -26.45987805531312], [-49.13897348677243, -26.459877260306488], [-49.1389735127234, -26.45987564693523], [-49.13897620142973, -26.45987568197222], [-49.13897711064063, -26.45987488696558], [-49.13897713659155, -26.459873273594305], [-49.13898341023953, -26.459873355347046], [-49.13898431945037, -26.459872560340354], [-49.13898434540119, -26.459870946969083], [-49.139001373874066, -26.45987116886786], [-49.13900228308477, -26.459870373861037], [-49.13900230903534, -26.459868760489748], [-49.13901575256643, -26.459868935671466], [-49.13901666177702, -26.459868140664547], [-49.13901670070256, -26.45986572060759], [-49.13902745552723, -26.459865860751957], [-49.139028364737726, -26.459865065744964], [-49.13902839068792, -26.459863452373643], [-49.13903466433555, -26.459863534124107], [-49.139035573545975, -26.459862739117057], [-49.13903559949607, -26.45986112574574], [-49.13905621290948, -26.459861394352313], [-49.13905712211975, -26.45986059934511], [-49.13905714806954, -26.459858985973764], [-49.13906700665847, -26.45985911443665], [-49.13906791586865, -26.459858319429387], [-49.13906794181829, -26.459856706058027], [-49.1390742154657, -26.45985678780674], [-49.139075124675806, -26.459855992799415], [-49.13907522847394, -26.459849539313968], [-49.139078813415104, -26.459849586027357], [-49.13907972262513, -26.459848791020008], [-49.139079748574595, -26.459847177648637], [-49.139082437280415, -26.4598472126836], [-49.1390833464904, -26.45984641767622], [-49.13908342433862, -26.459841577562106], [-49.13908611304432, -26.45984161259699], [-49.13908702225423, -26.459840817589583], [-49.139087048203585, -26.459839204218202]], [[-49.138298802751045, -26.459801497856027], [-49.13829877679075, -26.45980311122669], [-49.13829966004514, -26.459803929595232], [-49.13830234874876, -26.459803964644816], [-49.138302192987226, -26.4598136448688], [-49.13829950428337, -26.459813609819193], [-49.1382985950686, -26.45981440482131], [-49.13829841334635, -26.459825698415898], [-49.13828496982578, -26.459825523166945], [-49.138284060610815, -26.45982631816896], [-49.138284034650276, -26.459827931539607], [-49.13827686477255, -26.45982783807293], [-49.13827692967412, -26.45982380464634], [-49.13828051461286, -26.459823851379717], [-49.13828142382783, -26.459823056377722], [-49.13828148872923, -26.459819022951116], [-49.13828417743318, -26.459819058001067], [-49.13828508664808, -26.45981826299905], [-49.138285112608585, -26.459816649628415], [-49.13828780131249, -26.45981668467829], [-49.13828871052735, -26.45981588967624], [-49.13828882734936, -26.45980862950832], [-49.13829151605308, -26.459808664558118], [-49.13829242526785, -26.459807869556048], [-49.13829249016883, -26.459803836129414], [-49.13829517887244, -26.459803871179137], [-49.138296088087145, -26.459803076177035], [-49.13829611404748, -26.459801462806375]], [[-49.138341028359875, -26.45968424753277], [-49.1383410024003, -26.459685860903505], [-49.138341885654164, -26.459686679271762], [-49.13834457435513, -26.459686714320412], [-49.13834443157769, -26.459695587859407], [-49.13834531483165, -26.459696406227657], [-49.13834800353285, -26.459696441276254], [-49.138347925654365, -26.459701281388437], [-49.1383488089084, -26.459702099756658], [-49.138351497609726, -26.459702134805195], [-49.138351471650275, -26.45970374817593], [-49.13835235490435, -26.459704566544133], [-49.138358628540956, -26.45970464832383], [-49.1383586025816, -26.45970626169457], [-49.138355913880154, -26.45970622664616], [-49.13835500466664, -26.45970702164871], [-49.138354978707234, -26.459708635019442], [-49.13835229000574, -26.45970859997096], [-49.13835138079219, -26.45970939497348], [-49.13835131589354, -26.459713428400313], [-49.13834862719193, -26.459713393351755], [-49.13834771797831, -26.45971418835426], [-49.1383476920188, -26.45971580172497], [-49.13834500331715, -26.459715766676347], [-49.13834409410349, -26.459716561678828], [-49.138344068143915, -26.459718175049545], [-49.138337794506626, -26.459718093269174], [-49.13833782046628, -26.459716479898457], [-49.13833693721224, -26.45971566153016], [-49.13832976734125, -26.459715568066507], [-49.13832983224066, -26.459711534639734], [-49.138328948986704, -26.459710716271402], [-49.138326260285204, -26.45971068122243], [-49.138326649682114, -26.459686480661787], [-49.1383374044859, -26.459686620857234], [-49.13833831369936, -26.45968582585479], [-49.138338339658965, -26.459684212484056]]]}, "properties": {"source": "test_image.tif", "road_count": 6}}]}