{
  "type": "FeatureCollection",
  "features": [
    {
      "type": "Feature",
      "geometry": {
        "type": "MultiLineString",
        "coordinates": [
          [
            [
              114.7364003626871,
              -3.457070840543277
            ],
            [
              114.7364003626871,
              -3.4570920918347507
            ],
            [
              114.73640019504904,
              -3.4570922591677533
            ],
            [
              114.73639499826905,
              -3.4570922591677533
            ],
            [
              114.73639499826905,
              -3.4571243871035593
            ],
            [
              114.73640019504904,
              -3.4571243871035593
            ],
            [
              114.73640019504904,
              -3.4571138451247423
            ],
            [
              114.7364003626871,
              -3.4571136777917446
            ],
            [
              114.73640555946707,
              -3.4571136777917446
            ],
            [
              114.73640555946707,
              -3.457070840543277
            ]
          ],
          [
            [
              114.73642198799729,
              -3.4569739547280838
            ],
            [
              114.73642198799729,
              -3.456989851365107
            ],
            [
              114.73642182035923,
              -3.4569900186981273
            ],
            [
              114.73641645594118,
              -3.4569900186981273
            ],
            [
              114.73641645594118,
              -3.4570437325959813
            ],
            [
              114.73641628830312,
              -3.4570438999289923
            ],
            [
              114.73641109152315,
              -3.4570438999289923
            ],
            [
              114.73641109152315,
              -3.457054441908586
            ],
            [
              114.73642182035923,
              -3.457054441908586
            ],
            [
              114.73642182035923,
              -3.4570438999289923
            ],
            [
              114.73642198799729,
              -3.4570437325959813
            ],
            [
              114.73642718477723,
              -3.4570437325959813
            ],
            [
              114.73642718477723,
              -3.4570116046574433
            ],
            [
              114.73642735241532,
              -3.4570114373244274
            ],
            [
              114.73643254919529,
              -3.4570114373244274
            ],
            [
              114.73643254919529,
              -3.456979309384795
            ],
            [
              114.73642735241532,
              -3.456979309384795
            ],
            [
              114.73642718477723,
              -3.4569791420517735
            ],
            [
              114.73642718477723,
              -3.4569739547280838
            ]
          ],
          [
            [
              114.73643808125136,
              -3.456920073493244
            ],
            [
              114.73643808125136,
              -3.456930782807245
            ],
            [
              114.73643791361332,
              -3.4569309501402756
            ],
            [
              114.73643271683333,
              -3.4569309501402756
            ],
            [
              114.73643271683333,
              -3.4569684327383188
            ],
            [
              114.73643791361332,
              -3.4569684327383188
            ],
            [
              114.73643808125136,
              -3.4569686000713427
            ],
            [
              114.73643808125136,
              -3.4569737873950612
            ],
            [
              114.73644327803133,
              -3.4569737873950612
            ],
            [
              114.73644327803133,
              -3.4569523687679102
            ],
            [
              114.7364434456694,
              -3.4569522014348832
            ],
            [
              114.73644864244936,
              -3.4569522014348832
            ],
            [
              114.73644864244936,
              -3.456920073493244
            ]
          ],
          [
            [
              114.74056650383946,
              -3.4565273427853587
            ],
            [
              114.74056650383946,
              -3.4565326974445902
            ],
            [
              114.74056633620141,
              -3.456532864777691
            ],
            [
              114.74056113942144,
              -3.456532864777691
            ],
            [
              114.74056113942144,
              -3.4565434067629646
            ],
            [
              114.74056097178338,
              -3.4565435740960635
            ],
            [
              114.74055577500341,
              -3.4565435740960635
            ],
            [
              114.74055577500341,
              -3.4565649927324453
            ],
            [
              114.74055560736535,
              -3.45656516006554
            ],
            [
              114.74055041058539,
              -3.45656516006554
            ],
            [
              114.74055041058539,
              -3.456575702050455
            ],
            [
              114.74057170061945,
              -3.456575702050455
            ],
            [
              114.74057170061945,
              -3.456570514724559
            ],
            [
              114.74057186825752,
              -3.456570347391465
            ],
            [
              114.74057706503746,
              -3.456570347391465
            ],
            [
              114.74057706503746,
              -3.456532864777691
            ],
            [
              114.74057186825752,
              -3.456532864777691
            ],
            [
              114.74057170061945,
              -3.4565326974445902
            ],
            [
              114.74057170061945,
              -3.4565273427853587
            ]
          ],
          [
            [
              114.73836223094344,
              -3.4564413335672954
            ],
            [
              114.73836223094344,
              -3.4564465208938975
            ],
            [
              114.73836206330537,
              -3.4564466882270133
            ],
            [
              114.73835669888733,
              -3.4564466882270133
            ],
            [
              114.73835669888733,
              -3.456451875553586
            ],
            [
              114.73835653124927,
              -3.456452042886701
            ],
            [
              114.73833524121522,
              -3.456452042886701
            ],
            [
              114.73833524121522,
              -3.456457230213245
            ],
            [
              114.73833507357713,
              -3.4564573975463584
            ],
            [
              114.73826516850471,
              -3.4564573975463584
            ],
            [
              114.73826516850471,
              -3.456462752205986
            ],
            [
              114.73826500086663,
              -3.456462919539098
            ],
            [
              114.7382435431945,
              -3.456462919539098
            ],
            [
              114.7382435431945,
              -3.4564681068655823
            ],
            [
              114.73824337555645,
              -3.456468274198695
            ],
            [
              114.7382381787765,
              -3.456468274198695
            ],
            [
              114.7382381787765,
              -3.456473461525149
            ],
            [
              114.73823801113842,
              -3.45647362885826
            ],
            [
              114.73818973137615,
              -3.45647362885826
            ],
            [
              114.73818973137615,
              -3.456478816184686
            ],
            [
              114.73818956373808,
              -3.4564789835177963
            ],
            [
              114.738173470484,
              -3.4564789835177963
            ],
            [
              114.738173470484,
              -3.4564841708441922
            ],
            [
              114.73817330284594,
              -3.4564843381773014
            ],
            [
              114.7381520128119,
              -3.4564843381773014
            ],
            [
              114.7381520128119,
              -3.4564895255036685
            ],
            [
              114.73815184517383,
              -3.4564896928367768
            ],
            [
              114.73814664839384,
              -3.4564896928367768
            ],
            [
              114.73814664839384,
              -3.4564950474962215
            ],
            [
              114.73814648075579,
              -3.456495214829329
            ],
            [
              114.73813575191973,
              -3.456495214829329
            ],
            [
              114.73813575191973,
              -3.4565004021556365
            ],
            [
              114.73813558428168,
              -3.4565005694887416
            ],
            [
              114.73807657568334,
              -3.4565005694887416
            ],
            [
              114.73807657568334,
              -3.4565057568150204
            ],
            [
              114.73807640804529,
              -3.4565059241481264
            ],
            [
              114.73805495037318,
              -3.4565059241481264
            ],
            [
              114.73805495037318,
              -3.4565111114743754
            ],
            [
              114.73805478273509,
              -3.456511278807479
            ],
            [
              114.73804958595512,
              -3.456511278807479
            ],
            [
              114.73804958595512,
              -3.4565164661336993
            ],
            [
              114.73804941831708,
              -3.4565166334668027
            ],
            [
              114.73803332506296,
              -3.4565166334668027
            ],
            [
              114.73803332506296,
              -3.456521820792993
            ],
            [
              114.73803315742491,
              -3.4565219881260956
            ],
            [
              114.73800113855481,
              -3.4565219881260956
            ],
            [
              114.73800113855481,
              -3.4565271754522566
            ],
            [
              114.73800097091673,
              -3.4565273427853587
            ],
            [
              114.7379741488266,
              -3.4565273427853587
            ],
            [
              114.7379741488266,
              -3.4565326974445902
            ],
            [
              114.73808713688133,
              -3.4565326974445902
            ],
            [
              114.73808713688133,
              -3.4565273427853587
            ],
            [
              114.73808730451941,
              -3.4565271754522566
            ],
            [
              114.73809786571739,
              -3.4565271754522566
            ],
            [
              114.73809786571739,
              -3.4565219881260956
            ],
            [
              114.73809803335547,
              -3.456521820792993
            ],
            [
              114.73811412660955,
              -3.456521820792993
            ],
            [
              114.73811412660955,
              -3.4565166334668027
            ],
            [
              114.73811429424761,
              -3.4565164661336993
            ],
            [
              114.73813558428168,
              -3.4565164661336993
            ],
            [
              114.73813558428168,
              -3.456511278807479
            ],
            [
              114.73813575191973,
              -3.4565111114743754
            ],
            [
              114.73817883490203,
              -3.4565111114743754
            ],
            [
              114.73817883490203,
              -3.4565059241481264
            ],
            [
              114.73817900254008,
              -3.4565057568150204
            ],
            [
              114.73819492815613,
              -3.4565057568150204
            ],
            [
              114.73819492815613,
              -3.4565005694887416
            ],
            [
              114.73819509579418,
              -3.4565004021556365
            ],
            [
              114.73821655346632,
              -3.4565004021556365
            ],
            [
              114.73821655346632,
              -3.456495214829329
            ],
            [
              114.73821672110437,
              -3.4564950474962215
            ],
            [
              114.73823264672039,
              -3.4564950474962215
            ],
            [
              114.73823264672039,
              -3.4564896928367768
            ],
            [
              114.73823281435845,
              -3.4564895255036685
            ],
            [
              114.73826500086663,
              -3.4564895255036685
            ],
            [
              114.73826500086663,
              -3.4564843381773014
            ],
            [
              114.73826516850471,
              -3.4564841708441922
            ],
            [
              114.73827036528466,
              -3.4564841708441922
            ],
            [
              114.73827036528466,
              -3.4564789835177963
            ],
            [
              114.73827053292274,
              -3.456478816184686
            ],
            [
              114.73829199059485,
              -3.456478816184686
            ],
            [
              114.73829199059485,
              -3.45647362885826
            ],
            [
              114.73829215823291,
              -3.456473461525149
            ],
            [
              114.73835116683125,
              -3.456473461525149
            ],
            [
              114.73835116683125,
              -3.456468274198695
            ],
            [
              114.7383513344693,
              -3.4564681068655823
            ],
            [
              114.73836206330537,
              -3.4564681068655823
            ],
            [
              114.73836206330537,
              -3.456462919539098
            ],
            [
              114.73836223094344,
              -3.456462752205986
            ],
            [
              114.73838352097748,
              -3.456462752205986
            ],
            [
              114.73838368861557,
              -3.456462919539098
            ],
            [
              114.73838368861557,
              -3.4564681068655823
            ],
            [
              114.73839441745162,
              -3.4564681068655823
            ],
            [
              114.73839441745162,
              -3.456462919539098
            ],
            [
              114.73839458508968,
              -3.456462752205986
            ],
            [
              114.73841587512372,
              -3.456462752205986
            ],
            [
              114.73841587512372,
              -3.4564573975463584
            ],
            [
              114.7384160427618,
              -3.456457230213245
            ],
            [
              114.73842123954175,
              -3.456457230213245
            ],
            [
              114.73842123954175,
              -3.456452042886701
            ],
            [
              114.7384214071798,
              -3.456451875553586
            ],
            [
              114.7384266039598,
              -3.456451875553586
            ],
            [
              114.7384266039598,
              -3.4564466882270133
            ],
            [
              114.73842677159786,
              -3.4564465208938975
            ],
            [
              114.73843213601589,
              -3.4564465208938975
            ],
            [
              114.73843213601589,
              -3.4564413335672954
            ]
          ],
          [
            [
              114.73659431992648,
              -3.4563067977319615
            ],
            [
              114.73659431992648,
              -3.4563119850592994
            ],
            [
              114.73659415228842,
              -3.456312152392439
            ],
            [
              114.73658895550845,
              -3.456312152392439
            ],
            [
              114.73658895550845,
              -3.4563282163736897
            ],
            [
              114.73659415228842,
              -3.4563282163736897
            ],
            [
              114.73659431992648,
              -3.4563283837068264
            ],
            [
              114.73659431992648,
              -3.456338925694372
            ],
            [
              114.73659415228842,
              -3.4563390930275073
            ],
            [
              114.73658895550845,
              -3.4563390930275073
            ],
            [
              114.73658895550845,
              -3.4563551570083013
            ],
            [
              114.7365887878704,
              -3.456355324341433
            ],
            [
              114.73658359109042,
              -3.456355324341433
            ],
            [
              114.73658359109042,
              -3.456371220988824
            ],
            [
              114.73658342345237,
              -3.4563713883219536
            ],
            [
              114.7365782266724,
              -3.4563713883219536
            ],
            [
              114.7365782266724,
              -3.4564035162821765
            ],
            [
              114.73657805903434,
              -3.4564036836153003
            ],
            [
              114.73657286225438,
              -3.4564036836153003
            ],
            [
              114.73657286225438,
              -3.456414225602009
            ],
            [
              114.7365726946163,
              -3.4564143929351303
            ],
            [
              114.73656749783635,
              -3.4564143929351303
            ],
            [
              114.73656749783635,
              -3.4564358115744294
            ],
            [
              114.7365673301983,
              -3.456435978907547
            ],
            [
              114.73656196578024,
              -3.456435978907547
            ],
            [
              114.73656196578024,
              -3.456457230213245
            ],
            [
              114.73656179814219,
              -3.4564573975463584
            ],
            [
              114.73655660136221,
              -3.4564573975463584
            ],
            [
              114.73655660136221,
              -3.456462752205986
            ],
            [
              114.73655643372416,
              -3.456462919539098
            ],
            [
              114.7365512369442,
              -3.456462919539098
            ],
            [
              114.7365512369442,
              -3.4564895255036685
            ],
            [
              114.73655106930613,
              -3.4564896928367768
            ],
            [
              114.73654587252616,
              -3.4564896928367768
            ],
            [
              114.73654587252616,
              -3.4565164661336993
            ],
            [
              114.7365457048881,
              -3.4565166334668027
            ],
            [
              114.7365405081081,
              -3.4565166334668027
            ],
            [
              114.7365405081081,
              -3.456538052103793
            ],
            [
              114.73654034047006,
              -3.4565382194368923
            ],
            [
              114.7365351436901,
              -3.4565382194368923
            ],
            [
              114.7365351436901,
              -3.4565434067629646
            ],
            [
              114.73653497605203,
              -3.4565435740960635
            ],
            [
              114.73652977927206,
              -3.4565435740960635
            ],
            [
              114.73652977927206,
              -3.456559470740299
            ],
            [
              114.736529611634,
              -3.456559638073395
            ],
            [
              114.73652424721597,
              -3.456559638073395
            ],
            [
              114.73652424721597,
              -3.456591766027242
            ],
            [
              114.73652407957789,
              -3.4565919333603325
            ],
            [
              114.73651888279795,
              -3.4565919333603325
            ],
            [
              114.73651888279795,
              -3.456602642678038
            ],
            [
              114.73651871515989,
              -3.4566028100111263
            ],
            [
              114.73651351837992,
              -3.4566028100111263
            ],
            [
              114.73651351837992,
              -3.4566187066543694
            ],
            [
              114.73651335074184,
              -3.456618873987455
            ],
            [
              114.73650815396186,
              -3.456618873987455
            ],
            [
              114.73650815396186,
              -3.456640292622137
            ],
            [
              114.73650798632382,
              -3.456640459955218
            ],
            [
              114.73650278954386,
              -3.456640459955218
            ],
            [
              114.73650278954386,
              -3.45665635659783
            ],
            [
              114.73650262190579,
              -3.4566565239309095
            ],
            [
              114.73649742512582,
              -3.4566565239309095
            ],
            [
              114.73649742512582,
              -3.456667065914808
            ],
            [
              114.73649725748776,
              -3.4566672332478854
            ],
            [
              114.73649189306974,
              -3.4566672332478854
            ],
            [
              114.73649189306974,
              -3.4566832972231225
            ],
            [
              114.73649172543165,
              -3.4566834645561966
            ],
            [
              114.73648652865171,
              -3.4566834645561966
            ],
            [
              114.73648652865171,
              -3.4566993611980883
            ],
            [
              114.73648636101363,
              -3.4566995285311592
            ],
            [
              114.73648116423368,
              -3.4566995285311592
            ],
            [
              114.73648116423368,
              -3.45672630182216
            ],
            [
              114.7364809965956,
              -3.4567264691552255
            ],
            [
              114.73647579981564,
              -3.4567264691552255
            ],
            [
              114.73647579981564,
              -3.4567532424454654
            ],
            [
              114.73647563217757,
              -3.4567534097785266
            ],
            [
              114.73647043539764,
              -3.4567534097785266
            ],
            [
              114.73647043539764,
              -3.4567801830680063
            ],
            [
              114.73647026775954,
              -3.456780350401063
            ],
            [
              114.73646507097958,
              -3.456780350401063
            ],
            [
              114.73646507097958,
              -3.45680695635673
            ],
            [
              114.73646490334153,
              -3.456807123689782
            ],
            [
              114.73645970656155,
              -3.456807123689782
            ],
            [
              114.73645970656155,
              -3.456839251635247
            ],
            [
              114.73645953892347,
              -3.4568394189682934
            ],
            [
              114.73645417450547,
              -3.4568394189682934
            ],
            [
              114.73645417450547,
              -3.456855482940614
            ],
            [
              114.73645400686739,
              -3.456855650273658
            ],
            [
              114.73644881008742,
              -3.456855650273658
            ],
            [
              114.73644881008742,
              -3.4568661922553443
            ],
            [
              114.73644864244936,
              -3.456866359588387
            ],
            [
              114.7364434456694,
              -3.456866359588387
            ],
            [
              114.7364434456694,
              -3.4568822562272135
            ],
            [
              114.73644864244936,
              -3.4568822562272135
            ],
            [
              114.73644881008742,
              -3.456882423560251
            ],
            [
              114.73644881008742,
              -3.4568877782174794
            ],
            [
              114.73645400686739,
              -3.4568877782174794
            ],
            [
              114.73645417450547,
              -3.456887945550517
            ],
            [
              114.73645417450547,
              -3.456898487531845
            ],
            [
              114.73645953892347,
              -3.456898487531845
            ],
            [
              114.73645970656155,
              -3.4568986548648803
            ],
            [
              114.73645970656155,
              -3.4569038421889817
            ],
            [
              114.73646490334153,
              -3.4569038421889817
            ],
            [
              114.73646490334153,
              -3.4568933002077142
            ],
            [
              114.73646507097958,
              -3.456893132874677
            ],
            [
              114.73647026775954,
              -3.456893132874677
            ],
            [
              114.73647026775954,
              -3.456882423560251
            ],
            [
              114.73647043539764,
              -3.4568822562272135
            ],
            [
              114.73647563217757,
              -3.4568822562272135
            ],
            [
              114.73647563217757,
              -3.456866359588387
            ],
            [
              114.73647579981564,
              -3.4568661922553443
            ],
            [
              114.7364809965956,
              -3.4568661922553443
            ],
            [
              114.7364809965956,
              -3.4568610049310373
            ],
            [
              114.73648116423368,
              -3.4568608375979952
            ],
            [
              114.73648636101363,
              -3.4568608375979952
            ],
            [
              114.73648636101363,
              -3.4568394189682934
            ],
            [
              114.73648652865171,
              -3.456839251635247
            ],
            [
              114.73649172543165,
              -3.456839251635247
            ],
            [
              114.73649172543165,
              -3.4568180003381075
            ],
            [
              114.73649189306974,
              -3.456817833005058
            ],
            [
              114.73649725748776,
              -3.456817833005058
            ],
            [
              114.73649725748776,
              -3.456791059716641
            ],
            [
              114.73649742512582,
              -3.4567908923835864
            ],
            [
              114.73650262190579,
              -3.4567908923835864
            ],
            [
              114.73650262190579,
              -3.456780350401063
            ],
            [
              114.73650278954386,
              -3.4567801830680063
            ],
            [
              114.73650798632382,
              -3.4567801830680063
            ],
            [
              114.73650798632382,
              -3.4567694737523054
            ],
            [
              114.73650815396186,
              -3.4567693064192464
            ],
            [
              114.73651335074184,
              -3.4567693064192464
            ],
            [
              114.73651335074184,
              -3.456742533129461
            ],
            [
              114.73651351837992,
              -3.456742365796397
            ],
            [
              114.73651871515989,
              -3.456742365796397
            ],
            [
              114.73651871515989,
              -3.4566995285311592
            ],
            [
              114.73651888279795,
              -3.4566993611980883
            ],
            [
              114.73652407957789,
              -3.4566993611980883
            ],
            [
              114.73652407957789,
              -3.4566781098978154
            ],
            [
              114.73652424721597,
              -3.456677942564741
            ],
            [
              114.736529611634,
              -3.456677942564741
            ],
            [
              114.736529611634,
              -3.4566672332478854
            ],
            [
              114.73652977927206,
              -3.456667065914808
            ],
            [
              114.73653497605203,
              -3.456667065914808
            ],
            [
              114.73653497605203,
              -3.4566511692723756
            ],
            [
              114.7365351436901,
              -3.456651001939296
            ],
            [
              114.73654034047006,
              -3.456651001939296
            ],
            [
              114.73654034047006,
              -3.456618873987455
            ],
            [
              114.7365405081081,
              -3.4566187066543694
            ],
            [
              114.7365457048881,
              -3.4566187066543694
            ],
            [
              114.7365457048881,
              -3.4565919333603325
            ],
            [
              114.73654587252616,
              -3.456591766027242
            ],
            [
              114.73655106930613,
              -3.456591766027242
            ],
            [
              114.73655106930613,
              -3.4565812240425062
            ],
            [
              114.7365512369442,
              -3.456581056709414
            ],
            [
              114.73655643372416,
              -3.456581056709414
            ],
            [
              114.73655643372416,
              -3.456554283414315
            ],
            [
              114.73655660136221,
              -3.4565541160812177
            ],
            [
              114.73656179814219,
              -3.4565541160812177
            ],
            [
              114.73656179814219,
              -3.456532864777691
            ],
            [
              114.73656196578024,
              -3.4565326974445902
            ],
            [
              114.7365673301983,
              -3.4565326974445902
            ],
            [
              114.7365673301983,
              -3.4565166334668027
            ],
            [
              114.73656749783635,
              -3.4565164661336993
            ],
            [
              114.7365726946163,
              -3.4565164661336993
            ],
            [
              114.7365726946163,
              -3.456511278807479
            ],
            [
              114.73657286225438,
              -3.4565111114743754
            ],
            [
              114.73657805903434,
              -3.4565111114743754
            ],
            [
              114.73657805903434,
              -3.456468274198695
            ],
            [
              114.7365782266724,
              -3.4564681068655823
            ],
            [
              114.73658342345237,
              -3.4564681068655823
            ],
            [
              114.73658342345237,
              -3.456452042886701
            ],
            [
              114.73658359109042,
              -3.456451875553586
            ],
            [
              114.7365887878704,
              -3.456451875553586
            ],
            [
              114.7365887878704,
              -3.4564466882270133
            ],
            [
              114.73658895550845,
              -3.4564465208938975
            ],
            [
              114.73659415228842,
              -3.4564465208938975
            ],
            [
              114.73659415228842,
              -3.4564306242477683
            ],
            [
              114.73659431992648,
              -3.45643045691465
            ],
            [
              114.73659951670645,
              -3.45643045691465
            ],
            [
              114.73659951670645,
              -3.45632302904644
            ],
            [
              114.73659968434453,
              -3.4563228617133026
            ],
            [
              114.73660504876253,
              -3.4563228617133026
            ],
            [
              114.73660504876253,
              -3.4563067977319615
            ]
          ],
          [
            [
              114.7376076920199,
              -3.4559625933997373
            ],
            [
              114.7376076920199,
              -3.4559677807289573
            ],
            [
              114.73760752438186,
              -3.455967948062158
            ],
            [
              114.73760215996383,
              -3.455967948062158
            ],
            [
              114.73760215996383,
              -3.455973135391349
            ],
            [
              114.73761288879992,
              -3.455973135391349
            ],
            [
              114.73761288879992,
              -3.4559625933997373
            ]
          ],
          [
            [
              114.7376884935665,
              -3.4559572387372874
            ],
            [
              114.7376884935665,
              -3.4559784900537096
            ],
            [
              114.73769369034646,
              -3.4559784900537096
            ],
            [
              114.73769385798452,
              -3.4559786573869076
            ],
            [
              114.73769385798452,
              -3.45598919937834
            ],
            [
              114.73769905476449,
              -3.45598919937834
            ],
            [
              114.73769905476449,
              -3.455973302724548
            ],
            [
              114.73769922240255,
              -3.455973135391349
            ],
            [
              114.73770441918252,
              -3.455973135391349
            ],
            [
              114.73770441918252,
              -3.455967948062158
            ],
            [
              114.73769922240255,
              -3.455967948062158
            ],
            [
              114.73769905476449,
              -3.4559677807289573
            ],
            [
              114.73769905476449,
              -3.4559572387372874
            ]
          ],
          [
            [
              114.74027011974331,
              -3.4557850528567577
            ],
            [
              114.74027011974331,
              -3.4557955948503416
            ],
            [
              114.74026995210527,
              -3.455795762183572
            ],
            [
              114.74026475532531,
              -3.455795762183572
            ],
            [
              114.74026475532531,
              -3.455919254099663
            ],
            [
              114.74026995210527,
              -3.455919254099663
            ],
            [
              114.74026995210527,
              -3.4559140667701778
            ],
            [
              114.74027011974331,
              -3.455913899436968
            ],
            [
              114.74027531652331,
              -3.455913899436968
            ],
            [
              114.74027531652331,
              -3.455876416797257
            ],
            [
              114.74027548416137,
              -3.4558762494640405
            ],
            [
              114.74028068094134,
              -3.4558762494640405
            ],
            [
              114.74028068094134,
              -3.4558710621343205
            ],
            [
              114.74028084857939,
              -3.455870894801103
            ],
            [
              114.74028604535937,
              -3.455870894801103
            ],
            [
              114.74028604535937,
              -3.4558280574965137
            ],
            [
              114.74028621299742,
              -3.455827890163289
            ],
            [
              114.74029140977738,
              -3.455827890163289
            ],
            [
              114.74029140977738,
              -3.455801116846934
            ],
            [
              114.74028621299742,
              -3.455801116846934
            ],
            [
              114.74028604535937,
              -3.455800949513704
            ],
            [
              114.74028604535937,
              -3.455795762183572
            ],
            [
              114.74028084857939,
              -3.455795762183572
            ],
            [
              114.74028068094134,
              -3.4557955948503416
            ],
            [
              114.74028068094134,
              -3.45579040752018
            ],
            [
              114.74027548416137,
              -3.45579040752018
            ],
            [
              114.74027531652331,
              -3.4557902401869485
            ],
            [
              114.74027531652331,
              -3.4557850528567577
            ]
          ],
          [
            [
              114.73783936782358,
              -3.4554676216617706
            ],
            [
              114.73783936782358,
              -3.455472808993697
            ],
            [
              114.73783920018553,
              -3.4554729763269845
            ],
            [
              114.73783400340555,
              -3.4554729763269845
            ],
            [
              114.73783400340555,
              -3.4555158136476045
            ],
            [
              114.73783920018553,
              -3.4555158136476045
            ],
            [
              114.73783936782358,
              -3.455515980980884
            ],
            [
              114.73783936782358,
              -3.455526522977457
            ],
            [
              114.73784456460355,
              -3.455526522977457
            ],
            [
              114.73784473224161,
              -3.4555266903107356
            ],
            [
              114.73784473224161,
              -3.455537399640466
            ],
            [
              114.73784992902158,
              -3.455537399640466
            ],
            [
              114.73785009665964,
              -3.455537566973742
            ],
            [
              114.73785009665964,
              -3.455553463634834
            ],
            [
              114.73785546107769,
              -3.455553463634834
            ],
            [
              114.73785562871575,
              -3.4555536309681076
            ],
            [
              114.73785562871575,
              -3.4555696949622012
            ],
            [
              114.73786082549572,
              -3.4555696949622012
            ],
            [
              114.73786099313376,
              -3.455569862295472
            ],
            [
              114.73786099313376,
              -3.455580404291446
            ],
            [
              114.73786618991375,
              -3.455580404291446
            ],
            [
              114.7378663575518,
              -3.4555805716247145
            ],
            [
              114.7378663575518,
              -3.4555857589560235
            ],
            [
              114.73787155433176,
              -3.4555857589560235
            ],
            [
              114.73787172196982,
              -3.4555859262892907
            ],
            [
              114.73787172196982,
              -3.4555964682850866
            ],
            [
              114.73787691874979,
              -3.4555964682850866
            ],
            [
              114.73787708638787,
              -3.4555966356183516
            ],
            [
              114.73787708638787,
              -3.4556073449472926
            ],
            [
              114.73788228316782,
              -3.4556073449472926
            ],
            [
              114.73788245080587,
              -3.455607512280557
            ],
            [
              114.73788245080587,
              -3.4556234089404776
            ],
            [
              114.73788764758588,
              -3.4556234089404776
            ],
            [
              114.73788781522393,
              -3.455623576273738
            ],
            [
              114.73788781522393,
              -3.4556396402666483
            ],
            [
              114.73789317964196,
              -3.4556396402666483
            ],
            [
              114.73789334728001,
              -3.4556398075999057
            ],
            [
              114.73789334728001,
              -3.455650349595103
            ],
            [
              114.73789854405999,
              -3.455650349595103
            ],
            [
              114.73789871169804,
              -3.455650516928359
            ],
            [
              114.73789871169804,
              -3.4556557042592853
            ],
            [
              114.737903908478,
              -3.4556557042592853
            ],
            [
              114.73790407611607,
              -3.455655871592541
            ],
            [
              114.73790407611607,
              -3.455671935584903
            ],
            [
              114.73790927289603,
              -3.455671935584903
            ],
            [
              114.73790944053411,
              -3.4556721029181556
            ],
            [
              114.73790944053411,
              -3.4556933542409642
            ],
            [
              114.73791463731406,
              -3.4556933542409642
            ],
            [
              114.73791480495211,
              -3.455693521574213
            ],
            [
              114.73791480495211,
              -3.455698708904904
            ],
            [
              114.7379200017321,
              -3.455698708904904
            ],
            [
              114.73792016937017,
              -3.4556988762381513
            ],
            [
              114.73792016937017,
              -3.455714940229786
            ],
            [
              114.73792536615011,
              -3.455714940229786
            ],
            [
              114.7379255337882,
              -3.455715107563031
            ],
            [
              114.7379255337882,
              -3.455725649557392
            ],
            [
              114.73793089820622,
              -3.455725649557392
            ],
            [
              114.73793106584428,
              -3.4557258168906344
            ],
            [
              114.73793106584428,
              -3.455736358884876
            ],
            [
              114.73793626262425,
              -3.455736358884876
            ],
            [
              114.7379364302623,
              -3.455736526218117
            ],
            [
              114.7379364302623,
              -3.455747235545479
            ],
            [
              114.73794162704228,
              -3.455747235545479
            ],
            [
              114.73794179468035,
              -3.455747402878718
            ],
            [
              114.73794179468035,
              -3.45576865419984
            ],
            [
              114.7379469914603,
              -3.45576865419984
            ],
            [
              114.73794715909835,
              -3.455768821533075
            ],
            [
              114.73794715909835,
              -3.4557955948503416
            ],
            [
              114.73795235587835,
              -3.4557955948503416
            ],
            [
              114.73795252351641,
              -3.455795762183572
            ],
            [
              114.73795252351641,
              -3.4558063041770364
            ],
            [
              114.73795772029638,
              -3.4558063041770364
            ],
            [
              114.73795788793443,
              -3.455806471510265
            ],
            [
              114.73795788793443,
              -3.4558171808368376
            ],
            [
              114.73796325235246,
              -3.4558171808368376
            ],
            [
              114.73796341999052,
              -3.4558173481700645
            ],
            [
              114.73796341999052,
              -3.4558385994896192
            ],
            [
              114.73796861677049,
              -3.4558385994896192
            ],
            [
              114.73796878440857,
              -3.4558387668228425
            ],
            [
              114.73796878440857,
              -3.455854830812109
            ],
            [
              114.73797398118853,
              -3.455854830812109
            ],
            [
              114.7379741488266,
              -3.4558549981453286
            ],
            [
              114.7379741488266,
              -3.4558655401381353
            ],
            [
              114.73797934560653,
              -3.4558655401381353
            ],
            [
              114.73797951324462,
              -3.4558657074713532
            ],
            [
              114.73797951324462,
              -3.4558762494640405
            ],
            [
              114.73798471002459,
              -3.4558762494640405
            ],
            [
              114.73798487766264,
              -3.455876416797257
            ],
            [
              114.73798487766264,
              -3.45588712612304
            ],
            [
              114.73799007444262,
              -3.45588712612304
            ],
            [
              114.73799024208067,
              -3.4558872934562546
            ],
            [
              114.73799024208067,
              -3.4558978354487015
            ],
            [
              114.73799543886064,
              -3.4558978354487015
            ],
            [
              114.7379956064987,
              -3.4558980027819146
            ],
            [
              114.7379956064987,
              -3.455919254099663
            ],
            [
              114.73800097091673,
              -3.455919254099663
            ],
            [
              114.73800113855481,
              -3.4559194214328715
            ],
            [
              114.73800113855481,
              -3.4559301307581687
            ],
            [
              114.73800633533477,
              -3.4559301307581687
            ],
            [
              114.73800650297284,
              -3.4559302980913755
            ],
            [
              114.73800650297284,
              -3.4559461947458883
            ],
            [
              114.73801169975278,
              -3.4559461947458883
            ],
            [
              114.73801186739085,
              -3.455946362079092
            ],
            [
              114.73801186739085,
              -3.455957071404085
            ],
            [
              114.73801706417083,
              -3.455957071404085
            ],
            [
              114.73801723180888,
              -3.4559572387372874
            ],
            [
              114.73801723180888,
              -3.455973135391349
            ],
            [
              114.73802242858885,
              -3.455973135391349
            ],
            [
              114.73802259622694,
              -3.455973302724548
            ],
            [
              114.73802259622694,
              -3.4559838447160405
            ],
            [
              114.73802779300688,
              -3.4559838447160405
            ],
            [
              114.73802796064494,
              -3.4559840120492367
            ],
            [
              114.73802796064494,
              -3.4560107853604314
            ],
            [
              114.73803315742491,
              -3.4560107853604314
            ],
            [
              114.73803332506296,
              -3.456010952693623
            ],
            [
              114.73803332506296,
              -3.4560268493467845
            ],
            [
              114.73803868948102,
              -3.4560268493467845
            ],
            [
              114.73803885711907,
              -3.4560270166799745
            ],
            [
              114.73803885711907,
              -3.456037726004057
            ],
            [
              114.73804405389902,
              -3.456037726004057
            ],
            [
              114.7380442215371,
              -3.456037893337245
            ],
            [
              114.7380442215371,
              -3.4560484353280194
            ],
            [
              114.73804941831708,
              -3.4560484353280194
            ],
            [
              114.73804958595512,
              -3.456048602661205
            ],
            [
              114.73804958595512,
              -3.4560753759705767
            ],
            [
              114.73805478273509,
              -3.4560753759705767
            ],
            [
              114.73805495037318,
              -3.4560755433037573
            ],
            [
              114.73805495037318,
              -3.4561023166123683
            ],
            [
              114.73806014715312,
              -3.4561023166123683
            ],
            [
              114.73806031479117,
              -3.456102483945545
            ],
            [
              114.73806031479117,
              -3.456118380597172
            ],
            [
              114.73806551157115,
              -3.456118380597172
            ],
            [
              114.73806567920923,
              -3.456118547930346
            ],
            [
              114.73806567920923,
              -3.456123735258713
            ],
            [
              114.73807104362726,
              -3.456123735258713
            ],
            [
              114.73807121126531,
              -3.456123902591886
            ],
            [
              114.73807121126531,
              -3.456139966576324
            ],
            [
              114.73807640804529,
              -3.456139966576324
            ],
            [
              114.73807657568334,
              -3.4561401339094937
            ],
            [
              114.73807657568334,
              -3.456150675899132
            ],
            [
              114.7380817724633,
              -3.456150675899132
            ],
            [
              114.73808194010137,
              -3.4561508432323
            ],
            [
              114.73808194010137,
              -3.45615603056049
            ],
            [
              114.73808713688133,
              -3.45615603056049
            ],
            [
              114.73808730451941,
              -3.4561561978936575
            ],
            [
              114.73808730451941,
              -3.4561613852218187
            ],
            [
              114.73809250129936,
              -3.4561613852218187
            ],
            [
              114.73809250129936,
              -3.4561561978936575
            ],
            [
              114.73809266893741,
              -3.45615603056049
            ],
            [
              114.73810323013544,
              -3.45615603056049
            ],
            [
              114.73810323013544,
              -3.456145488570912
            ],
            [
              114.7381033977735,
              -3.4561453212377433
            ],
            [
              114.73810876219152,
              -3.4561453212377433
            ],
            [
              114.73810876219152,
              -3.4561401339094937
            ],
            [
              114.7381033977735,
              -3.4561401339094937
            ],
            [
              114.73810323013544,
              -3.456139966576324
            ],
            [
              114.73810323013544,
              -3.4561292572533957
            ],
            [
              114.73809803335547,
              -3.4561292572533957
            ],
            [
              114.73809786571739,
              -3.456129089920223
            ],
            [
              114.73809786571739,
              -3.4560969619507067
            ],
            [
              114.73809266893741,
              -3.4560969619507067
            ],
            [
              114.73809250129936,
              -3.4560967946175296
            ],
            [
              114.73809250129936,
              -3.4560701886419447
            ],
            [
              114.73808730451941,
              -3.4560701886419447
            ],
            [
              114.73808713688133,
              -3.4560700213087623
            ],
            [
              114.73808713688133,
              -3.45605395732314
            ],
            [
              114.73808194010137,
              -3.45605395732314
            ],
            [
              114.7380817724633,
              -3.456053789989954
            ],
            [
              114.7380817724633,
              -3.45603253867522
            ],
            [
              114.73807657568334,
              -3.45603253867522
            ],
            [
              114.73807640804529,
              -3.4560323713420305
            ],
            [
              114.73807640804529,
              -3.4560163073557706
            ],
            [
              114.73807121126531,
              -3.4560163073557706
            ],
            [
              114.73807104362726,
              -3.456016140022579
            ],
            [
              114.73807104362726,
              -3.456000243369238
            ],
            [
              114.73806567920923,
              -3.456000243369238
            ],
            [
              114.73806551157115,
              -3.4560000760360445
            ],
            [
              114.73806551157115,
              -3.455989366711536
            ],
            [
              114.73806031479117,
              -3.455989366711536
            ],
            [
              114.73806014715312,
              -3.45598919937834
            ],
            [
              114.73806014715312,
              -3.4559786573869076
            ],
            [
              114.73805495037318,
              -3.4559786573869076
            ],
            [
              114.73805478273509,
              -3.4559784900537096
            ],
            [
              114.73805478273509,
              -3.455951716741604
            ],
            [
              114.73804958595512,
              -3.455951716741604
            ],
            [
              114.73804941831708,
              -3.4559515494084008
            ],
            [
              114.73804941831708,
              -3.455935652753978
            ],
            [
              114.7380442215371,
              -3.455935652753978
            ],
            [
              114.73804405389902,
              -3.4559354854207722
            ],
            [
              114.73804405389902,
              -3.455924943428743
            ],
            [
              114.73803885711907,
              -3.455924943428743
            ],
            [
              114.73803868948102,
              -3.4559247760955354
            ],
            [
              114.73803868948102,
              -3.4559140667701778
            ],
            [
              114.73803332506296,
              -3.4559140667701778
            ],
            [
              114.73803315742491,
              -3.455913899436968
            ],
            [
              114.73803315742491,
              -3.4558980027819146
            ],
            [
              114.73802796064494,
              -3.4558980027819146
            ],
            [
              114.73802779300688,
              -3.4558978354487015
            ],
            [
              114.73802779300688,
              -3.455876416797257
            ],
            [
              114.73802259622694,
              -3.455876416797257
            ],
            [
              114.73802242858885,
              -3.4558762494640405
            ],
            [
              114.73802242858885,
              -3.4558657074713532
            ],
            [
              114.73801723180888,
              -3.4558657074713532
            ],
            [
              114.73801706417083,
              -3.4558655401381353
            ],
            [
              114.73801706417083,
              -3.4558494761490497
            ],
            [
              114.73801186739085,
              -3.4558494761490497
            ],
            [
              114.73801169975278,
              -3.455849308815829
            ],
            [
              114.73801169975278,
              -3.4558280574965137
            ],
            [
              114.73800650297284,
              -3.4558280574965137
            ],
            [
              114.73800633533477,
              -3.455827890163289
            ],
            [
              114.73800633533477,
              -3.4558118261735666
            ],
            [
              114.73800113855481,
              -3.4558118261735666
            ],
            [
              114.73800097091673,
              -3.455811658840339
            ],
            [
              114.73800097091673,
              -3.455801116846934
            ],
            [
              114.7379956064987,
              -3.455801116846934
            ],
            [
              114.73799543886064,
              -3.455800949513704
            ],
            [
              114.73799543886064,
              -3.45579040752018
            ],
            [
              114.73799024208067,
              -3.45579040752018
            ],
            [
              114.73799007444262,
              -3.4557902401869485
            ],
            [
              114.73799007444262,
              -3.4557796981933055
            ],
            [
              114.73798487766264,
              -3.4557796981933055
            ],
            [
              114.73798471002459,
              -3.4557795308600725
            ],
            [
              114.73798471002459,
              -3.455763466869531
            ],
            [
              114.73797951324462,
              -3.455763466869531
            ],
            [
              114.73797934560653,
              -3.4557632995362946
            ],
            [
              114.73797934560653,
              -3.455747402878718
            ],
            [
              114.7379741488266,
              -3.455747402878718
            ],
            [
              114.73797398118853,
              -3.455747235545479
            ],
            [
              114.73797398118853,
              -3.4557311715543912
            ],
            [
              114.73796878440857,
              -3.4557311715543912
            ],
            [
              114.73796861677049,
              -3.455731004221149
            ],
            [
              114.73796861677049,
              -3.455709752899184
            ],
            [
              114.73796341999052,
              -3.455709752899184
            ],
            [
              114.73796325235246,
              -3.455709585565938
            ],
            [
              114.73796325235246,
              -3.4556881669102433
            ],
            [
              114.73795788793443,
              -3.4556881669102433
            ],
            [
              114.73795772029638,
              -3.4556879995769947
            ],
            [
              114.73795772029638,
              -3.4556774575822153
            ],
            [
              114.73795252351641,
              -3.4556774575822153
            ],
            [
              114.73795235587835,
              -3.455677290248964
            ],
            [
              114.73795235587835,
              -3.4556721029181556
            ],
            [
              114.73794715909835,
              -3.4556721029181556
            ],
            [
              114.7379469914603,
              -3.455671935584903
            ],
            [
              114.7379469914603,
              -3.455666580920813
            ],
            [
              114.73794179468035,
              -3.455666580920813
            ],
            [
              114.73794162704228,
              -3.455666413587559
            ],
            [
              114.73794162704228,
              -3.455655871592541
            ],
            [
              114.7379364302623,
              -3.455655871592541
            ],
            [
              114.73793626262425,
              -3.4556557042592853
            ],
            [
              114.73793626262425,
              -3.4556398075999057
            ],
            [
              114.73793106584428,
              -3.4556398075999057
            ],
            [
              114.73793089820622,
              -3.4556396402666483
            ],
            [
              114.73793089820622,
              -3.455628930938072
            ],
            [
              114.7379255337882,
              -3.455628930938072
            ],
            [
              114.73792536615011,
              -3.4556287636048113
            ],
            [
              114.73792536615011,
              -3.455618221609375
            ],
            [
              114.73792016937017,
              -3.455618221609375
            ],
            [
              114.7379200017321,
              -3.455618054276113
            ],
            [
              114.7379200017321,
              -3.455602157616102
            ],
            [
              114.73791480495211,
              -3.455602157616102
            ],
            [
              114.73791463731406,
              -3.455601990282838
            ],
            [
              114.73791463731406,
              -3.4555912809538367
            ],
            [
              114.73790944053411,
              -3.4555912809538367
            ],
            [
              114.73790927289603,
              -3.4555911136205695
            ],
            [
              114.73790927289603,
              -3.455575216960108
            ],
            [
              114.73790407611607,
              -3.455575216960108
            ],
            [
              114.737903908478,
              -3.455575049626839
            ],
            [
              114.737903908478,
              -3.4555645076308044
            ],
            [
              114.73789871169804,
              -3.4555645076308044
            ],
            [
              114.73789854405999,
              -3.4555643402975336
            ],
            [
              114.73789854405999,
              -3.455542921638561
            ],
            [
              114.73789334728001,
              -3.455542921638561
            ],
            [
              114.73789317964196,
              -3.4555427543052857
            ],
            [
              114.73789317964196,
              -3.455532212308893
            ],
            [
              114.73788781522393,
              -3.455532212308893
            ],
            [
              114.73788764758588,
              -3.4555320449756155
            ],
            [
              114.73788764758588,
              -3.4555266903107356
            ],
            [
              114.73788245080587,
              -3.4555266903107356
            ],
            [
              114.73788228316782,
              -3.455526522977457
            ],
            [
              114.73788228316782,
              -3.455515980980884
            ],
            [
              114.73787708638787,
              -3.455515980980884
            ],
            [
              114.73787691874979,
              -3.4555158136476045
            ],
            [
              114.73787691874979,
              -3.4555052716509125
            ],
            [
              114.73787172196982,
              -3.4555052716509125
            ],
            [
              114.73787155433176,
              -3.455505104317631
            ],
            [
              114.73787155433176,
              -3.455499916985881
            ],
            [
              114.7378663575518,
              -3.455499916985881
            ],
            [
              114.73786618991375,
              -3.4554997496525988
            ],
            [
              114.73786618991375,
              -3.4554945623208204
            ],
            [
              114.73786099313376,
              -3.4554945623208204
            ],
            [
              114.73786082549572,
              -3.455494394987536
            ],
            [
              114.73786082549572,
              -3.4554890403224436
            ],
            [
              114.73785562871575,
              -3.4554890403224436
            ],
            [
              114.73785546107769,
              -3.4554888729891586
            ],
            [
              114.73785546107769,
              -3.4554783309921673
            ],
            [
              114.73785009665964,
              -3.4554783309921673
            ],
            [
              114.73784992902158,
              -3.4554781636588805
            ],
            [
              114.73784992902158,
              -3.4554676216617706
            ]
          ],
          [
            [
              114.7364003626871,
              -3.455247076362037
            ],
            [
              114.7364003626871,
              -3.4552522636951686
            ],
            [
              114.73640019504904,
              -3.455252431028495
            ],
            [
              114.73639499826905,
              -3.455252431028495
            ],
            [
              114.73639499826905,
              -3.4552899136928557
            ],
            [
              114.736394830631,
              -3.455290081026175
            ],
            [
              114.73638963385105,
              -3.455290081026175
            ],
            [
              114.73638963385105,
              -3.4553113323575393
            ],
            [
              114.73638946621297,
              -3.455311499690855
            ],
            [
              114.73638410179494,
              -3.455311499690855
            ],
            [
              114.73638410179494,
              -3.455322209023014
            ],
            [
              114.73638393415689,
              -3.455322376356328
            ],
            [
              114.73637873737691,
              -3.455322376356328
            ],
            [
              114.73637873737691,
              -3.4553491496861914
            ],
            [
              114.73637856973886,
              -3.455349317019501
            ],
            [
              114.73637337295888,
              -3.455349317019501
            ],
            [
              114.73637337295888,
              -3.4553867996800336
            ],
            [
              114.73638393415689,
              -3.4553867996800336
            ],
            [
              114.73638393415689,
              -3.4553814450143343
            ],
            [
              114.73638410179494,
              -3.4553812776810306
            ],
            [
              114.736394830631,
              -3.4553812776810306
            ],
            [
              114.736394830631,
              -3.455376090348604
            ],
            [
              114.73639499826905,
              -3.4553759230153
            ],
            [
              114.73640019504904,
              -3.4553759230153
            ],
            [
              114.73640019504904,
              -3.455365381017053
            ],
            [
              114.7364003626871,
              -3.455365213683747
            ],
            [
              114.73640555946707,
              -3.455365213683747
            ],
            [
              114.73640555946707,
              -3.4553061450247307
            ],
            [
              114.73640572710512,
              -3.4553059776914132
            ],
            [
              114.7364109238851,
              -3.4553059776914132
            ],
            [
              114.7364109238851,
              -3.4552631403613203
            ],
            [
              114.73641109152315,
              -3.4552629730279962
            ],
            [
              114.73641628830312,
              -3.4552629730279962
            ],
            [
              114.73641628830312,
              -3.455257785694923
            ],
            [
              114.73641645594118,
              -3.455257618361597
            ],
            [
              114.73642182035923,
              -3.455257618361597
            ],
            [
              114.73642182035923,
              -3.455252431028495
            ],
            [
              114.73641645594118,
              -3.455252431028495
            ],
            [
              114.73641628830312,
              -3.4552522636951686
            ],
            [
              114.73641628830312,
              -3.455247076362037
            ]
          ],
          [
            [
              114.7405934935677,
              -3.455139481026492
            ],
            [
              114.7405934935677,
              -3.455144668360212
            ],
            [
              114.74059332592962,
              -3.4551448356935577
            ],
            [
              114.74058812914967,
              -3.4551448356935577
            ],
            [
              114.74058812914967,
              -3.455166087028174
            ],
            [
              114.7405879615116,
              -3.4551662543615156
            ],
            [
              114.74058276473163,
              -3.4551662543615156
            ],
            [
              114.74058276473163,
              -3.4552253230292402
            ],
            [
              114.74058259709356,
              -3.4552254903625714
            ],
            [
              114.74057723267555,
              -3.4552254903625714
            ],
            [
              114.74057723267555,
              -3.4552629730279962
            ],
            [
              114.74057706503746,
              -3.4552631403613203
            ],
            [
              114.74057186825752,
              -3.4552631403613203
            ],
            [
              114.74057186825752,
              -3.4552952683590714
            ],
            [
              114.74057706503746,
              -3.4552952683590714
            ],
            [
              114.74057723267555,
              -3.4552954356923906
            ],
            [
              114.74057723267555,
              -3.455300623025258
            ],
            [
              114.74057706503746,
              -3.455300790358575
            ],
            [
              114.74057186825752,
              -3.455300790358575
            ],
            [
              114.74057186825752,
              -3.4553059776914132
            ],
            [
              114.74057170061945,
              -3.4553061450247307
            ],
            [
              114.74056650383946,
              -3.4553061450247307
            ],
            [
              114.74056650383946,
              -3.45531685435695
            ],
            [
              114.74056633620141,
              -3.4553170216902642
            ],
            [
              114.74056113942144,
              -3.4553170216902642
            ],
            [
              114.74056113942144,
              -3.455327563689048
            ],
            [
              114.74056633620141,
              -3.455327563689048
            ],
            [
              114.74056650383946,
              -3.455327731022361
            ],
            [
              114.74056650383946,
              -3.4553598590179257
            ],
            [
              114.74056633620141,
              -3.4553600263512325
            ],
            [
              114.74056113942144,
              -3.4553600263512325
            ],
            [
              114.74056113942144,
              -3.4555104589826326
            ],
            [
              114.74056097178338,
              -3.4555106263159137
            ],
            [
              114.74055577500341,
              -3.4555106263159137
            ],
            [
              114.74055577500341,
              -3.4555158136476045
            ],
            [
              114.74056097178338,
              -3.4555158136476045
            ],
            [
              114.74056113942144,
              -3.455515980980884
            ],
            [
              114.74056113942144,
              -3.455553463634834
            ],
            [
              114.74056097178338,
              -3.4555536309681076
            ],
            [
              114.74055577500341,
              -3.4555536309681076
            ],
            [
              114.74055577500341,
              -3.455575049626839
            ],
            [
              114.74056097178338,
              -3.455575049626839
            ],
            [
              114.74056113942144,
              -3.455575216960108
            ],
            [
              114.74056113942144,
              -3.455580404291446
            ],
            [
              114.74056097178338,
              -3.4555805716247145
            ],
            [
              114.74055577500341,
              -3.4555805716247145
            ],
            [
              114.74055577500341,
              -3.4555911136205695
            ],
            [
              114.74055560736535,
              -3.4555912809538367
            ],
            [
              114.74055041058539,
              -3.4555912809538367
            ],
            [
              114.74055041058539,
              -3.4555964682850866
            ],
            [
              114.74055024294734,
              -3.4555966356183516
            ],
            [
              114.74054504616736,
              -3.4555966356183516
            ],
            [
              114.74054504616736,
              -3.455601990282838
            ],
            [
              114.7405448785293,
              -3.455602157616102
            ],
            [
              114.74053951411128,
              -3.455602157616102
            ],
            [
              114.74053951411128,
              -3.4556126996117182
            ],
            [
              114.7405393464732,
              -3.4556128669449806
            ],
            [
              114.74053414969323,
              -3.4556128669449806
            ],
            [
              114.74053414969323,
              -3.4556234089404776
            ],
            [
              114.74053398205517,
              -3.455623576273738
            ],
            [
              114.7405287852752,
              -3.455623576273738
            ],
            [
              114.7405287852752,
              -3.455644994930891
            ],
            [
              114.74053398205517,
              -3.455644994930891
            ],
            [
              114.74053414969323,
              -3.455645162264148
            ],
            [
              114.74053414969323,
              -3.4556557042592853
            ],
            [
              114.7405393464732,
              -3.4556557042592853
            ],
            [
              114.74053951411128,
              -3.455655871592541
            ],
            [
              114.74053951411128,
              -3.455661058923438
            ],
            [
              114.74055024294734,
              -3.455661058923438
            ],
            [
              114.74055041058539,
              -3.4556612262566917
            ],
            [
              114.74055041058539,
              -3.4556879995769947
            ],
            [
              114.74055560736535,
              -3.4556879995769947
            ],
            [
              114.74055577500341,
              -3.4556881669102433
            ],
            [
              114.74055577500341,
              -3.455725649557392
            ],
            [
              114.74056097178338,
              -3.455725649557392
            ],
            [
              114.74056113942144,
              -3.4557258168906344
            ],
            [
              114.74056113942144,
              -3.4557795308600725
            ],
            [
              114.74056097178338,
              -3.4557796981933055
            ],
            [
              114.74055577500341,
              -3.4557796981933055
            ],
            [
              114.74055577500341,
              -3.4557955948503416
            ],
            [
              114.74055560736535,
              -3.455795762183572
            ],
            [
              114.74055041058539,
              -3.455795762183572
            ],
            [
              114.74055041058539,
              -3.455870894801103
            ],
            [
              114.74055024294734,
              -3.4558710621343205
            ],
            [
              114.74054504616736,
              -3.4558710621343205
            ],
            [
              114.74054504616736,
              -3.4560484353280194
            ],
            [
              114.74055024294734,
              -3.4560484353280194
            ],
            [
              114.74055041058539,
              -3.456048602661205
            ],
            [
              114.74055041058539,
              -3.456086085294113
            ],
            [
              114.74055024294734,
              -3.4560862526272924
            ],
            [
              114.74054504616736,
              -3.4560862526272924
            ],
            [
              114.74054504616736,
              -3.456123735258713
            ],
            [
              114.74055024294734,
              -3.456123735258713
            ],
            [
              114.74055041058539,
              -3.456123902591886
            ],
            [
              114.74055041058539,
              -3.456172261877549
            ],
            [
              114.74055560736535,
              -3.456172261877549
            ],
            [
              114.74055577500341,
              -3.456172429210713
            ],
            [
              114.74055577500341,
              -3.4561936805223143
            ],
            [
              114.74055560736535,
              -3.4561938478554746
            ],
            [
              114.74055041058539,
              -3.4561938478554746
            ],
            [
              114.74055041058539,
              -3.4563066303988212
            ],
            [
              114.74055560736535,
              -3.4563066303988212
            ],
            [
              114.74055577500341,
              -3.4563067977319615
            ],
            [
              114.74055577500341,
              -3.456371220988824
            ],
            [
              114.74055560736535,
              -3.4563713883219536
            ],
            [
              114.74055041058539,
              -3.4563713883219536
            ],
            [
              114.74055041058539,
              -3.4563819303090213
            ],
            [
              114.74055560736535,
              -3.4563819303090213
            ],
            [
              114.74055577500341,
              -3.456382097642148
            ],
            [
              114.74055577500341,
              -3.456408870942108
            ],
            [
              114.74055560736535,
              -3.4564090382752304
            ],
            [
              114.74055041058539,
              -3.4564090382752304
            ],
            [
              114.74055041058539,
              -3.456478816184686
            ],
            [
              114.74055560736535,
              -3.456478816184686
            ],
            [
              114.74055577500341,
              -3.4564789835177963
            ],
            [
              114.74055577500341,
              -3.4564895255036685
            ],
            [
              114.74056097178338,
              -3.4564895255036685
            ],
            [
              114.74056113942144,
              -3.4564896928367768
            ],
            [
              114.74056113942144,
              -3.4564950474962215
            ],
            [
              114.74056633620141,
              -3.4564950474962215
            ],
            [
              114.74056650383946,
              -3.456495214829329
            ],
            [
              114.74056650383946,
              -3.4565004021556365
            ],
            [
              114.74057170061945,
              -3.4565004021556365
            ],
            [
              114.74057186825752,
              -3.4565005694887416
            ],
            [
              114.74057186825752,
              -3.4565057568150204
            ],
            [
              114.74057706503746,
              -3.4565057568150204
            ],
            [
              114.74057706503746,
              -3.456495214829329
            ],
            [
              114.74057723267555,
              -3.4564950474962215
            ],
            [
              114.74058259709356,
              -3.4564950474962215
            ],
            [
              114.74058259709356,
              -3.4563929742953485
            ],
            [
              114.74058276473163,
              -3.456392806962223
            ],
            [
              114.7405879615116,
              -3.456392806962223
            ],
            [
              114.7405879615116,
              -3.4563444476878025
            ],
            [
              114.74058276473163,
              -3.4563444476878025
            ],
            [
              114.74058259709356,
              -3.4563442803546685
            ],
            [
              114.74058259709356,
              -3.456247729131565
            ],
            [
              114.74058276473163,
              -3.4562475617984143
            ],
            [
              114.7405879615116,
              -3.4562475617984143
            ],
            [
              114.7405879615116,
              -3.4561561978936575
            ],
            [
              114.74058276473163,
              -3.4561561978936575
            ],
            [
              114.74058259709356,
              -3.45615603056049
            ],
            [
              114.74058259709356,
              -3.45594100741655
            ],
            [
              114.74058276473163,
              -3.455940840083345
            ],
            [
              114.7405879615116,
              -3.455940840083345
            ],
            [
              114.7405879615116,
              -3.4558710621343205
            ],
            [
              114.74058812914967,
              -3.455870894801103
            ],
            [
              114.74059332592962,
              -3.455870894801103
            ],
            [
              114.74059332592962,
              -3.4558387668228425
            ],
            [
              114.7405934935677,
              -3.4558385994896192
            ],
            [
              114.74059869034765,
              -3.4558385994896192
            ],
            [
              114.74059869034765,
              -3.455758112205957
            ],
            [
              114.74059885798573,
              -3.4557579448727194
            ],
            [
              114.7406040547657,
              -3.4557579448727194
            ],
            [
              114.7406040547657,
              -3.455607512280557
            ],
            [
              114.74060422240376,
              -3.4556073449472926
            ],
            [
              114.7406094191837,
              -3.4556073449472926
            ],
            [
              114.7406094191837,
              -3.4553976763446435
            ],
            [
              114.74060958682178,
              -3.4553975090113425
            ],
            [
              114.7406149512398,
              -3.4553975090113425
            ],
            [
              114.7406149512398,
              -3.45534379502028
            ],
            [
              114.74060958682178,
              -3.45534379502028
            ],
            [
              114.7406094191837,
              -3.455343627686969
            ],
            [
              114.7406094191837,
              -3.4553330856883644
            ],
            [
              114.74060958682178,
              -3.4553329183550523
            ],
            [
              114.7406149512398,
              -3.4553329183550523
            ],
            [
              114.7406149512398,
              -3.4552631403613203
            ],
            [
              114.74060958682178,
              -3.4552631403613203
            ],
            [
              114.7406094191837,
              -3.4552629730279962
            ],
            [
              114.7406094191837,
              -3.455252431028495
            ],
            [
              114.74060958682178,
              -3.4552522636951686
            ],
            [
              114.7406149512398,
              -3.4552522636951686
            ],
            [
              114.7406149512398,
              -3.4552201356959618
            ],
            [
              114.74060958682178,
              -3.4552201356959618
            ],
            [
              114.7406094191837,
              -3.4552199683626292
            ],
            [
              114.7406094191837,
              -3.4552094263626505
            ],
            [
              114.74060958682178,
              -3.4552092590293166
            ],
            [
              114.7406149512398,
              -3.4552092590293166
            ],
            [
              114.7406149512398,
              -3.4552039043626155
            ],
            [
              114.74061511887787,
              -3.45520373702928
            ],
            [
              114.74062031565784,
              -3.45520373702928
            ],
            [
              114.74062031565784,
              -3.4551662543615156
            ],
            [
              114.74061511887787,
              -3.4551662543615156
            ],
            [
              114.7406149512398,
              -3.455166087028174
            ],
            [
              114.7406149512398,
              -3.4551608996945715
            ],
            [
              114.74060958682178,
              -3.4551608996945715
            ],
            [
              114.7406094191837,
              -3.4551607323612297
            ],
            [
              114.7406094191837,
              -3.4551555450275973
            ],
            [
              114.74060422240376,
              -3.4551555450275973
            ],
            [
              114.7406040547657,
              -3.455155377694253
            ],
            [
              114.7406040547657,
              -3.4551448356935577
            ],
            [
              114.74059885798573,
              -3.4551448356935577
            ],
            [
              114.74059869034765,
              -3.455144668360212
            ],
            [
              114.74059869034765,
              -3.455139481026492
            ]
          ],
          [
            [
              114.7405934935677,
              -3.4550963090221747
            ],
            [
              114.7405934935677,
              -3.4551016636894847
            ],
            [
              114.74059332592962,
              -3.4551018310228367
            ],
            [
              114.74058812914967,
              -3.4551018310228367
            ],
            [
              114.74058812914967,
              -3.4551070183567623
            ],
            [
              114.74059332592962,
              -3.4551070183567623
            ],
            [
              114.7405934935677,
              -3.4551071856901148
            ],
            [
              114.7405934935677,
              -3.4551123730240114
            ],
            [
              114.74059869034765,
              -3.4551123730240114
            ],
            [
              114.74059869034765,
              -3.4550963090221747
            ]
          ],
          [
            [
              114.73872868775008,
              -3.4549510636599
            ],
            [
              114.73872868775008,
              -3.4549831916682168
            ],
            [
              114.73873388453006,
              -3.4549831916682168
            ],
            [
              114.73873405216811,
              -3.45498335900159
            ],
            [
              114.73873405216811,
              -3.4549994230053382
            ],
            [
              114.73873924894808,
              -3.4549994230053382
            ],
            [
              114.73873941658614,
              -3.454999590338709
            ],
            [
              114.73873941658614,
              -3.4550101323410187
            ],
            [
              114.73874461336611,
              -3.4550101323410187
            ],
            [
              114.73874478100417,
              -3.455010299674388
            ],
            [
              114.73874478100417,
              -3.455026196344313
            ],
            [
              114.73874997778414,
              -3.455026196344313
            ],
            [
              114.73875014542219,
              -3.4550263636776797
            ],
            [
              114.73875014542219,
              -3.4550370730130564
            ],
            [
              114.73875550984025,
              -3.4550370730130564
            ],
            [
              114.7387556774783,
              -3.4550372403464205
            ],
            [
              114.7387556774783,
              -3.455042427680699
            ],
            [
              114.73876087425828,
              -3.455042427680699
            ],
            [
              114.73876104189632,
              -3.455042595014063
            ],
            [
              114.73876104189632,
              -3.4550477823483123
            ],
            [
              114.73876623867629,
              -3.4550477823483123
            ],
            [
              114.73876640631435,
              -3.4550479496816746
            ],
            [
              114.73876640631435,
              -3.455064013684329
            ],
            [
              114.73877160309432,
              -3.455064013684329
            ],
            [
              114.73877177073238,
              -3.455064181017688
            ],
            [
              114.73877177073238,
              -3.4550854323541116
            ],
            [
              114.73877696751235,
              -3.4550854323541116
            ],
            [
              114.73877713515043,
              -3.4550855996874663
            ],
            [
              114.73877713515043,
              -3.4550961416888213
            ],
            [
              114.73878233193038,
              -3.4550961416888213
            ],
            [
              114.73878249956843,
              -3.4550963090221747
            ],
            [
              114.73878249956843,
              -3.4551016636894847
            ],
            [
              114.73878786398649,
              -3.4551016636894847
            ],
            [
              114.73878803162454,
              -3.4551018310228367
            ],
            [
              114.73878803162454,
              -3.455123082358417
            ],
            [
              114.7387932284045,
              -3.455123082358417
            ],
            [
              114.7387933960426,
              -3.455123249691766
            ],
            [
              114.7387933960426,
              -3.4551393136931456
            ],
            [
              114.73879859282253,
              -3.4551393136931456
            ],
            [
              114.7387987604606,
              -3.455139481026492
            ],
            [
              114.7387987604606,
              -3.455144668360212
            ],
            [
              114.73880395724056,
              -3.455144668360212
            ],
            [
              114.73880412487864,
              -3.4551448356935577
            ],
            [
              114.73880412487864,
              -3.4551500230272487
            ],
            [
              114.7388093216586,
              -3.4551500230272487
            ],
            [
              114.73880948929667,
              -3.4551501903605923
            ],
            [
              114.73880948929667,
              -3.4551607323612297
            ],
            [
              114.73881468607662,
              -3.4551607323612297
            ],
            [
              114.7388148537147,
              -3.4551608996945715
            ],
            [
              114.7388148537147,
              -3.45517160902843
            ],
            [
              114.73882005049467,
              -3.45517160902843
            ],
            [
              114.73882021813273,
              -3.4551717763617704
            ],
            [
              114.73882021813273,
              -3.4551823183621675
            ],
            [
              114.73882558255075,
              -3.4551823183621675
            ],
            [
              114.73882575018882,
              -3.455182485695506
            ],
            [
              114.73882575018882,
              -3.4552253230292402
            ],
            [
              114.73883094696878,
              -3.4552253230292402
            ],
            [
              114.73883111460682,
              -3.4552254903625714
            ],
            [
              114.73883111460682,
              -3.455241554362221
            ],
            [
              114.7388363113868,
              -3.455241554362221
            ],
            [
              114.73883647902488,
              -3.4552417216955487
            ],
            [
              114.73883647902488,
              -3.4552469090287095
            ],
            [
              114.73884167580484,
              -3.4552469090287095
            ],
            [
              114.73884184344291,
              -3.455247076362037
            ],
            [
              114.73884184344291,
              -3.455257618361597
            ],
            [
              114.73884704022285,
              -3.455257618361597
            ],
            [
              114.73884720786094,
              -3.455257785694923
            ],
            [
              114.73884720786094,
              -3.4552792043603318
            ],
            [
              114.73885240464091,
              -3.4552792043603318
            ],
            [
              114.73885257227896,
              -3.4552793716936536
            ],
            [
              114.73885257227896,
              -3.4552899136928557
            ],
            [
              114.73885776905894,
              -3.4552899136928557
            ],
            [
              114.73885793669699,
              -3.455290081026175
            ],
            [
              114.73885793669699,
              -3.4553059776914132
            ],
            [
              114.73886330111502,
              -3.4553059776914132
            ],
            [
              114.73886346875307,
              -3.4553061450247307
            ],
            [
              114.73886346875307,
              -3.455322209023014
            ],
            [
              114.73886866553306,
              -3.455322209023014
            ],
            [
              114.73886883317113,
              -3.455322376356328
            ],
            [
              114.73886883317113,
              -3.4553329183550523
            ],
            [
              114.73887402995109,
              -3.4553329183550523
            ],
            [
              114.73887419758915,
              -3.4553330856883644
            ],
            [
              114.73887419758915,
              -3.4553491496861914
            ],
            [
              114.73887939436912,
              -3.4553491496861914
            ],
            [
              114.73887956200717,
              -3.455349317019501
            ],
            [
              114.73887956200717,
              -3.4553705683495384
            ],
            [
              114.73888475878715,
              -3.4553705683495384
            ],
            [
              114.7388849264252,
              -3.455370735682844
            ],
            [
              114.7388849264252,
              -3.4553759230153
            ],
            [
              114.73889012320517,
              -3.4553759230153
            ],
            [
              114.73889029084323,
              -3.455376090348604
            ],
            [
              114.73889029084323,
              -3.4553867996800336
            ],
            [
              114.73889565526126,
              -3.4553867996800336
            ],
            [
              114.73889582289934,
              -3.4553869670133364
            ],
            [
              114.73889582289934,
              -3.4554028636769525
            ],
            [
              114.7389010196793,
              -3.4554028636769525
            ],
            [
              114.73890118731737,
              -3.4554030310102513
            ],
            [
              114.73890118731737,
              -3.4554189276735987
            ],
            [
              114.73890638409733,
              -3.4554189276735987
            ],
            [
              114.73890655173538,
              -3.455419095006895
            ],
            [
              114.73890655173538,
              -3.455435159003267
            ],
            [
              114.73891174851536,
              -3.455435159003267
            ],
            [
              114.73891191615341,
              -3.4554353263365605
            ],
            [
              114.73891191615341,
              -3.4554512229993657
            ],
            [
              114.73891711293338,
              -3.4554512229993657
            ],
            [
              114.73891728057144,
              -3.455451390332658
            ],
            [
              114.73891728057144,
              -3.4554674543284825
            ],
            [
              114.73892247735141,
              -3.4554674543284825
            ],
            [
              114.73892264498949,
              -3.4554676216617706
            ],
            [
              114.73892264498949,
              -3.4554781636588805
            ],
            [
              114.73892784176944,
              -3.4554781636588805
            ],
            [
              114.73892800940749,
              -3.4554783309921673
            ],
            [
              114.73892800940749,
              -3.455483518324035
            ],
            [
              114.73893337382555,
              -3.455483518324035
            ],
            [
              114.7389335414636,
              -3.455483685657321
            ],
            [
              114.7389335414636,
              -3.4554888729891586
            ],
            [
              114.73893873824358,
              -3.4554888729891586
            ],
            [
              114.73893890588162,
              -3.4554890403224436
            ],
            [
              114.73893890588162,
              -3.4554997496525988
            ],
            [
              114.73894410266159,
              -3.4554997496525988
            ],
            [
              114.73894427029965,
              -3.455499916985881
            ],
            [
              114.73894427029965,
              -3.4555158136476045
            ],
            [
              114.73894946707962,
              -3.4555158136476045
            ],
            [
              114.73894963471768,
              -3.455515980980884
            ],
            [
              114.73894963471768,
              -3.4555211683125466
            ],
            [
              114.73895483149765,
              -3.4555211683125466
            ],
            [
              114.73895499913573,
              -3.455521335645825
            ],
            [
              114.73895499913573,
              -3.455526522977457
            ],
            [
              114.73896019591568,
              -3.455526522977457
            ],
            [
              114.73896036355373,
              -3.4555266903107356
            ],
            [
              114.73896036355373,
              -3.455537399640466
            ],
            [
              114.73896556033372,
              -3.455537399640466
            ],
            [
              114.73896572797179,
              -3.455537566973742
            ],
            [
              114.73896572797179,
              -3.4555427543052857
            ],
            [
              114.73897109238982,
              -3.4555427543052857
            ],
            [
              114.73897126002787,
              -3.455542921638561
            ],
            [
              114.73897126002787,
              -3.455548108970075
            ],
            [
              114.73897645680783,
              -3.455548108970075
            ],
            [
              114.73897645680783,
              -3.455542921638561
            ],
            [
              114.7389766244459,
              -3.4555427543052857
            ],
            [
              114.73898182122586,
              -3.4555427543052857
            ],
            [
              114.73898182122586,
              -3.455515980980884
            ],
            [
              114.7389766244459,
              -3.455515980980884
            ],
            [
              114.73897645680783,
              -3.4555158136476045
            ],
            [
              114.73897645680783,
              -3.455499916985881
            ],
            [
              114.73897126002787,
              -3.455499916985881
            ],
            [
              114.73897109238982,
              -3.4554997496525988
            ],
            [
              114.73897109238982,
              -3.4554945623208204
            ],
            [
              114.73896572797179,
              -3.4554945623208204
            ],
            [
              114.73896556033372,
              -3.455494394987536
            ],
            [
              114.73896556033372,
              -3.455483685657321
            ],
            [
              114.73896036355373,
              -3.455483685657321
            ],
            [
              114.73896019591568,
              -3.455483518324035
            ],
            [
              114.73896019591568,
              -3.4554676216617706
            ],
            [
              114.73895499913573,
              -3.4554676216617706
            ],
            [
              114.73895483149765,
              -3.4554674543284825
            ],
            [
              114.73895483149765,
              -3.455456912331253
            ],
            [
              114.73894963471768,
              -3.455456912331253
            ],
            [
              114.73894946707962,
              -3.4554567449979623
            ],
            [
              114.73894946707962,
              -3.4554460356673222
            ],
            [
              114.73894427029965,
              -3.4554460356673222
            ],
            [
              114.73894410266159,
              -3.455445868334031
            ],
            [
              114.73894410266159,
              -3.455419095006895
            ],
            [
              114.73893890588162,
              -3.455419095006895
            ],
            [
              114.73893873824358,
              -3.4554189276735987
            ],
            [
              114.73893873824358,
              -3.4553976763446435
            ],
            [
              114.7389335414636,
              -3.4553976763446435
            ],
            [
              114.73893337382555,
              -3.4553975090113425
            ],
            [
              114.73893337382555,
              -3.4553869670133364
            ],
            [
              114.73892800940749,
              -3.4553869670133364
            ],
            [
              114.73892784176944,
              -3.4553867996800336
            ],
            [
              114.73892784176944,
              -3.455376090348604
            ],
            [
              114.73892264498949,
              -3.455376090348604
            ],
            [
              114.73892247735141,
              -3.4553759230153
            ],
            [
              114.73892247735141,
              -3.455370735682844
            ],
            [
              114.73891728057144,
              -3.455370735682844
            ],
            [
              114.73891711293338,
              -3.4553705683495384
            ],
            [
              114.73891711293338,
              -3.455354671685382
            ],
            [
              114.73891191615341,
              -3.455354671685382
            ],
            [
              114.73891174851536,
              -3.4553545043520737
            ],
            [
              114.73891174851536,
              -3.45534379502028
            ],
            [
              114.73890655173538,
              -3.45534379502028
            ],
            [
              114.73890638409733,
              -3.455343627686969
            ],
            [
              114.73890638409733,
              -3.455327731022361
            ],
            [
              114.73890118731737,
              -3.455327731022361
            ],
            [
              114.7389010196793,
              -3.455327563689048
            ],
            [
              114.7389010196793,
              -3.455311499690855
            ],
            [
              114.73889582289934,
              -3.455311499690855
            ],
            [
              114.73889565526126,
              -3.4553113323575393
            ],
            [
              114.73889565526126,
              -3.455290081026175
            ],
            [
              114.73889029084323,
              -3.455290081026175
            ],
            [
              114.73889012320517,
              -3.4552899136928557
            ],
            [
              114.73889012320517,
              -3.4552684950276875
            ],
            [
              114.7388849264252,
              -3.4552684950276875
            ],
            [
              114.73888475878715,
              -3.4552683276943643
            ],
            [
              114.73888475878715,
              -3.455257785694923
            ],
            [
              114.73887956200717,
              -3.455257785694923
            ],
            [
              114.73887939436912,
              -3.455257618361597
            ],
            [
              114.73887939436912,
              -3.4552417216955487
            ],
            [
              114.73887419758915,
              -3.4552417216955487
            ],
            [
              114.73887402995109,
              -3.455241554362221
            ],
            [
              114.73887402995109,
              -3.4552308450291513
            ],
            [
              114.73886883317113,
              -3.4552308450291513
            ],
            [
              114.73886866553306,
              -3.455230677695821
            ],
            [
              114.73886866553306,
              -3.4552201356959618
            ],
            [
              114.73886346875307,
              -3.4552201356959618
            ],
            [
              114.73886330111502,
              -3.4552199683626292
            ],
            [
              114.73886330111502,
              -3.4552094263626505
            ],
            [
              114.73885793669699,
              -3.4552094263626505
            ],
            [
              114.73885776905894,
              -3.4552092590293166
            ],
            [
              114.73885776905894,
              -3.455198549695883
            ],
            [
              114.73885257227896,
              -3.455198549695883
            ],
            [
              114.73885240464091,
              -3.455198382362547
            ],
            [
              114.73885240464091,
              -3.455182485695506
            ],
            [
              114.73884720786094,
              -3.455182485695506
            ],
            [
              114.73884704022285,
              -3.4551823183621675
            ],
            [
              114.73884704022285,
              -3.4551501903605923
            ],
            [
              114.73884720786094,
              -3.4551500230272487
            ],
            [
              114.73885240464091,
              -3.4551500230272487
            ],
            [
              114.73885240464091,
              -3.4551448356935577
            ],
            [
              114.73884720786094,
              -3.4551448356935577
            ],
            [
              114.73884704022285,
              -3.455144668360212
            ],
            [
              114.73884704022285,
              -3.4551071856901148
            ],
            [
              114.73884184344291,
              -3.4551071856901148
            ],
            [
              114.73884167580484,
              -3.4551070183567623
            ],
            [
              114.73884167580484,
              -3.4550963090221747
            ],
            [
              114.73883647902488,
              -3.4550963090221747
            ],
            [
              114.7388363113868,
              -3.4550961416888213
            ],
            [
              114.7388363113868,
              -3.4550909543548363
            ],
            [
              114.73883111460682,
              -3.4550909543548363
            ],
            [
              114.73883094696878,
              -3.4550907870214815
            ],
            [
              114.73883094696878,
              -3.4550855996874663
            ],
            [
              114.73882021813273,
              -3.4550855996874663
            ],
            [
              114.73882005049467,
              -3.4550854323541116
            ],
            [
              114.73882005049467,
              -3.455080245020068
            ],
            [
              114.7388148537147,
              -3.455080245020068
            ],
            [
              114.73881468607662,
              -3.455080077686711
            ],
            [
              114.73881468607662,
              -3.4550748903526376
            ],
            [
              114.73880948929667,
              -3.4550748903526376
            ],
            [
              114.7388093216586,
              -3.4550747230192806
            ],
            [
              114.7388093216586,
              -3.4550695356851784
            ],
            [
              114.7387987604606,
              -3.4550695356851784
            ],
            [
              114.73879859282253,
              -3.4550693683518197
            ],
            [
              114.73879859282253,
              -3.455064181017688
            ],
            [
              114.7387933960426,
              -3.455064181017688
            ],
            [
              114.7387932284045,
              -3.455064013684329
            ],
            [
              114.7387932284045,
              -3.455053304349256
            ],
            [
              114.73878803162454,
              -3.455053304349256
            ],
            [
              114.73878786398649,
              -3.455053137015894
            ],
            [
              114.73878786398649,
              -3.455042595014063
            ],
            [
              114.73878249956843,
              -3.455042595014063
            ],
            [
              114.73878233193038,
              -3.455042427680699
            ],
            [
              114.73878233193038,
              -3.4550263636776797
            ],
            [
              114.73877713515043,
              -3.4550263636776797
            ],
            [
              114.73877696751235,
              -3.455026196344313
            ],
            [
              114.73877696751235,
              -3.455010299674388
            ],
            [
              114.73877177073238,
              -3.455010299674388
            ],
            [
              114.73877160309432,
              -3.4550101323410187
            ],
            [
              114.73877160309432,
              -3.455004945006564
            ],
            [
              114.73876640631435,
              -3.455004945006564
            ],
            [
              114.73876623867629,
              -3.4550047776731936
            ],
            [
              114.73876623867629,
              -3.4549887136695365
            ],
            [
              114.73876104189632,
              -3.4549887136695365
            ],
            [
              114.73876087425828,
              -3.4549885463361636
            ],
            [
              114.73876087425828,
              -3.454967294997571
            ],
            [
              114.7387556774783,
              -3.454967294997571
            ],
            [
              114.73875550984025,
              -3.4549671276641942
            ],
            [
              114.73875550984025,
              -3.4549619403295035
            ],
            [
              114.73875014542219,
              -3.4549619403295035
            ],
            [
              114.73874997778414,
              -3.454961772996126
            ],
            [
              114.73874997778414,
              -3.454956585661407
            ],
            [
              114.73874478100417,
              -3.454956585661407
            ],
            [
              114.73874461336611,
              -3.4549564183280284
            ],
            [
              114.73874461336611,
              -3.4549510636599
            ]
          ],
          [
            [
              114.74060958682178,
              -3.4549457089917417
            ],
            [
              114.74060958682178,
              -3.4549508963265203
            ],
            [
              114.7406094191837,
              -3.4549510636599
            ],
            [
              114.74060422240376,
              -3.4549510636599
            ],
            [
              114.74060422240376,
              -3.4549564183280284
            ],
            [
              114.7406094191837,
              -3.4549564183280284
            ],
            [
              114.74060958682178,
              -3.454956585661407
            ],
            [
              114.74060958682178,
              -3.454961772996126
            ],
            [
              114.7406149512398,
              -3.454961772996126
            ],
            [
              114.7406149512398,
              -3.454956585661407
            ],
            [
              114.74061511887787,
              -3.4549564183280284
            ],
            [
              114.74062031565784,
              -3.4549564183280284
            ],
            [
              114.74062031565784,
              -3.4549510636599
            ],
            [
              114.74061511887787,
              -3.4549510636599
            ],
            [
              114.7406149512398,
              -3.4549508963265203
            ],
            [
              114.7406149512398,
              -3.4549457089917417
            ]
          ],
          [
            [
              114.736933954643,
              -3.454897349643566
            ],
            [
              114.736933954643,
              -3.4549078916470113
            ],
            [
              114.73693378700492,
              -3.4549080589803984
            ],
            [
              114.73692859022498,
              -3.4549080589803984
            ],
            [
              114.73692859022498,
              -3.4549294776537014
            ],
            [
              114.73692842258691,
              -3.4549296449870845
            ],
            [
              114.73692305816887,
              -3.4549296449870845
            ],
            [
              114.73692305816887,
              -3.454934832321951
            ],
            [
              114.73692842258691,
              -3.454934832321951
            ],
            [
              114.73692859022498,
              -3.4549349996553342
            ],
            [
              114.73692859022498,
              -3.454940186990171
            ],
            [
              114.73693378700492,
              -3.454940186990171
            ],
            [
              114.736933954643,
              -3.454940354323552
            ],
            [
              114.736933954643,
              -3.4549885463361636
            ],
            [
              114.73693378700492,
              -3.4549887136695365
            ],
            [
              114.73692859022498,
              -3.4549887136695365
            ],
            [
              114.73692859022498,
              -3.4549940683374523
            ],
            [
              114.73692842258691,
              -3.4549942356708248
            ],
            [
              114.73692305816887,
              -3.4549942356708248
            ],
            [
              114.73692305816887,
              -3.4550101323410187
            ],
            [
              114.7369228905308,
              -3.455010299674388
            ],
            [
              114.73691769375084,
              -3.455010299674388
            ],
            [
              114.73691769375084,
              -3.4550317183453827
            ],
            [
              114.73691752611279,
              -3.4550318856787485
            ],
            [
              114.73691232933281,
              -3.4550318856787485
            ],
            [
              114.73691232933281,
              -3.455053137015894
            ],
            [
              114.73691752611279,
              -3.455053137015894
            ],
            [
              114.73691769375084,
              -3.455053304349256
            ],
            [
              114.73691769375084,
              -3.4550747230192806
            ],
            [
              114.7369228905308,
              -3.4550747230192806
            ],
            [
              114.73692305816887,
              -3.4550748903526376
            ],
            [
              114.73692305816887,
              -3.455080077686711
            ],
            [
              114.73693378700492,
              -3.455080077686711
            ],
            [
              114.736933954643,
              -3.455080245020068
            ],
            [
              114.736933954643,
              -3.4550961416888213
            ],
            [
              114.73693378700492,
              -3.4550963090221747
            ],
            [
              114.73692859022498,
              -3.4550963090221747
            ],
            [
              114.73692859022498,
              -3.4551070183567623
            ],
            [
              114.73692842258691,
              -3.4551071856901148
            ],
            [
              114.73692305816887,
              -3.4551071856901148
            ],
            [
              114.73692305816887,
              -3.4551123730240114
            ],
            [
              114.7369228905308,
              -3.455112540357362
            ],
            [
              114.73691769375084,
              -3.455112540357362
            ],
            [
              114.73691769375084,
              -3.455117727691229
            ],
            [
              114.73691752611279,
              -3.4551178950245793
            ],
            [
              114.73691232933281,
              -3.4551178950245793
            ],
            [
              114.73691232933281,
              -3.4551393136931456
            ],
            [
              114.73691752611279,
              -3.4551393136931456
            ],
            [
              114.73691769375084,
              -3.455139481026492
            ],
            [
              114.73691769375084,
              -3.455176963695314
            ],
            [
              114.73691752611279,
              -3.455177131028653
            ],
            [
              114.73691232933281,
              -3.455177131028653
            ],
            [
              114.73691232933281,
              -3.45520373702928
            ],
            [
              114.73691216169476,
              -3.4552039043626155
            ],
            [
              114.7369069649148,
              -3.4552039043626155
            ],
            [
              114.7369069649148,
              -3.4552199683626292
            ],
            [
              114.73691216169476,
              -3.4552199683626292
            ],
            [
              114.73691232933281,
              -3.4552201356959618
            ],
            [
              114.73691232933281,
              -3.4552469090287095
            ],
            [
              114.73691216169476,
              -3.455247076362037
            ],
            [
              114.7369069649148,
              -3.455247076362037
            ],
            [
              114.7369069649148,
              -3.4553113323575393
            ],
            [
              114.73690679727673,
              -3.455311499690855
            ],
            [
              114.73690160049674,
              -3.455311499690855
            ],
            [
              114.73690160049674,
              -3.4553812776810306
            ],
            [
              114.73690143285869,
              -3.4553814450143343
            ],
            [
              114.73689623607874,
              -3.4553814450143343
            ],
            [
              114.73689623607874,
              -3.4553867996800336
            ],
            [
              114.73690143285869,
              -3.4553867996800336
            ],
            [
              114.73690160049674,
              -3.4553869670133364
            ],
            [
              114.73690160049674,
              -3.4553921543457036
            ],
            [
              114.73690679727673,
              -3.4553921543457036
            ],
            [
              114.7369069649148,
              -3.455392321679005
            ],
            [
              114.7369069649148,
              -3.4554028636769525
            ],
            [
              114.73691216169476,
              -3.4554028636769525
            ],
            [
              114.73691232933281,
              -3.4554030310102513
            ],
            [
              114.73691232933281,
              -3.455408218342531
            ],
            [
              114.7369228905308,
              -3.455408218342531
            ],
            [
              114.7369228905308,
              -3.4553869670133364
            ],
            [
              114.73692305816887,
              -3.4553867996800336
            ],
            [
              114.73692842258691,
              -3.4553867996800336
            ],
            [
              114.73692842258691,
              -3.45534379502028
            ],
            [
              114.73692859022498,
              -3.455343627686969
            ],
            [
              114.73693378700492,
              -3.455343627686969
            ],
            [
              114.73693378700492,
              -3.455311499690855
            ],
            [
              114.73692859022498,
              -3.455311499690855
            ],
            [
              114.73692842258691,
              -3.4553113323575393
            ],
            [
              114.73692842258691,
              -3.4552417216955487
            ],
            [
              114.73692859022498,
              -3.455241554362221
            ],
            [
              114.73693378700492,
              -3.455241554362221
            ],
            [
              114.73693378700492,
              -3.4552039043626155
            ],
            [
              114.73692859022498,
              -3.4552039043626155
            ],
            [
              114.73692842258691,
              -3.45520373702928
            ],
            [
              114.73692842258691,
              -3.455177131028653
            ],
            [
              114.73692305816887,
              -3.455177131028653
            ],
            [
              114.7369228905308,
              -3.455176963695314
            ],
            [
              114.7369228905308,
              -3.4551501903605923
            ],
            [
              114.73692305816887,
              -3.4551500230272487
            ],
            [
              114.73692842258691,
              -3.4551500230272487
            ],
            [
              114.73692842258691,
              -3.4551448356935577
            ],
            [
              114.73692859022498,
              -3.455144668360212
            ],
            [
              114.73693378700492,
              -3.455144668360212
            ],
            [
              114.73693378700492,
              -3.455139481026492
            ],
            [
              114.736933954643,
              -3.4551393136931456
            ],
            [
              114.73693915142297,
              -3.4551393136931456
            ],
            [
              114.73693915142297,
              -3.4551071856901148
            ],
            [
              114.73693931906102,
              -3.4551070183567623
            ],
            [
              114.736944515841,
              -3.4551070183567623
            ],
            [
              114.736944515841,
              -3.4551018310228367
            ],
            [
              114.73693931906102,
              -3.4551018310228367
            ],
            [
              114.73693915142297,
              -3.4551016636894847
            ],
            [
              114.73693915142297,
              -3.455080245020068
            ],
            [
              114.73693931906102,
              -3.455080077686711
            ],
            [
              114.736944515841,
              -3.455080077686711
            ],
            [
              114.736944515841,
              -3.455064181017688
            ],
            [
              114.73694468347905,
              -3.455064013684329
            ],
            [
              114.73694988025902,
              -3.455064013684329
            ],
            [
              114.73694988025902,
              -3.455058659016808
            ],
            [
              114.73694468347905,
              -3.455058659016808
            ],
            [
              114.736944515841,
              -3.4550584916834466
            ],
            [
              114.736944515841,
              -3.4550318856787485
            ],
            [
              114.73693931906102,
              -3.4550318856787485
            ],
            [
              114.73693915142297,
              -3.4550317183453827
            ],
            [
              114.73693915142297,
              -3.4550210090099456
            ],
            [
              114.73692305816887,
              -3.4550210090099456
            ],
            [
              114.7369228905308,
              -3.4550208416765784
            ],
            [
              114.7369228905308,
              -3.455015654342182
            ],
            [
              114.73692305816887,
              -3.4550154870088137
            ],
            [
              114.73692842258691,
              -3.4550154870088137
            ],
            [
              114.73692842258691,
              -3.455010299674388
            ],
            [
              114.73692859022498,
              -3.4550101323410187
            ],
            [
              114.73693915142297,
              -3.4550101323410187
            ],
            [
              114.73693915142297,
              -3.454999590338709
            ],
            [
              114.73693931906102,
              -3.4549994230053382
            ],
            [
              114.736944515841,
              -3.4549994230053382
            ],
            [
              114.736944515841,
              -3.4549619403295035
            ],
            [
              114.73693931906102,
              -3.4549619403295035
            ],
            [
              114.73693915142297,
              -3.454961772996126
            ],
            [
              114.73693915142297,
              -3.4549510636599
            ],
            [
              114.73693931906102,
              -3.4549508963265203
            ],
            [
              114.736944515841,
              -3.4549508963265203
            ],
            [
              114.736944515841,
              -3.4549134136487694
            ],
            [
              114.73694468347905,
              -3.4549132463153835
            ],
            [
              114.73694988025902,
              -3.4549132463153835
            ],
            [
              114.73694988025902,
              -3.4549080589803984
            ],
            [
              114.73694468347905,
              -3.4549080589803984
            ],
            [
              114.736944515841,
              -3.4549078916470113
            ],
            [
              114.736944515841,
              -3.454897349643566
            ]
          ],
          [
            [
              114.73693931906102,
              -3.4548274042844063
            ],
            [
              114.73693931906102,
              -3.454837946288629
            ],
            [
              114.73693915142297,
              -3.454838113622028
            ],
            [
              114.736933954643,
              -3.454838113622028
            ],
            [
              114.736933954643,
              -3.454854177628234
            ],
            [
              114.73693915142297,
              -3.454854177628234
            ],
            [
              114.73693931906102,
              -3.4548543449616305
            ],
            [
              114.73693931906102,
              -3.454875596302753
            ],
            [
              114.736944515841,
              -3.454875596302753
            ],
            [
              114.736944515841,
              -3.4548274042844063
            ]
          ],
          [
            [
              114.7403078383076,
              -3.4548111729443423
            ],
            [
              114.7403078383076,
              -3.4548165276132607
            ],
            [
              114.74030767066955,
              -3.4548166949466634
            ],
            [
              114.74030247388959,
              -3.4548166949466634
            ],
            [
              114.74030247388959,
              -3.4548218822821477
            ],
            [
              114.7403023062515,
              -3.4548220496155504
            ],
            [
              114.74029710947156,
              -3.4548220496155504
            ],
            [
              114.74029710947156,
              -3.4548272369510054
            ],
            [
              114.74029694183348,
              -3.4548274042844063
            ],
            [
              114.74029157741545,
              -3.4548274042844063
            ],
            [
              114.74029157741545,
              -3.454837946288629
            ],
            [
              114.74029140977738,
              -3.454838113622028
            ],
            [
              114.74028621299742,
              -3.454838113622028
            ],
            [
              114.74028621299742,
              -3.4549025369786097
            ],
            [
              114.74028604535937,
              -3.4549027043119978
            ],
            [
              114.74028084857939,
              -3.4549027043119978
            ],
            [
              114.74028084857939,
              -3.454940186990171
            ],
            [
              114.74028604535937,
              -3.454940186990171
            ],
            [
              114.74028621299742,
              -3.454940354323552
            ],
            [
              114.74028621299742,
              -3.4549724823322316
            ],
            [
              114.74028604535937,
              -3.4549726496656077
            ],
            [
              114.74028084857939,
              -3.4549726496656077
            ],
            [
              114.74028084857939,
              -3.4549940683374523
            ],
            [
              114.74028068094134,
              -3.4549942356708248
            ],
            [
              114.74027548416137,
              -3.4549942356708248
            ],
            [
              114.74027548416137,
              -3.4550154870088137
            ],
            [
              114.74028068094134,
              -3.4550154870088137
            ],
            [
              114.74028084857939,
              -3.455015654342182
            ],
            [
              114.74028084857939,
              -3.4550208416765784
            ],
            [
              114.74028068094134,
              -3.4550210090099456
            ],
            [
              114.74027548416137,
              -3.4550210090099456
            ],
            [
              114.74027548416137,
              -3.4550477823483123
            ],
            [
              114.74027531652331,
              -3.4550479496816746
            ],
            [
              114.74027011974331,
              -3.4550479496816746
            ],
            [
              114.74027011974331,
              -3.4550693683518197
            ],
            [
              114.74026995210527,
              -3.4550695356851784
            ],
            [
              114.74026475532531,
              -3.4550695356851784
            ],
            [
              114.74026475532531,
              -3.4551016636894847
            ],
            [
              114.74026995210527,
              -3.4551016636894847
            ],
            [
              114.74027011974331,
              -3.4551018310228367
            ],
            [
              114.74027011974331,
              -3.4551070183567623
            ],
            [
              114.74026995210527,
              -3.4551071856901148
            ],
            [
              114.74026475532531,
              -3.4551071856901148
            ],
            [
              114.74026475532531,
              -3.455166087028174
            ],
            [
              114.74026995210527,
              -3.455166087028174
            ],
            [
              114.74027011974331,
              -3.4551662543615156
            ],
            [
              114.74027011974331,
              -3.455198382362547
            ],
            [
              114.74027531652331,
              -3.455198382362547
            ],
            [
              114.74027548416137,
              -3.455198549695883
            ],
            [
              114.74027548416137,
              -3.4552199683626292
            ],
            [
              114.74027531652331,
              -3.4552201356959618
            ],
            [
              114.74027011974331,
              -3.4552201356959618
            ],
            [
              114.74027011974331,
              -3.4552522636951686
            ],
            [
              114.74026995210527,
              -3.455252431028495
            ],
            [
              114.74026475532531,
              -3.455252431028495
            ],
            [
              114.74026475532531,
              -3.45541357300808
            ],
            [
              114.74026458768724,
              -3.4554137403413776
            ],
            [
              114.74025939090727,
              -3.4554137403413776
            ],
            [
              114.74025939090727,
              -3.455505104317631
            ],
            [
              114.7402592232692,
              -3.4555052716509125
            ],
            [
              114.74025385885118,
              -3.4555052716509125
            ],
            [
              114.74025385885118,
              -3.455553463634834
            ],
            [
              114.74025369121313,
              -3.4555536309681076
            ],
            [
              114.74024849443316,
              -3.4555536309681076
            ],
            [
              114.74024849443316,
              -3.4555643402975336
            ],
            [
              114.74024832679507,
              -3.4555645076308044
            ],
            [
              114.74024313001513,
              -3.4555645076308044
            ],
            [
              114.74024313001513,
              -3.455575049626839
            ],
            [
              114.74024296237707,
              -3.455575216960108
            ],
            [
              114.74023776559707,
              -3.455575216960108
            ],
            [
              114.74023776559707,
              -3.455580404291446
            ],
            [
              114.74023759795902,
              -3.4555805716247145
            ],
            [
              114.74023240117907,
              -3.4555805716247145
            ],
            [
              114.74023240117907,
              -3.4555857589560235
            ],
            [
              114.740232233541,
              -3.4555859262892907
            ],
            [
              114.74022703676103,
              -3.4555859262892907
            ],
            [
              114.74022703676103,
              -3.4555911136205695
            ],
            [
              114.74022686912296,
              -3.4555912809538367
            ],
            [
              114.740221672343,
              -3.4555912809538367
            ],
            [
              114.740221672343,
              -3.455601990282838
            ],
            [
              114.74022150470495,
              -3.455602157616102
            ],
            [
              114.74021614028692,
              -3.455602157616102
            ],
            [
              114.74021614028692,
              -3.4556073449472926
            ],
            [
              114.74021597264884,
              -3.455607512280557
            ],
            [
              114.74020541145083,
              -3.455607512280557
            ],
            [
              114.74020541145083,
              -3.4556126996117182
            ],
            [
              114.74020524381278,
              -3.4556128669449806
            ],
            [
              114.7401730573046,
              -3.4556128669449806
            ],
            [
              114.7401730573046,
              -3.455618054276113
            ],
            [
              114.74017288966654,
              -3.455618221609375
            ],
            [
              114.7401515996325,
              -3.455618221609375
            ],
            [
              114.7401514319944,
              -3.455618054276113
            ],
            [
              114.7401514319944,
              -3.4556128669449806
            ],
            [
              114.74011924548626,
              -3.4556128669449806
            ],
            [
              114.74011924548626,
              -3.455618054276113
            ],
            [
              114.74011907784818,
              -3.455618221609375
            ],
            [
              114.74000055773735,
              -3.455618221609375
            ],
            [
              114.74000039009927,
              -3.455618054276113
            ],
            [
              114.74000039009927,
              -3.4556128669449806
            ],
            [
              114.7399682035911,
              -3.4556128669449806
            ],
            [
              114.73996803595303,
              -3.4556126996117182
            ],
            [
              114.73996803595303,
              -3.455607512280557
            ],
            [
              114.73993601708293,
              -3.455607512280557
            ],
            [
              114.73993601708293,
              -3.4556126996117182
            ],
            [
              114.73993584944488,
              -3.4556128669449806
            ],
            [
              114.73987130879044,
              -3.4556128669449806
            ],
            [
              114.73987114115236,
              -3.4556126996117182
            ],
            [
              114.73987114115236,
              -3.455607512280557
            ],
            [
              114.73985504789829,
              -3.455607512280557
            ],
            [
              114.73985504789829,
              -3.4556126996117182
            ],
            [
              114.73985488026021,
              -3.4556128669449806
            ],
            [
              114.73970953805923,
              -3.4556128669449806
            ],
            [
              114.73970953805923,
              -3.455618054276113
            ],
            [
              114.73970937042114,
              -3.455618221609375
            ],
            [
              114.73967718391299,
              -3.455618221609375
            ],
            [
              114.73967718391299,
              -3.4556234089404776
            ],
            [
              114.73967701627491,
              -3.455623576273738
            ],
            [
              114.73966109065888,
              -3.455623576273738
            ],
            [
              114.73966109065888,
              -3.4556287636048113
            ],
            [
              114.73967165185691,
              -3.4556287636048113
            ],
            [
              114.73967181949496,
              -3.455628930938072
            ],
            [
              114.73967181949496,
              -3.4556341182691157
            ],
            [
              114.73968791274903,
              -3.4556341182691157
            ],
            [
              114.7396880803871,
              -3.4556342856023745
            ],
            [
              114.7396880803871,
              -3.4556396402666483
            ],
            [
              114.7396986415851,
              -3.4556396402666483
            ],
            [
              114.73969880922314,
              -3.4556398075999057
            ],
            [
              114.73969880922314,
              -3.455644994930891
            ],
            [
              114.73973636014938,
              -3.455644994930891
            ],
            [
              114.73973652778744,
              -3.455645162264148
            ],
            [
              114.73973652778744,
              -3.455650349595103
            ],
            [
              114.73982252611397,
              -3.455650349595103
            ],
            [
              114.73982269375205,
              -3.455650516928359
            ],
            [
              114.73982269375205,
              -3.4556557042592853
            ],
            [
              114.73995730711698,
              -3.4556557042592853
            ],
            [
              114.73995747475503,
              -3.455655871592541
            ],
            [
              114.73995747475503,
              -3.455661058923438
            ],
            [
              114.74008672370194,
              -3.455661058923438
            ],
            [
              114.74008672370194,
              -3.455655871592541
            ],
            [
              114.74008689134001,
              -3.4556557042592853
            ],
            [
              114.74022150470495,
              -3.4556557042592853
            ],
            [
              114.740221672343,
              -3.455655871592541
            ],
            [
              114.740221672343,
              -3.455661058923438
            ],
            [
              114.74023759795902,
              -3.455661058923438
            ],
            [
              114.74023776559707,
              -3.4556612262566917
            ],
            [
              114.74023776559707,
              -3.455666413587559
            ],
            [
              114.74024296237707,
              -3.455666413587559
            ],
            [
              114.74024313001513,
              -3.455666580920813
            ],
            [
              114.74024313001513,
              -3.455671935584903
            ],
            [
              114.74024832679507,
              -3.455671935584903
            ],
            [
              114.74024849443316,
              -3.4556721029181556
            ],
            [
              114.74024849443316,
              -3.455677290248964
            ],
            [
              114.74025369121313,
              -3.455677290248964
            ],
            [
              114.74025385885118,
              -3.4556774575822153
            ],
            [
              114.74025385885118,
              -3.4556879995769947
            ],
            [
              114.7402592232692,
              -3.4556879995769947
            ],
            [
              114.74025939090727,
              -3.4556881669102433
            ],
            [
              114.74025939090727,
              -3.4556933542409642
            ],
            [
              114.74026458768724,
              -3.4556933542409642
            ],
            [
              114.74026475532531,
              -3.455693521574213
            ],
            [
              114.74026475532531,
              -3.455698708904904
            ],
            [
              114.74026995210527,
              -3.455698708904904
            ],
            [
              114.74027011974331,
              -3.4556988762381513
            ],
            [
              114.74027011974331,
              -3.4557040635688128
            ],
            [
              114.74028604535937,
              -3.4557040635688128
            ],
            [
              114.74028621299742,
              -3.45570423090206
            ],
            [
              114.74028621299742,
              -3.455709585565938
            ],
            [
              114.74029140977738,
              -3.455709585565938
            ],
            [
              114.74029140977738,
              -3.4556881669102433
            ],
            [
              114.74029157741545,
              -3.4556879995769947
            ],
            [
              114.74029694183348,
              -3.4556879995769947
            ],
            [
              114.74029694183348,
              -3.4556774575822153
            ],
            [
              114.74029710947156,
              -3.455677290248964
            ],
            [
              114.7403023062515,
              -3.455677290248964
            ],
            [
              114.7403023062515,
              -3.455666580920813
            ],
            [
              114.74030247388959,
              -3.455666413587559
            ],
            [
              114.74030767066955,
              -3.455666413587559
            ],
            [
              114.74030767066955,
              -3.4556612262566917
            ],
            [
              114.7403078383076,
              -3.455661058923438
            ],
            [
              114.74031839950561,
              -3.455661058923438
            ],
            [
              114.74031839950561,
              -3.455655871592541
            ],
            [
              114.74031856714366,
              -3.4556557042592853
            ],
            [
              114.74032929597973,
              -3.4556557042592853
            ],
            [
              114.74032929597973,
              -3.455650516928359
            ],
            [
              114.7403294636178,
              -3.455650349595103
            ],
            [
              114.74035075365184,
              -3.455650349595103
            ],
            [
              114.74035075365184,
              -3.455645162264148
            ],
            [
              114.7403509212899,
              -3.455644994930891
            ],
            [
              114.74037774338005,
              -3.455644994930891
            ],
            [
              114.74037791101814,
              -3.455645162264148
            ],
            [
              114.74037791101814,
              -3.455650349595103
            ],
            [
              114.74046390934467,
              -3.455650349595103
            ],
            [
              114.74046407698272,
              -3.455650516928359
            ],
            [
              114.74046407698272,
              -3.4556557042592853
            ],
            [
              114.7404692737627,
              -3.4556557042592853
            ],
            [
              114.7404692737627,
              -3.455650516928359
            ],
            [
              114.74046944140075,
              -3.455650349595103
            ],
            [
              114.74049626349091,
              -3.455650349595103
            ],
            [
              114.74049626349091,
              -3.455645162264148
            ],
            [
              114.74049643112896,
              -3.455644994930891
            ],
            [
              114.74050162790893,
              -3.455644994930891
            ],
            [
              114.74050162790893,
              -3.4556398075999057
            ],
            [
              114.7404857022929,
              -3.4556398075999057
            ],
            [
              114.74048553465485,
              -3.4556396402666483
            ],
            [
              114.74048553465485,
              -3.4556342856023745
            ],
            [
              114.74044798372864,
              -3.4556342856023745
            ],
            [
              114.74044798372864,
              -3.4556396402666483
            ],
            [
              114.74044781609057,
              -3.4556398075999057
            ],
            [
              114.74043172283648,
              -3.4556398075999057
            ],
            [
              114.7404315551984,
              -3.4556396402666483
            ],
            [
              114.7404315551984,
              -3.4556342856023745
            ],
            [
              114.74037791101814,
              -3.4556342856023745
            ],
            [
              114.74037791101814,
              -3.4556396402666483
            ],
            [
              114.74037774338005,
              -3.4556398075999057
            ],
            [
              114.74037254660009,
              -3.4556398075999057
            ],
            [
              114.74037237896204,
              -3.4556396402666483
            ],
            [
              114.74037237896204,
              -3.4556342856023745
            ],
            [
              114.74035628570795,
              -3.4556342856023745
            ],
            [
              114.74035611806987,
              -3.4556341182691157
            ],
            [
              114.74035611806987,
              -3.455628930938072
            ],
            [
              114.7403509212899,
              -3.455628930938072
            ],
            [
              114.74035075365184,
              -3.4556287636048113
            ],
            [
              114.74035075365184,
              -3.455623576273738
            ],
            [
              114.74034019245384,
              -3.455623576273738
            ],
            [
              114.7403400248158,
              -3.4556234089404776
            ],
            [
              114.7403400248158,
              -3.455618221609375
            ],
            [
              114.74031856714366,
              -3.455618221609375
            ],
            [
              114.74031839950561,
              -3.455618054276113
            ],
            [
              114.74031839950561,
              -3.4556128669449806
            ],
            [
              114.7403078383076,
              -3.4556128669449806
            ],
            [
              114.74030767066955,
              -3.4556126996117182
            ],
            [
              114.74030767066955,
              -3.455607512280557
            ],
            [
              114.74029710947156,
              -3.455607512280557
            ],
            [
              114.74029694183348,
              -3.4556073449472926
            ],
            [
              114.74029694183348,
              -3.4555966356183516
            ],
            [
              114.74029157741545,
              -3.4555966356183516
            ],
            [
              114.74029140977738,
              -3.4555964682850866
            ],
            [
              114.74029140977738,
              -3.4555106263159137
            ],
            [
              114.74029157741545,
              -3.4555104589826326
            ],
            [
              114.74029694183348,
              -3.4555104589826326
            ],
            [
              114.74029694183348,
              -3.4554890403224436
            ],
            [
              114.74029710947156,
              -3.4554888729891586
            ],
            [
              114.7403023062515,
              -3.4554888729891586
            ],
            [
              114.7403023062515,
              -3.455354671685382
            ],
            [
              114.74030247388959,
              -3.4553545043520737
            ],
            [
              114.74030767066955,
              -3.4553545043520737
            ],
            [
              114.74030767066955,
              -3.455311499690855
            ],
            [
              114.7403078383076,
              -3.4553113323575393
            ],
            [
              114.74031303508758,
              -3.4553113323575393
            ],
            [
              114.74031303508758,
              -3.455290081026175
            ],
            [
              114.7403078383076,
              -3.455290081026175
            ],
            [
              114.74030767066955,
              -3.4552899136928557
            ],
            [
              114.74030767066955,
              -3.455198549695883
            ],
            [
              114.7403078383076,
              -3.455198382362547
            ],
            [
              114.74031303508758,
              -3.455198382362547
            ],
            [
              114.74031303508758,
              -3.455177131028653
            ],
            [
              114.7403078383076,
              -3.455177131028653
            ],
            [
              114.74030767066955,
              -3.455176963695314
            ],
            [
              114.74030767066955,
              -3.4551608996945715
            ],
            [
              114.7403078383076,
              -3.4551607323612297
            ],
            [
              114.74031303508758,
              -3.4551607323612297
            ],
            [
              114.74031303508758,
              -3.4551018310228367
            ],
            [
              114.74031320272563,
              -3.4551016636894847
            ],
            [
              114.74031839950561,
              -3.4551016636894847
            ],
            [
              114.74031839950561,
              -3.455080245020068
            ],
            [
              114.74031320272563,
              -3.455080245020068
            ],
            [
              114.74031303508758,
              -3.455080077686711
            ],
            [
              114.74031303508758,
              -3.455064181017688
            ],
            [
              114.7403078383076,
              -3.455064181017688
            ],
            [
              114.74030767066955,
              -3.455064013684329
            ],
            [
              114.74030767066955,
              -3.4550263636776797
            ],
            [
              114.7403078383076,
              -3.455026196344313
            ],
            [
              114.74031303508758,
              -3.455026196344313
            ],
            [
              114.74031303508758,
              -3.454940354323552
            ],
            [
              114.7403078383076,
              -3.454940354323552
            ],
            [
              114.74030767066955,
              -3.454940186990171
            ],
            [
              114.74030767066955,
              -3.454891994975104
            ],
            [
              114.74030247388959,
              -3.454891994975104
            ],
            [
              114.7403023062515,
              -3.4548918276417147
            ],
            [
              114.7403023062515,
              -3.454886640306613
            ],
            [
              114.74030247388959,
              -3.454886472973221
            ],
            [
              114.74030767066955,
              -3.454886472973221
            ],
            [
              114.74030767066955,
              -3.454875763636146
            ],
            [
              114.7403078383076,
              -3.454875596302753
            ],
            [
              114.74031303508758,
              -3.454875596302753
            ],
            [
              114.74031303508758,
              -3.4548111729443423
            ]
          ],
          [
            [
              114.74091686739206,
              -3.4547735229276633
            ],
            [
              114.74091686739206,
              -3.454794941604002
            ],
            [
              114.74091669975398,
              -3.454795108937409
            ],
            [
              114.74091150297401,
              -3.454795108937409
            ],
            [
              114.74091150297401,
              -3.454832591619832
            ],
            [
              114.74091133533595,
              -3.4548327589532324
            ],
            [
              114.74090613855599,
              -3.4548327589532324
            ],
            [
              114.74090613855599,
              -3.454843300957395
            ],
            [
              114.74090597091794,
              -3.4548434682907936
            ],
            [
              114.7409006064999,
              -3.4548434682907936
            ],
            [
              114.7409006064999,
              -3.454864886965554
            ],
            [
              114.74090043886183,
              -3.4548650542989483
            ],
            [
              114.74089524208188,
              -3.4548650542989483
            ],
            [
              114.74089524208188,
              -3.4549294776537014
            ],
            [
              114.7408950744438,
              -3.4549296449870845
            ],
            [
              114.74088987766383,
              -3.4549296449870845
            ],
            [
              114.74088987766383,
              -3.454934832321951
            ],
            [
              114.7408950744438,
              -3.454934832321951
            ],
            [
              114.74089524208188,
              -3.4549349996553342
            ],
            [
              114.74089524208188,
              -3.4550047776731936
            ],
            [
              114.7408950744438,
              -3.455004945006564
            ],
            [
              114.74088987766383,
              -3.455004945006564
            ],
            [
              114.74088987766383,
              -3.455026196344313
            ],
            [
              114.74088971002577,
              -3.4550263636776797
            ],
            [
              114.74088451324583,
              -3.4550263636776797
            ],
            [
              114.74088451324583,
              -3.4551016636894847
            ],
            [
              114.74088434560774,
              -3.4551018310228367
            ],
            [
              114.74087914882777,
              -3.4551018310228367
            ],
            [
              114.74087914882777,
              -3.4551070183567623
            ],
            [
              114.74088434560774,
              -3.4551070183567623
            ],
            [
              114.74088451324583,
              -3.4551071856901148
            ],
            [
              114.74088451324583,
              -3.4551500230272487
            ],
            [
              114.74088434560774,
              -3.4551501903605923
            ],
            [
              114.74087914882777,
              -3.4551501903605923
            ],
            [
              114.74087914882777,
              -3.4551823183621675
            ],
            [
              114.74088434560774,
              -3.4551823183621675
            ],
            [
              114.74088451324583,
              -3.455182485695506
            ],
            [
              114.74088451324583,
              -3.4552253230292402
            ],
            [
              114.74088434560774,
              -3.4552254903625714
            ],
            [
              114.74087914882777,
              -3.4552254903625714
            ],
            [
              114.74087914882777,
              -3.455300623025258
            ],
            [
              114.74087898118972,
              -3.455300790358575
            ],
            [
              114.74087378440974,
              -3.455300790358575
            ],
            [
              114.74087378440974,
              -3.4553329183550523
            ],
            [
              114.74087898118972,
              -3.4553329183550523
            ],
            [
              114.74087914882777,
              -3.4553330856883644
            ],
            [
              114.74087914882777,
              -3.4553491496861914
            ],
            [
              114.74087898118972,
              -3.455349317019501
            ],
            [
              114.74087378440974,
              -3.455349317019501
            ],
            [
              114.74087378440974,
              -3.4554189276735987
            ],
            [
              114.74087898118972,
              -3.4554189276735987
            ],
            [
              114.74087914882777,
              -3.455419095006895
            ],
            [
              114.74087914882777,
              -3.4554298043378395
            ],
            [
              114.74087898118972,
              -3.455429971671135
            ],
            [
              114.74087378440974,
              -3.455429971671135
            ],
            [
              114.74087378440974,
              -3.455483518324035
            ],
            [
              114.74087898118972,
              -3.455483518324035
            ],
            [
              114.74087914882777,
              -3.455483685657321
            ],
            [
              114.74087914882777,
              -3.4554997496525988
            ],
            [
              114.74087898118972,
              -3.455499916985881
            ],
            [
              114.74087378440974,
              -3.455499916985881
            ],
            [
              114.74087378440974,
              -3.455548108970075
            ],
            [
              114.74087361677167,
              -3.455548276303349
            ],
            [
              114.74086841999173,
              -3.455548276303349
            ],
            [
              114.74086841999173,
              -3.4555857589560235
            ],
            [
              114.74087361677167,
              -3.4555857589560235
            ],
            [
              114.74087378440974,
              -3.4555859262892907
            ],
            [
              114.74087378440974,
              -3.4556073449472926
            ],
            [
              114.74087361677167,
              -3.455607512280557
            ],
            [
              114.74086841999173,
              -3.455607512280557
            ],
            [
              114.74086841999173,
              -3.4557795308600725
            ],
            [
              114.74087361677167,
              -3.4557795308600725
            ],
            [
              114.74087378440974,
              -3.4557796981933055
            ],
            [
              114.74087378440974,
              -3.455843954152739
            ],
            [
              114.74087361677167,
              -3.4558441214859617
            ],
            [
              114.74086841999173,
              -3.4558441214859617
            ],
            [
              114.74086841999173,
              -3.45588712612304
            ],
            [
              114.74087361677167,
              -3.45588712612304
            ],
            [
              114.74087378440974,
              -3.4558872934562546
            ],
            [
              114.74087378440974,
              -3.4559354854207722
            ],
            [
              114.74087361677167,
              -3.455935652753978
            ],
            [
              114.74086841999173,
              -3.455935652753978
            ],
            [
              114.74086841999173,
              -3.4559947213738047
            ],
            [
              114.74086825235366,
              -3.4559948887070004
            ],
            [
              114.74086288793562,
              -3.4559948887070004
            ],
            [
              114.74086288793562,
              -3.4561130259356014
            ],
            [
              114.74086272029756,
              -3.4561131932687754
            ],
            [
              114.74085752351759,
              -3.4561131932687754
            ],
            [
              114.74085752351759,
              -3.456150675899132
            ],
            [
              114.74086272029756,
              -3.456150675899132
            ],
            [
              114.74086288793562,
              -3.4561508432323
            ],
            [
              114.74086288793562,
              -3.4561667398831166
            ],
            [
              114.74086272029756,
              -3.456166907216282
            ],
            [
              114.74085752351759,
              -3.456166907216282
            ],
            [
              114.74085752351759,
              -3.4562420398044207
            ],
            [
              114.74085735587953,
              -3.4562422071375725
            ],
            [
              114.74085215909956,
              -3.4562422071375725
            ],
            [
              114.74085215909956,
              -3.4563119850592994
            ],
            [
              114.74085199146151,
              -3.456312152392439
            ],
            [
              114.74084679468153,
              -3.456312152392439
            ],
            [
              114.74084679468153,
              -3.4563282163736897
            ],
            [
              114.74084662704348,
              -3.4563283837068264
            ],
            [
              114.74084143026352,
              -3.4563283837068264
            ],
            [
              114.74084143026352,
              -3.4563551570083013
            ],
            [
              114.74084662704348,
              -3.4563551570083013
            ],
            [
              114.74084679468153,
              -3.456355324341433
            ],
            [
              114.74084679468153,
              -3.456376575648938
            ],
            [
              114.74084662704348,
              -3.4563767429820658
            ],
            [
              114.74084143026352,
              -3.4563767429820658
            ],
            [
              114.74084143026352,
              -3.4564411662341783
            ],
            [
              114.74084662704348,
              -3.4564411662341783
            ],
            [
              114.74084679468153,
              -3.4564413335672954
            ],
            [
              114.74084679468153,
              -3.4564465208938975
            ],
            [
              114.74084662704348,
              -3.4564466882270133
            ],
            [
              114.74084143026352,
              -3.4564466882270133
            ],
            [
              114.74084143026352,
              -3.4564895255036685
            ],
            [
              114.74084126262542,
              -3.4564896928367768
            ],
            [
              114.74083606584549,
              -3.4564896928367768
            ],
            [
              114.74083606584549,
              -3.4565434067629646
            ],
            [
              114.74083589820742,
              -3.4565435740960635
            ],
            [
              114.74083070142746,
              -3.4565435740960635
            ],
            [
              114.74083070142746,
              -3.45665635659783
            ],
            [
              114.74083589820742,
              -3.45665635659783
            ],
            [
              114.74083606584549,
              -3.4566565239309095
            ],
            [
              114.74083606584549,
              -3.456694006539797
            ],
            [
              114.74083589820742,
              -3.456694173872869
            ],
            [
              114.74083070142746,
              -3.456694173872869
            ],
            [
              114.74083070142746,
              -3.456731656480269
            ],
            [
              114.74083589820742,
              -3.456731656480269
            ],
            [
              114.74083606584549,
              -3.4567318238133344
            ],
            [
              114.74083606584549,
              -3.456785537725811
            ],
            [
              114.74083589820742,
              -3.4567857050588677
            ],
            [
              114.74083070142746,
              -3.4567857050588677
            ],
            [
              114.74083070142746,
              -3.4567962470413307
            ],
            [
              114.74083589820742,
              -3.4567962470413307
            ],
            [
              114.74083606584549,
              -3.456796414374385
            ],
            [
              114.74083606584549,
              -3.456812311014384
            ],
            [
              114.74083589820742,
              -3.4568124783474348
            ],
            [
              114.74083070142746,
              -3.4568124783474348
            ],
            [
              114.74083070142746,
              -3.4568661922553443
            ],
            [
              114.74083053378938,
              -3.456866359588387
            ],
            [
              114.74082516937135,
              -3.456866359588387
            ],
            [
              114.74082516937135,
              -3.456941492121125
            ],
            [
              114.74083053378938,
              -3.456941492121125
            ],
            [
              114.74083070142746,
              -3.4569416594541535
            ],
            [
              114.74083070142746,
              -3.4569684327383188
            ],
            [
              114.74083589820742,
              -3.4569684327383188
            ],
            [
              114.74083606584549,
              -3.4569686000713427
            ],
            [
              114.74083606584549,
              -3.4570330232832567
            ],
            [
              114.74084126262542,
              -3.4570330232832567
            ],
            [
              114.74084143026352,
              -3.457033190616269
            ],
            [
              114.74084143026352,
              -3.457097446490795
            ],
            [
              114.74084662704348,
              -3.457097446490795
            ],
            [
              114.74084679468153,
              -3.457097613823796
            ],
            [
              114.74084679468153,
              -3.457183622982348
            ],
            [
              114.74085199146151,
              -3.457183622982348
            ],
            [
              114.74085215909956,
              -3.4571837903153346
            ],
            [
              114.74085215909956,
              -3.4572319822139845
            ],
            [
              114.74085735587953,
              -3.4572319822139845
            ],
            [
              114.74085752351759,
              -3.4572321495469622
            ],
            [
              114.74085752351759,
              -3.457269632133101
            ],
            [
              114.74086272029756,
              -3.457269632133101
            ],
            [
              114.74086288793562,
              -3.457269799466072
            ],
            [
              114.74086288793562,
              -3.4573288680028194
            ],
            [
              114.74086825235366,
              -3.4573288680028194
            ],
            [
              114.74086841999173,
              -3.4573290353357797
            ],
            [
              114.74086841999173,
              -3.4574364630900467
            ],
            [
              114.74087361677167,
              -3.4574364630900467
            ],
            [
              114.74087378440974,
              -3.4574366304229875
            ],
            [
              114.74087378440974,
              -3.4575333488579907
            ],
            [
              114.74087898118972,
              -3.4575333488579907
            ],
            [
              114.74087914882777,
              -3.4575335161909155
            ],
            [
              114.74087914882777,
              -3.457565476778855
            ],
            [
              114.74088434560774,
              -3.457565476778855
            ],
            [
              114.74088451324583,
              -3.457565644111773
            ],
            [
              114.74088451324583,
              -3.4575924173783226
            ],
            [
              114.74088971002577,
              -3.4575924173783226
            ],
            [
              114.74088987766383,
              -3.4575925847112368
            ],
            [
              114.74088987766383,
              -3.457619357977026
            ],
            [
              114.7408950744438,
              -3.457619357977026
            ],
            [
              114.74089524208188,
              -3.4576195253099353
            ],
            [
              114.74089524208188,
              -3.457646298574963
            ],
            [
              114.74090043886183,
              -3.457646298574963
            ],
            [
              114.7409006064999,
              -3.4576464659078674
            ],
            [
              114.7409006064999,
              -3.4576623625336182
            ],
            [
              114.74090597091794,
              -3.4576623625336182
            ],
            [
              114.74090613855599,
              -3.457662529866519
            ],
            [
              114.74090613855599,
              -3.457866843316878
            ],
            [
              114.74091133533595,
              -3.457866843316878
            ],
            [
              114.74091150297401,
              -3.457867010649744
            ],
            [
              114.74091150297401,
              -3.45792055716507
            ],
            [
              114.74091133533595,
              -3.4579207244979258
            ],
            [
              114.74090613855599,
              -3.4579207244979258
            ],
            [
              114.74090613855599,
              -3.458049738120848
            ],
            [
              114.74091133533595,
              -3.458049738120848
            ],
            [
              114.74091150297401,
              -3.458049905453681
            ],
            [
              114.74091150297401,
              -3.4582649281195033
            ],
            [
              114.74091669975398,
              -3.4582649281195033
            ],
            [
              114.74091686739206,
              -3.4582650954522984
            ],
            [
              114.74091686739206,
              -3.458291868699099
            ],
            [
              114.74092206417201,
              -3.458291868699099
            ],
            [
              114.74092223181006,
              -3.458292036031889
            ],
            [
              114.74092223181006,
              -3.458313287295995
            ],
            [
              114.74092742859004,
              -3.458313287295995
            ],
            [
              114.74092759622812,
              -3.4583134546287817
            ],
            [
              114.74092759622812,
              -3.4584264042528265
            ],
            [
              114.74093279300808,
              -3.4584264042528265
            ],
            [
              114.74093296064615,
              -3.4584265715855933
            ],
            [
              114.74093296064615,
              -3.458496182013846
            ],
            [
              114.74093832506416,
              -3.458496182013846
            ],
            [
              114.74093849270223,
              -3.4584963493465994
            ],
            [
              114.74093849270223,
              -3.458501703994714
            ],
            [
              114.7409436894822,
              -3.458501703994714
            ],
            [
              114.74094385712026,
              -3.4585018713274667
            ],
            [
              114.74094385712026,
              -3.4585284772348333
            ],
            [
              114.7409436894822,
              -3.458528644567581
            ],
            [
              114.74093849270223,
              -3.458528644567581
            ],
            [
              114.74093849270223,
              -3.458593067673507
            ],
            [
              114.7409436894822,
              -3.458593067673507
            ],
            [
              114.74094385712026,
              -3.4585932350062443
            ],
            [
              114.74094385712026,
              -3.4585984223210753
            ],
            [
              114.74094905390022,
              -3.4585984223210753
            ],
            [
              114.7409492215383,
              -3.4585985896538114
            ],
            [
              114.7409492215383,
              -3.458603776968613
            ],
            [
              114.7409867724645,
              -3.458603776968613
            ],
            [
              114.7409867724645,
              -3.458528644567581
            ],
            [
              114.74098157568454,
              -3.458528644567581
            ],
            [
              114.7409814080465,
              -3.4585284772348333
            ],
            [
              114.7409814080465,
              -3.4585179352716264
            ],
            [
              114.74097621126649,
              -3.4585179352716264
            ],
            [
              114.74097604362844,
              -3.458517767938876
            ],
            [
              114.74097604362844,
              -3.4585072259755503
            ],
            [
              114.74097621126649,
              -3.4585070586427977
            ],
            [
              114.7409814080465,
              -3.4585070586427977
            ],
            [
              114.7409814080465,
              -3.4584856400502795
            ],
            [
              114.74097621126649,
              -3.4584856400502795
            ],
            [
              114.74097604362844,
              -3.4584854727175243
            ],
            [
              114.74097604362844,
              -3.4584156949557165
            ],
            [
              114.74097621126649,
              -3.458415527622948
            ],
            [
              114.7409814080465,
              -3.458415527622948
            ],
            [
              114.7409814080465,
              -3.458351104504958
            ],
            [
              114.74097621126649,
              -3.458351104504958
            ],
            [
              114.74097604362844,
              -3.4583509371721783
            ],
            [
              114.74097604362844,
              -3.458308099979604
            ],
            [
              114.7409706792104,
              -3.458308099979604
            ],
            [
              114.74097051157236,
              -3.4583079326468167
            ],
            [
              114.74097051157236,
              -3.4582597408028475
            ],
            [
              114.7409706792104,
              -3.458259573470052
            ],
            [
              114.74097604362844,
              -3.458259573470052
            ],
            [
              114.74097604362844,
              -3.458222090923042
            ],
            [
              114.7409706792104,
              -3.458222090923042
            ],
            [
              114.74097051157236,
              -3.4582219235902403
            ],
            [
              114.74097051157236,
              -3.458205859641066
            ],
            [
              114.7409706792104,
              -3.45820569230826
            ],
            [
              114.74097604362844,
              -3.45820569230826
            ],
            [
              114.74097604362844,
              -3.4581521458090356
            ],
            [
              114.7409706792104,
              -3.4581521458090356
            ],
            [
              114.74097051157236,
              -3.4581519784762214
            ],
            [
              114.74097051157236,
              -3.4581198505752297
            ],
            [
              114.74096531479239,
              -3.4581198505752297
            ],
            [
              114.74096514715433,
              -3.4581196832424084
            ],
            [
              114.74096514715433,
              -3.458006900914665
            ],
            [
              114.74096531479239,
              -3.458006733581824
            ],
            [
              114.74097051157236,
              -3.458006733581824
            ],
            [
              114.74097051157236,
              -3.4579961916128164
            ],
            [
              114.74096531479239,
              -3.4579961916128164
            ],
            [
              114.74096514715433,
              -3.457996024279974
            ],
            [
              114.74096514715433,
              -3.457974605675911
            ],
            [
              114.74095995037436,
              -3.457974605675911
            ],
            [
              114.7409597827363,
              -3.457974438343065
            ],
            [
              114.7409597827363,
              -3.457958374389697
            ],
            [
              114.74095458595633,
              -3.457958374389697
            ],
            [
              114.74095441831825,
              -3.4579582070568486
            ],
            [
              114.74095441831825,
              -3.457883074604659
            ],
            [
              114.74095458595633,
              -3.4578829072717965
            ],
            [
              114.7409597827363,
              -3.4578829072717965
            ],
            [
              114.7409597827363,
              -3.457856301346316
            ],
            [
              114.74095458595633,
              -3.457856301346316
            ],
            [
              114.74095441831825,
              -3.4578561340134484
            ],
            [
              114.74095441831825,
              -3.457824006102433
            ],
            [
              114.7409492215383,
              -3.457824006102433
            ],
            [
              114.74094905390022,
              -3.4578238387695603
            ],
            [
              114.74094905390022,
              -3.4578024201616078
            ],
            [
              114.74094385712026,
              -3.4578024201616078
            ],
            [
              114.7409436894822,
              -3.4578022528287304
            ],
            [
              114.7409436894822,
              -3.4577863562053257
            ],
            [
              114.74093849270223,
              -3.4577863562053257
            ],
            [
              114.74093832506416,
              -3.457786188872446
            ],
            [
              114.74093832506416,
              -3.457732475016643
            ],
            [
              114.74093849270223,
              -3.4577323076837536
            ],
            [
              114.7409436894822,
              -3.4577323076837536
            ],
            [
              114.7409436894822,
              -3.4576355892690422
            ],
            [
              114.74094385712026,
              -3.4576354219361374
            ],
            [
              114.74094905390022,
              -3.4576354219361374
            ],
            [
              114.74094905390022,
              -3.4576195253099353
            ],
            [
              114.74094385712026,
              -3.4576195253099353
            ],
            [
              114.7409436894822,
              -3.457619357977026
            ],
            [
              114.7409436894822,
              -3.457597939364455
            ],
            [
              114.74094385712026,
              -3.4575977720315425
            ],
            [
              114.74094905390022,
              -3.4575977720315425
            ],
            [
              114.74094905390022,
              -3.4575765207514
            ],
            [
              114.74094385712026,
              -3.4575765207514
            ],
            [
              114.7409436894822,
              -3.457576353418484
            ],
            [
              114.7409436894822,
              -3.4575549348049415
            ],
            [
              114.74093849270223,
              -3.4575549348049415
            ],
            [
              114.74093832506416,
              -3.457554767472021
            ],
            [
              114.74093832506416,
              -3.4575279942044084
            ],
            [
              114.74093849270223,
              -3.457527826871483
            ],
            [
              114.7409436894822,
              -3.457527826871483
            ],
            [
              114.7409436894822,
              -3.457495866282275
            ],
            [
              114.74093296064615,
              -3.457495866282275
            ],
            [
              114.74093296064615,
              -3.457501053603109
            ],
            [
              114.74093279300808,
              -3.457501220936039
            ],
            [
              114.74092759622812,
              -3.457501220936039
            ],
            [
              114.74092759622812,
              -3.4575064082568443
            ],
            [
              114.74092742859004,
              -3.4575065755897736
            ],
            [
              114.74091686739206,
              -3.4575065755897736
            ],
            [
              114.74091669975398,
              -3.4575064082568443
            ],
            [
              114.74091669975398,
              -3.457490344295548
            ],
            [
              114.74091150297401,
              -3.457490344295548
            ],
            [
              114.74091133533595,
              -3.457490176962617
            ],
            [
              114.74091133533595,
              -3.4574096898190936
            ],
            [
              114.74091150297401,
              -3.4574095224861483
            ],
            [
              114.74091669975398,
              -3.4574095224861483
            ],
            [
              114.74091669975398,
              -3.457393625856159
            ],
            [
              114.74091686739206,
              -3.4573934585232102
            ],
            [
              114.74092206417201,
              -3.4573934585232102
            ],
            [
              114.74092206417201,
              -3.4573236806810432
            ],
            [
              114.74091686739206,
              -3.4573236806810432
            ],
            [
              114.74091669975398,
              -3.457323513348082
            ],
            [
              114.74091669975398,
              -3.457302094728829
            ],
            [
              114.74091150297401,
              -3.457302094728829
            ],
            [
              114.74091133533595,
              -3.4573019273958643
            ],
            [
              114.74091133533595,
              -3.457237504202215
            ],
            [
              114.74090613855599,
              -3.457237504202215
            ],
            [
              114.74090597091794,
              -3.4572373368692397
            ],
            [
              114.74090597091794,
              -3.45721608558102
            ],
            [
              114.7409006064999,
              -3.45721608558102
            ],
            [
              114.74090043886183,
              -3.45721591824804
            ],
            [
              114.74090043886183,
              -3.4571729136712035
            ],
            [
              114.74089524208188,
              -3.4571729136712035
            ],
            [
              114.7408950744438,
              -3.4571727463382156
            ],
            [
              114.7408950744438,
              -3.4571191997806636
            ],
            [
              114.74088987766383,
              -3.4571191997806636
            ],
            [
              114.74088971002577,
              -3.457119032447666
            ],
            [
              114.74088971002577,
              -3.457070840543277
            ],
            [
              114.74088451324583,
              -3.457070840543277
            ],
            [
              114.74088434560774,
              -3.457070673210272
            ],
            [
              114.74088434560774,
              -3.4569900186981273
            ],
            [
              114.74087914882777,
              -3.4569900186981273
            ],
            [
              114.74087898118972,
              -3.456989851365107
            ],
            [
              114.74087898118972,
              -3.456979309384795
            ],
            [
              114.74087914882777,
              -3.4569791420517735
            ],
            [
              114.74088434560774,
              -3.4569791420517735
            ],
            [
              114.74088434560774,
              -3.456887945550517
            ],
            [
              114.74087914882777,
              -3.456887945550517
            ],
            [
              114.74087898118972,
              -3.4568877782174794
            ],
            [
              114.74087898118972,
              -3.4567641190944096
            ],
            [
              114.74087914882777,
              -3.45676395176135
            ],
            [
              114.74088434560774,
              -3.45676395176135
            ],
            [
              114.74088434560774,
              -3.456468274198695
            ],
            [
              114.74088451324583,
              -3.4564681068655823
            ],
            [
              114.74088971002577,
              -3.4564681068655823
            ],
            [
              114.74088971002577,
              -3.456435978907547
            ],
            [
              114.74088987766383,
              -3.4564358115744294
            ],
            [
              114.7408950744438,
              -3.4564358115744294
            ],
            [
              114.7408950744438,
              -3.4563283837068264
            ],
            [
              114.74089524208188,
              -3.4563282163736897
            ],
            [
              114.74090043886183,
              -3.4563282163736897
            ],
            [
              114.74090043886183,
              -3.456253083792376
            ],
            [
              114.7409006064999,
              -3.4562529164592264
            ],
            [
              114.74090597091794,
              -3.4562529164592264
            ],
            [
              114.74090597091794,
              -3.456210079171886
            ],
            [
              114.74090613855599,
              -3.4562099118387284
            ],
            [
              114.74091133533595,
              -3.4562099118387284
            ],
            [
              114.74091133533595,
              -3.4560701886419447
            ],
            [
              114.74091150297401,
              -3.4560700213087623
            ],
            [
              114.74091669975398,
              -3.4560700213087623
            ],
            [
              114.74091669975398,
              -3.4560270166799745
            ],
            [
              114.74091686739206,
              -3.4560268493467845
            ],
            [
              114.74092206417201,
              -3.4560268493467845
            ],
            [
              114.74092206417201,
              -3.4559087121074534
            ],
            [
              114.74092223181006,
              -3.4559085447742426
            ],
            [
              114.74092742859004,
              -3.4559085447742426
            ],
            [
              114.74092742859004,
              -3.4558980027819146
            ],
            [
              114.74092223181006,
              -3.4558980027819146
            ],
            [
              114.74092206417201,
              -3.4558978354487015
            ],
            [
              114.74092206417201,
              -3.4558494761490497
            ],
            [
              114.74092223181006,
              -3.455849308815829
            ],
            [
              114.74092742859004,
              -3.455849308815829
            ],
            [
              114.74092742859004,
              -3.455822702833304
            ],
            [
              114.74092223181006,
              -3.455822702833304
            ],
            [
              114.74092206417201,
              -3.455822535500078
            ],
            [
              114.74092206417201,
              -3.4557796981933055
            ],
            [
              114.74091686739206,
              -3.4557796981933055
            ],
            [
              114.74091669975398,
              -3.4557795308600725
            ],
            [
              114.74091669975398,
              -3.4557741761965888
            ],
            [
              114.74091686739206,
              -3.4557740088633544
            ],
            [
              114.74092206417201,
              -3.4557740088633544
            ],
            [
              114.74092206417201,
              -3.455736526218117
            ],
            [
              114.74091686739206,
              -3.455736526218117
            ],
            [
              114.74091669975398,
              -3.455736358884876
            ],
            [
              114.74091669975398,
              -3.455666580920813
            ],
            [
              114.74091686739206,
              -3.455666413587559
            ],
            [
              114.74092206417201,
              -3.455666413587559
            ],
            [
              114.74092206417201,
              -3.4555266903107356
            ],
            [
              114.74091686739206,
              -3.4555266903107356
            ],
            [
              114.74091669975398,
              -3.455526522977457
            ],
            [
              114.74091669975398,
              -3.4555106263159137
            ],
            [
              114.74091686739206,
              -3.4555104589826326
            ],
            [
              114.74092206417201,
              -3.4555104589826326
            ],
            [
              114.74092206417201,
              -3.4553976763446435
            ],
            [
              114.74091686739206,
              -3.4553976763446435
            ],
            [
              114.74091669975398,
              -3.4553975090113425
            ],
            [
              114.74091669975398,
              -3.455370735682844
            ],
            [
              114.74091686739206,
              -3.4553705683495384
            ],
            [
              114.74092206417201,
              -3.4553705683495384
            ],
            [
              114.74092206417201,
              -3.4552417216955487
            ],
            [
              114.74092223181006,
              -3.455241554362221
            ],
            [
              114.74092742859004,
              -3.455241554362221
            ],
            [
              114.74092742859004,
              -3.454886640306613
            ],
            [
              114.74092759622812,
              -3.454886472973221
            ],
            [
              114.74093279300808,
              -3.454886472973221
            ],
            [
              114.74093279300808,
              -3.454875763636146
            ],
            [
              114.74093296064615,
              -3.454875596302753
            ],
            [
              114.74093832506416,
              -3.454875596302753
            ],
            [
              114.74093832506416,
              -3.454870408967562
            ],
            [
              114.74093849270223,
              -3.4548702416341683
            ],
            [
              114.7409436894822,
              -3.4548702416341683
            ],
            [
              114.7409436894822,
              -3.4548166949466634
            ],
            [
              114.74093849270223,
              -3.4548166949466634
            ],
            [
              114.74093832506416,
              -3.4548165276132607
            ],
            [
              114.74093832506416,
              -3.454779044930203
            ],
            [
              114.74092223181006,
              -3.454779044930203
            ],
            [
              114.74092206417201,
              -3.4547788775967936
            ],
            [
              114.74092206417201,
              -3.4547735229276633
            ]
          ],
          [
            [
              114.73693931906102,
              -3.4547628135893125
            ],
            [
              114.73693931906102,
              -3.454768000925091
            ],
            [
              114.73693915142297,
              -3.4547681682585027
            ],
            [
              114.736933954643,
              -3.4547681682585027
            ],
            [
              114.736933954643,
              -3.4548110056109387
            ],
            [
              114.73693915142297,
              -3.4548110056109387
            ],
            [
              114.73693931906102,
              -3.4548111729443423
            ],
            [
              114.73693931906102,
              -3.4548165276132607
            ],
            [
              114.736944515841,
              -3.4548165276132607
            ],
            [
              114.736944515841,
              -3.4547628135893125
            ]
          ],
          [
            [
              114.73598529084205,
              -3.4547090995623244
            ],
            [
              114.73598529084205,
              -3.4547303509066984
            ],
            [
              114.73598512320396,
              -3.454730518240117
            ],
            [
              114.73597992642402,
              -3.454730518240117
            ],
            [
              114.73597992642402,
              -3.4547465822481445
            ],
            [
              114.73597975878594,
              -3.45474674958156
            ],
            [
              114.73597456200599,
              -3.45474674958156
            ],
            [
              114.73597456200599,
              -3.454757291586678
            ],
            [
              114.73597439436791,
              -3.454757458920092
            ],
            [
              114.73596919758795,
              -3.454757458920092
            ],
            [
              114.73596919758795,
              -3.4547733555942526
            ],
            [
              114.73596902994989,
              -3.4547735229276633
            ],
            [
              114.73596383316995,
              -3.4547735229276633
            ],
            [
              114.73596383316995,
              -3.454794941604002
            ],
            [
              114.73596366553186,
              -3.454795108937409
            ],
            [
              114.73595846875189,
              -3.454795108937409
            ],
            [
              114.73595846875189,
              -3.4548165276132607
            ],
            [
              114.73595830111384,
              -3.4548166949466634
            ],
            [
              114.73595293669578,
              -3.4548166949466634
            ],
            [
              114.73595293669578,
              -3.454843300957395
            ],
            [
              114.73595830111384,
              -3.454843300957395
            ],
            [
              114.73595846875189,
              -3.4548434682907936
            ],
            [
              114.73595846875189,
              -3.4548702416341683
            ],
            [
              114.73596902994989,
              -3.4548702416341683
            ],
            [
              114.73596902994989,
              -3.4548596996303047
            ],
            [
              114.73596919758795,
              -3.454859532296909
            ],
            [
              114.73597439436791,
              -3.454859532296909
            ],
            [
              114.73597439436791,
              -3.4548434682907936
            ],
            [
              114.73597456200599,
              -3.454843300957395
            ],
            [
              114.73597975878594,
              -3.454843300957395
            ],
            [
              114.73597975878594,
              -3.4548274042844063
            ],
            [
              114.73597992642402,
              -3.4548272369510054
            ],
            [
              114.73598512320396,
              -3.4548272369510054
            ],
            [
              114.73598512320396,
              -3.4548166949466634
            ],
            [
              114.73598529084205,
              -3.4548165276132607
            ],
            [
              114.73599048762202,
              -3.4548165276132607
            ],
            [
              114.73599048762202,
              -3.454795108937409
            ],
            [
              114.73599065526007,
              -3.454794941604002
            ],
            [
              114.7359960196781,
              -3.454794941604002
            ],
            [
              114.7359960196781,
              -3.454719808901281
            ],
            [
              114.73599618731618,
              -3.4547196415678605
            ],
            [
              114.73600138409613,
              -3.4547196415678605
            ],
            [
              114.73600138409613,
              -3.4547144542318176
            ],
            [
              114.73599618731618,
              -3.4547144542318176
            ],
            [
              114.7359960196781,
              -3.4547142868983967
            ],
            [
              114.7359960196781,
              -3.4547090995623244
            ]
          ],
          [
            [
              114.73814664839384,
              -3.4547035775593775
            ],
            [
              114.73814664839384,
              -3.4547089322289017
            ],
            [
              114.73814648075579,
              -3.4547090995623244
            ],
            [
              114.73814111633776,
              -3.4547090995623244
            ],
            [
              114.73814111633776,
              -3.4547142868983967
            ],
            [
              114.73814094869971,
              -3.4547144542318176
            ],
            [
              114.73813575191973,
              -3.4547144542318176
            ],
            [
              114.73813575191973,
              -3.454741227578832
            ],
            [
              114.73814094869971,
              -3.454741227578832
            ],
            [
              114.73814111633776,
              -3.454741394912248
            ],
            [
              114.73814111633776,
              -3.454794941604002
            ],
            [
              114.73814094869971,
              -3.454795108937409
            ],
            [
              114.73813575191973,
              -3.454795108937409
            ],
            [
              114.73813575191973,
              -3.4548488229595287
            ],
            [
              114.73814094869971,
              -3.4548488229595287
            ],
            [
              114.73814111633776,
              -3.454848990292927
            ],
            [
              114.73814111633776,
              -3.454864886965554
            ],
            [
              114.73814648075579,
              -3.454864886965554
            ],
            [
              114.73814664839384,
              -3.4548650542989483
            ],
            [
              114.73814664839384,
              -3.4549294776537014
            ],
            [
              114.73815184517383,
              -3.4549294776537014
            ],
            [
              114.73815184517383,
              -3.4549187683171105
            ],
            [
              114.7381520128119,
              -3.4549186009837247
            ],
            [
              114.73815720959183,
              -3.4549186009837247
            ],
            [
              114.73815720959183,
              -3.4548596996303047
            ],
            [
              114.73815737722992,
              -3.454859532296909
            ],
            [
              114.73816257400989,
              -3.454859532296909
            ],
            [
              114.73816257400989,
              -3.454848990292927
            ],
            [
              114.73816274164794,
              -3.4548488229595287
            ],
            [
              114.73816793842792,
              -3.4548488229595287
            ],
            [
              114.73816793842792,
              -3.4548327589532324
            ],
            [
              114.73816810606597,
              -3.454832591619832
            ],
            [
              114.73817330284594,
              -3.454832591619832
            ],
            [
              114.73817330284594,
              -3.4548166949466634
            ],
            [
              114.73816810606597,
              -3.4548166949466634
            ],
            [
              114.73816793842792,
              -3.4548165276132607
            ],
            [
              114.73816793842792,
              -3.4547897542683703
            ],
            [
              114.73816274164794,
              -3.4547897542683703
            ],
            [
              114.73816257400989,
              -3.4547895869349623
            ],
            [
              114.73816257400989,
              -3.454757458920092
            ],
            [
              114.73816274164794,
              -3.454757291586678
            ],
            [
              114.73816793842792,
              -3.454757291586678
            ],
            [
              114.73816793842792,
              -3.454741394912248
            ],
            [
              114.73816810606597,
              -3.454741227578832
            ],
            [
              114.73817330284594,
              -3.454741227578832
            ],
            [
              114.73817330284594,
              -3.4547144542318176
            ],
            [
              114.73816810606597,
              -3.4547144542318176
            ],
            [
              114.73816793842792,
              -3.4547142868983967
            ],
            [
              114.73816793842792,
              -3.4547090995623244
            ],
            [
              114.73815737722992,
              -3.4547090995623244
            ],
            [
              114.73815720959183,
              -3.4547089322289017
            ],
            [
              114.73815720959183,
              -3.4547035775593775
            ]
          ],
          [
            [
              114.7403078383076,
              -3.4546928682202376
            ],
            [
              114.7403078383076,
              -3.454698055556398
            ],
            [
              114.74031303508758,
              -3.454698055556398
            ],
            [
              114.74031303508758,
              -3.4546928682202376
            ]
          ],
          [
            [
              114.73693931906102,
              -3.454628277515987
            ],
            [
              114.73693931906102,
              -3.4546604055352312
            ],
            [
              114.736944515841,
              -3.4546604055352312
            ],
            [
              114.736944515841,
              -3.454628277515987
            ]
          ],
          [
            [
              114.73693931906102,
              -3.4545745634813847
            ],
            [
              114.73693931906102,
              -3.4545904601586086
            ],
            [
              114.73694988025902,
              -3.4545904601586086
            ],
            [
              114.73694988025902,
              -3.4545852728218596
            ],
            [
              114.73694468347905,
              -3.4545852728218596
            ],
            [
              114.736944515841,
              -3.4545851054884165
            ],
            [
              114.736944515841,
              -3.4545745634813847
            ]
          ],
          [
            [
              114.73724659963129,
              -3.4545692088111024
            ],
            [
              114.73724659963129,
              -3.45457439614794
            ],
            [
              114.73724643199323,
              -3.4545745634813847
            ],
            [
              114.73723033873915,
              -3.4545745634813847
            ],
            [
              114.73723033873915,
              -3.4545797508181924
            ],
            [
              114.73723017110107,
              -3.4545799181516377
            ],
            [
              114.7372196099031,
              -3.4545799181516377
            ],
            [
              114.7372196099031,
              -3.4545851054884165
            ],
            [
              114.73721944226502,
              -3.4545852728218596
            ],
            [
              114.73712254746435,
              -3.4545852728218596
            ],
            [
              114.73712254746435,
              -3.4545958148287723
            ],
            [
              114.73713310866235,
              -3.4545958148287723
            ],
            [
              114.73713327630041,
              -3.454595982162214
            ],
            [
              114.73713327630041,
              -3.4546013368323454
            ],
            [
              114.73714400513646,
              -3.4546013368323454
            ],
            [
              114.73714417277453,
              -3.4546015041657867
            ],
            [
              114.73714417277453,
              -3.454606691502447
            ],
            [
              114.73714936955452,
              -3.454606691502447
            ],
            [
              114.73714953719256,
              -3.4546068588358874
            ],
            [
              114.73714953719256,
              -3.4546120461725183
            ],
            [
              114.73717082722665,
              -3.4546120461725183
            ],
            [
              114.7371709948647,
              -3.4546122135059574
            ],
            [
              114.7371709948647,
              -3.4546174008425594
            ],
            [
              114.73720854579088,
              -3.4546174008425594
            ],
            [
              114.73720871342897,
              -3.454617568175998
            ],
            [
              114.73720871342897,
              -3.4546227555125704
            ],
            [
              114.73721944226502,
              -3.4546227555125704
            ],
            [
              114.7372196099031,
              -3.4546229228460077
            ],
            [
              114.7372196099031,
              -3.4546281101825507
            ],
            [
              114.73724643199323,
              -3.4546281101825507
            ],
            [
              114.73724659963129,
              -3.454628277515987
            ],
            [
              114.73724659963129,
              -3.4546336321859368
            ],
            [
              114.73725716082929,
              -3.4546336321859368
            ],
            [
              114.73725732846736,
              -3.4546337995193728
            ],
            [
              114.73725732846736,
              -3.4546389868558562
            ],
            [
              114.73727325408339,
              -3.4546389868558562
            ],
            [
              114.73727325408339,
              -3.4546337995193728
            ],
            [
              114.73727342172144,
              -3.4546336321859368
            ],
            [
              114.73727861850142,
              -3.4546336321859368
            ],
            [
              114.73727861850142,
              -3.454628277515987
            ],
            [
              114.73727878613947,
              -3.4546281101825507
            ],
            [
              114.73732723353982,
              -3.4546281101825507
            ],
            [
              114.73732723353982,
              -3.4546229228460077
            ],
            [
              114.73732740117786,
              -3.4546227555125704
            ],
            [
              114.73733259795785,
              -3.4546227555125704
            ],
            [
              114.7373327655959,
              -3.4546229228460077
            ],
            [
              114.7373327655959,
              -3.4546281101825507
            ],
            [
              114.73735958768606,
              -3.4546281101825507
            ],
            [
              114.73735958768606,
              -3.4546229228460077
            ],
            [
              114.7373597553241,
              -3.4546227555125704
            ],
            [
              114.73743502481459,
              -3.4546227555125704
            ],
            [
              114.73743502481459,
              -3.454617568175998
            ],
            [
              114.73743519245266,
              -3.4546174008425594
            ],
            [
              114.7374403892326,
              -3.4546174008425594
            ],
            [
              114.7374405568707,
              -3.454617568175998
            ],
            [
              114.7374405568707,
              -3.4546227555125704
            ],
            [
              114.73750509752509,
              -3.4546227555125704
            ],
            [
              114.73750526516316,
              -3.4546229228460077
            ],
            [
              114.73750526516316,
              -3.4546281101825507
            ],
            [
              114.73753745167136,
              -3.4546281101825507
            ],
            [
              114.7375376193094,
              -3.454628277515987
            ],
            [
              114.7375376193094,
              -3.4546336321859368
            ],
            [
              114.7375642737615,
              -3.4546336321859368
            ],
            [
              114.7375642737615,
              -3.454628277515987
            ],
            [
              114.73756444139957,
              -3.4546281101825507
            ],
            [
              114.73761288879992,
              -3.4546281101825507
            ],
            [
              114.73761288879992,
              -3.4546229228460077
            ],
            [
              114.73761305643797,
              -3.4546227555125704
            ],
            [
              114.73765060736415,
              -3.4546227555125704
            ],
            [
              114.73765077500224,
              -3.4546229228460077
            ],
            [
              114.73765077500224,
              -3.4546281101825507
            ],
            [
              114.73768832592845,
              -3.4546281101825507
            ],
            [
              114.7376884935665,
              -3.454628277515987
            ],
            [
              114.7376884935665,
              -3.4546336321859368
            ],
            [
              114.73773677332876,
              -3.4546336321859368
            ],
            [
              114.73773677332876,
              -3.454628277515987
            ],
            [
              114.73773694096681,
              -3.4546281101825507
            ],
            [
              114.7377421377468,
              -3.4546281101825507
            ],
            [
              114.73774230538487,
              -3.454628277515987
            ],
            [
              114.73774230538487,
              -3.4546336321859368
            ],
            [
              114.73781221045732,
              -3.4546336321859368
            ],
            [
              114.73781237809537,
              -3.4546337995193728
            ],
            [
              114.73781237809537,
              -3.4546389868558562
            ],
            [
              114.73785546107769,
              -3.4546389868558562
            ],
            [
              114.73785562871575,
              -3.4546391541892905
            ],
            [
              114.73785562871575,
              -3.454644341525745
            ],
            [
              114.73787155433176,
              -3.454644341525745
            ],
            [
              114.73787155433176,
              -3.4546391541892905
            ],
            [
              114.73787172196982,
              -3.4546389868558562
            ],
            [
              114.73788764758588,
              -3.4546389868558562
            ],
            [
              114.73788764758588,
              -3.4546337995193728
            ],
            [
              114.73788781522393,
              -3.4546336321859368
            ],
            [
              114.73796861677049,
              -3.4546336321859368
            ],
            [
              114.73796861677049,
              -3.454628277515987
            ],
            [
              114.73796878440857,
              -3.4546281101825507
            ],
            [
              114.73797934560653,
              -3.4546281101825507
            ],
            [
              114.73797934560653,
              -3.4546229228460077
            ],
            [
              114.73797951324462,
              -3.4546227555125704
            ],
            [
              114.73801169975278,
              -3.4546227555125704
            ],
            [
              114.73801186739085,
              -3.4546229228460077
            ],
            [
              114.73801186739085,
              -3.4546281101825507
            ],
            [
              114.73802242858885,
              -3.4546281101825507
            ],
            [
              114.73802259622694,
              -3.454628277515987
            ],
            [
              114.73802259622694,
              -3.4546336321859368
            ],
            [
              114.73804941831708,
              -3.4546336321859368
            ],
            [
              114.73804941831708,
              -3.4546229228460077
            ],
            [
              114.7380442215371,
              -3.4546229228460077
            ],
            [
              114.73804405389902,
              -3.4546227555125704
            ],
            [
              114.73804405389902,
              -3.454617568175998
            ],
            [
              114.73803885711907,
              -3.454617568175998
            ],
            [
              114.73803868948102,
              -3.4546174008425594
            ],
            [
              114.73803868948102,
              -3.4546068588358874
            ],
            [
              114.73801186739085,
              -3.4546068588358874
            ],
            [
              114.73801169975278,
              -3.454606691502447
            ],
            [
              114.73801169975278,
              -3.4546015041657867
            ],
            [
              114.73795788793443,
              -3.4546015041657867
            ],
            [
              114.73795772029638,
              -3.4546013368323454
            ],
            [
              114.73795772029638,
              -3.454595982162214
            ],
            [
              114.73787172196982,
              -3.454595982162214
            ],
            [
              114.73787155433176,
              -3.4545958148287723
            ],
            [
              114.73787155433176,
              -3.454590627492052
            ],
            [
              114.7378663575518,
              -3.454590627492052
            ],
            [
              114.7378663575518,
              -3.4545958148287723
            ],
            [
              114.73786618991375,
              -3.454595982162214
            ],
            [
              114.73781237809537,
              -3.454595982162214
            ],
            [
              114.73781237809537,
              -3.4546013368323454
            ],
            [
              114.73781221045732,
              -3.4546015041657867
            ],
            [
              114.73775320185898,
              -3.4546015041657867
            ],
            [
              114.73775303422092,
              -3.4546013368323454
            ],
            [
              114.73775303422092,
              -3.454595982162214
            ],
            [
              114.7376884935665,
              -3.454595982162214
            ],
            [
              114.73768832592845,
              -3.4545958148287723
            ],
            [
              114.73768832592845,
              -3.454590627492052
            ],
            [
              114.73765613942025,
              -3.454590627492052
            ],
            [
              114.7376559717822,
              -3.4545904601586086
            ],
            [
              114.7376559717822,
              -3.4545852728218596
            ],
            [
              114.73765077500224,
              -3.4545852728218596
            ],
            [
              114.73765077500224,
              -3.4545904601586086
            ],
            [
              114.73765060736415,
              -3.454590627492052
            ],
            [
              114.737618420856,
              -3.454590627492052
            ],
            [
              114.73761825321792,
              -3.4545904601586086
            ],
            [
              114.73761825321792,
              -3.4545852728218596
            ],
            [
              114.73759143112778,
              -3.4545852728218596
            ],
            [
              114.73759126348972,
              -3.4545851054884165
            ],
            [
              114.73759126348972,
              -3.4545799181516377
            ],
            [
              114.73756997345565,
              -3.4545799181516377
            ],
            [
              114.73756980581759,
              -3.4545797508181924
            ],
            [
              114.73756980581759,
              -3.4545745634813847
            ],
            [
              114.73754298372744,
              -3.4545745634813847
            ],
            [
              114.73754298372744,
              -3.4545797508181924
            ],
            [
              114.73754281608937,
              -3.4545799181516377
            ],
            [
              114.73752135841725,
              -3.4545799181516377
            ],
            [
              114.73752135841725,
              -3.4545851054884165
            ],
            [
              114.73752119077919,
              -3.4545852728218596
            ],
            [
              114.73744592128871,
              -3.4545852728218596
            ],
            [
              114.73744592128871,
              -3.4545904601586086
            ],
            [
              114.73744575365066,
              -3.454590627492052
            ],
            [
              114.73743519245266,
              -3.454590627492052
            ],
            [
              114.73743502481459,
              -3.4545904601586086
            ],
            [
              114.73743502481459,
              -3.4545852728218596
            ],
            [
              114.73739747388838,
              -3.4545852728218596
            ],
            [
              114.73739730625032,
              -3.4545851054884165
            ],
            [
              114.73739730625032,
              -3.4545799181516377
            ],
            [
              114.73738121299624,
              -3.4545799181516377
            ],
            [
              114.73738121299624,
              -3.4545851054884165
            ],
            [
              114.73738104535818,
              -3.4545852728218596
            ],
            [
              114.73737048416018,
              -3.4545852728218596
            ],
            [
              114.7373703165221,
              -3.4545851054884165
            ],
            [
              114.7373703165221,
              -3.4545799181516377
            ],
            [
              114.73727878613947,
              -3.4545799181516377
            ],
            [
              114.73727861850142,
              -3.4545797508181924
            ],
            [
              114.73727861850142,
              -3.4545745634813847
            ],
            [
              114.73726805730341,
              -3.4545745634813847
            ],
            [
              114.73726788966536,
              -3.45457439614794
            ],
            [
              114.73726788966536,
              -3.4545692088111024
            ]
          ],
          [
            [
              114.7381520128119,
              -3.454536913455319
            ],
            [
              114.7381520128119,
              -3.454552810133174
            ],
            [
              114.73815720959183,
              -3.454552810133174
            ],
            [
              114.73815737722992,
              -3.4545529774666233
            ],
            [
              114.73815737722992,
              -3.45457439614794
            ],
            [
              114.73815720959183,
              -3.4545745634813847
            ],
            [
              114.7381520128119,
              -3.4545745634813847
            ],
            [
              114.7381520128119,
              -3.4545797508181924
            ],
            [
              114.73815184517383,
              -3.4545799181516377
            ],
            [
              114.73814664839384,
              -3.4545799181516377
            ],
            [
              114.73814664839384,
              -3.4545851054884165
            ],
            [
              114.73814648075579,
              -3.4545852728218596
            ],
            [
              114.73813575191973,
              -3.4545852728218596
            ],
            [
              114.73813575191973,
              -3.4545904601586086
            ],
            [
              114.73813558428168,
              -3.454590627492052
            ],
            [
              114.73813038750171,
              -3.454590627492052
            ],
            [
              114.73813038750171,
              -3.4546013368323454
            ],
            [
              114.73813021986365,
              -3.4546015041657867
            ],
            [
              114.73812502308368,
              -3.4546015041657867
            ],
            [
              114.73812502308368,
              -3.4546174008425594
            ],
            [
              114.7381248554456,
              -3.454617568175998
            ],
            [
              114.73811965866565,
              -3.454617568175998
            ],
            [
              114.73811965866565,
              -3.4546227555125704
            ],
            [
              114.7381194910276,
              -3.4546229228460077
            ],
            [
              114.73811429424761,
              -3.4546229228460077
            ],
            [
              114.73811429424761,
              -3.4546336321859368
            ],
            [
              114.7381194910276,
              -3.4546336321859368
            ],
            [
              114.73811965866565,
              -3.4546337995193728
            ],
            [
              114.73811965866565,
              -3.454649696195604
            ],
            [
              114.7381248554456,
              -3.454649696195604
            ],
            [
              114.73812502308368,
              -3.4546498635290366
            ],
            [
              114.73812502308368,
              -3.4546550508654326
            ],
            [
              114.73813021986365,
              -3.4546550508654326
            ],
            [
              114.73813038750171,
              -3.4546552181988646
            ],
            [
              114.73813038750171,
              -3.4546657602049993
            ],
            [
              114.73813558428168,
              -3.4546657602049993
            ],
            [
              114.73813575191973,
              -3.454665927538429
            ],
            [
              114.73813575191973,
              -3.4546766368778736
            ],
            [
              114.73814094869971,
              -3.4546766368778736
            ],
            [
              114.73814111633776,
              -3.4546768042113003
            ],
            [
              114.73814111633776,
              -3.4546819915475497
            ],
            [
              114.73814648075579,
              -3.4546819915475497
            ],
            [
              114.73814664839384,
              -3.454682158880977
            ],
            [
              114.73814664839384,
              -3.454687346217196
            ],
            [
              114.73815720959183,
              -3.454687346217196
            ],
            [
              114.73815720959183,
              -3.454682158880977
            ],
            [
              114.73815737722992,
              -3.4546819915475497
            ],
            [
              114.73816793842792,
              -3.4546819915475497
            ],
            [
              114.73816793842792,
              -3.4546768042113003
            ],
            [
              114.73816810606597,
              -3.4546766368778736
            ],
            [
              114.73817330284594,
              -3.4546766368778736
            ],
            [
              114.73817330284594,
              -3.4546498635290366
            ],
            [
              114.73816810606597,
              -3.4546498635290366
            ],
            [
              114.73816793842792,
              -3.454649696195604
            ],
            [
              114.73816793842792,
              -3.4546391541892905
            ],
            [
              114.73816274164794,
              -3.4546391541892905
            ],
            [
              114.73816257400989,
              -3.4546389868558562
            ],
            [
              114.73816257400989,
              -3.4546229228460077
            ],
            [
              114.73816274164794,
              -3.4546227555125704
            ],
            [
              114.73816793842792,
              -3.4546227555125704
            ],
            [
              114.73816793842792,
              -3.454617568175998
            ],
            [
              114.73816810606597,
              -3.4546174008425594
            ],
            [
              114.73817330284594,
              -3.4546174008425594
            ],
            [
              114.73817330284594,
              -3.4546068588358874
            ],
            [
              114.738173470484,
              -3.454606691502447
            ],
            [
              114.73817883490203,
              -3.454606691502447
            ],
            [
              114.73817883490203,
              -3.4545852728218596
            ],
            [
              114.73817900254008,
              -3.4545851054884165
            ],
            [
              114.73818419932007,
              -3.4545851054884165
            ],
            [
              114.73818419932007,
              -3.4545529774666233
            ],
            [
              114.73817900254008,
              -3.4545529774666233
            ],
            [
              114.73817883490203,
              -3.454552810133174
            ],
            [
              114.73817883490203,
              -3.4545422681257842
            ],
            [
              114.738173470484,
              -3.4545422681257842
            ],
            [
              114.73817330284594,
              -3.4545421007923327
            ],
            [
              114.73817330284594,
              -3.454536913455319
            ]
          ],
          [
            [
              114.73652977927206,
              -3.454472322740456
            ],
            [
              114.73652977927206,
              -3.454477510077822
            ],
            [
              114.736529611634,
              -3.4544776774112846
            ],
            [
              114.73652424721597,
              -3.4544776774112846
            ],
            [
              114.73652424721597,
              -3.4545421007923327
            ],
            [
              114.736529611634,
              -3.4545421007923327
            ],
            [
              114.736529611634,
              -3.4545262041142983
            ],
            [
              114.73652977927206,
              -3.4545260367808446
            ],
            [
              114.73653497605203,
              -3.4545260367808446
            ],
            [
              114.73653497605203,
              -3.4545046180984373
            ],
            [
              114.7365351436901,
              -3.4545044507649787
            ],
            [
              114.73654034047006,
              -3.4545044507649787
            ],
            [
              114.73654034047006,
              -3.454488386752853
            ],
            [
              114.7365351436901,
              -3.454488386752853
            ],
            [
              114.73653497605203,
              -3.454488219419392
            ],
            [
              114.73653497605203,
              -3.454472322740456
            ]
          ],
          [
            [
              114.73910050897479,
              -3.4544023773499735
            ],
            [
              114.73910050897479,
              -3.454407564687722
            ],
            [
              114.73910034133671,
              -3.4544077320211968
            ],
            [
              114.73909514455674,
              -3.4544077320211968
            ],
            [
              114.73909514455674,
              -3.454412919358916
            ],
            [
              114.73909497691868,
              -3.4544130866923908
            ],
            [
              114.73908978013871,
              -3.4544130866923908
            ],
            [
              114.73908978013871,
              -3.454488219419392
            ],
            [
              114.73908961250063,
              -3.454488386752853
            ],
            [
              114.73908441572068,
              -3.454488386752853
            ],
            [
              114.73908441572068,
              -3.4545098054356274
            ],
            [
              114.73908961250063,
              -3.4545098054356274
            ],
            [
              114.73908978013871,
              -3.4545099727690842
            ],
            [
              114.73908978013871,
              -3.4545313914513707
            ],
            [
              114.73908961250063,
              -3.454531558784824
            ],
            [
              114.73908441572068,
              -3.454531558784824
            ],
            [
              114.73908441572068,
              -3.454547455462768
            ],
            [
              114.73908424808263,
              -3.4545476227962184
            ],
            [
              114.73907905130267,
              -3.4545476227962184
            ],
            [
              114.73907905130267,
              -3.4545797508181924
            ],
            [
              114.73908424808263,
              -3.4545797508181924
            ],
            [
              114.73908441572068,
              -3.4545799181516377
            ],
            [
              114.73908441572068,
              -3.4546013368323454
            ],
            [
              114.73908424808263,
              -3.4546015041657867
            ],
            [
              114.73907905130267,
              -3.4546015041657867
            ],
            [
              114.73907905130267,
              -3.4546174008425594
            ],
            [
              114.73908424808263,
              -3.4546174008425594
            ],
            [
              114.73908441572068,
              -3.454617568175998
            ],
            [
              114.73908441572068,
              -3.4546336321859368
            ],
            [
              114.73908424808263,
              -3.4546337995193728
            ],
            [
              114.73907905130267,
              -3.4546337995193728
            ],
            [
              114.73907905130267,
              -3.4546389868558562
            ],
            [
              114.73907888366458,
              -3.4546391541892905
            ],
            [
              114.73907351924656,
              -3.4546391541892905
            ],
            [
              114.73907351924656,
              -3.454649696195604
            ],
            [
              114.7390733516085,
              -3.4546498635290366
            ],
            [
              114.73906815482856,
              -3.4546498635290366
            ],
            [
              114.73906815482856,
              -3.4546550508654326
            ],
            [
              114.73906798719047,
              -3.4546552181988646
            ],
            [
              114.73905742599247,
              -3.4546552181988646
            ],
            [
              114.73905742599247,
              -3.4546604055352312
            ],
            [
              114.73905725835439,
              -3.454660572868662
            ],
            [
              114.73905206157445,
              -3.454660572868662
            ],
            [
              114.73905206157445,
              -3.4546657602049993
            ],
            [
              114.73905189393639,
              -3.454665927538429
            ],
            [
              114.73904669715643,
              -3.454665927538429
            ],
            [
              114.73904669715643,
              -3.454671282208166
            ],
            [
              114.73904652951835,
              -3.454671449541595
            ],
            [
              114.7390413327384,
              -3.454671449541595
            ],
            [
              114.7390413327384,
              -3.4546766368778736
            ],
            [
              114.73904116510032,
              -3.4546768042113003
            ],
            [
              114.73903580068229,
              -3.4546768042113003
            ],
            [
              114.73903580068229,
              -3.4546819915475497
            ],
            [
              114.73903563304424,
              -3.454682158880977
            ],
            [
              114.73901970742821,
              -3.454682158880977
            ],
            [
              114.73901970742821,
              -3.454687346217196
            ],
            [
              114.73901953979015,
              -3.4546875135506223
            ],
            [
              114.73898735328197,
              -3.4546875135506223
            ],
            [
              114.73898735328197,
              -3.4546927008868122
            ],
            [
              114.7389871856439,
              -3.4546928682202376
            ],
            [
              114.73894427029965,
              -3.4546928682202376
            ],
            [
              114.73894427029965,
              -3.454698055556398
            ],
            [
              114.73894410266159,
              -3.4546982228898226
            ],
            [
              114.73892264498949,
              -3.4546982228898226
            ],
            [
              114.73892264498949,
              -3.454703410225954
            ],
            [
              114.73892247735141,
              -3.4547035775593775
            ],
            [
              114.73890118731737,
              -3.4547035775593775
            ],
            [
              114.73890118731737,
              -3.4547089322289017
            ],
            [
              114.7389010196793,
              -3.4547090995623244
            ],
            [
              114.73886883317113,
              -3.4547090995623244
            ],
            [
              114.73886883317113,
              -3.4547142868983967
            ],
            [
              114.73886866553306,
              -3.4547144542318176
            ],
            [
              114.73884720786094,
              -3.4547144542318176
            ],
            [
              114.73884720786094,
              -3.4547196415678605
            ],
            [
              114.73884704022285,
              -3.454719808901281
            ],
            [
              114.73883647902488,
              -3.454719808901281
            ],
            [
              114.73883647902488,
              -3.4547249962372946
            ],
            [
              114.7388363113868,
              -3.4547251635707137
            ],
            [
              114.73882575018882,
              -3.4547251635707137
            ],
            [
              114.73882575018882,
              -3.4547303509066984
            ],
            [
              114.73882558255075,
              -3.454730518240117
            ],
            [
              114.7388148537147,
              -3.454730518240117
            ],
            [
              114.7388148537147,
              -3.454735705576072
            ],
            [
              114.73881468607662,
              -3.4547358729094895
            ],
            [
              114.7387987604606,
              -3.4547358729094895
            ],
            [
              114.7387987604606,
              -3.454741227578832
            ],
            [
              114.73879859282253,
              -3.454741394912248
            ],
            [
              114.73878249956843,
              -3.454741394912248
            ],
            [
              114.73878249956843,
              -3.4547465822481445
            ],
            [
              114.73878233193038,
              -3.45474674958156
            ],
            [
              114.73876640631435,
              -3.45474674958156
            ],
            [
              114.73876640631435,
              -3.4547519369174267
            ],
            [
              114.73876623867629,
              -3.45475210425084
            ],
            [
              114.7387556774783,
              -3.45475210425084
            ],
            [
              114.7387556774783,
              -3.454757291586678
            ],
            [
              114.73875550984025,
              -3.454757458920092
            ],
            [
              114.73873941658614,
              -3.454757458920092
            ],
            [
              114.73873941658614,
              -3.4547626462558996
            ],
            [
              114.73873924894808,
              -3.4547628135893125
            ],
            [
              114.73872868775008,
              -3.4547628135893125
            ],
            [
              114.73872868775008,
              -3.454768000925091
            ],
            [
              114.73872852011203,
              -3.4547681682585027
            ],
            [
              114.73871795891401,
              -3.4547681682585027
            ],
            [
              114.73871795891401,
              -3.4547733555942526
            ],
            [
              114.73871779127596,
              -3.4547735229276633
            ],
            [
              114.7387070624399,
              -3.4547735229276633
            ],
            [
              114.7387070624399,
              -3.4547788775967936
            ],
            [
              114.73870689480185,
              -3.454779044930203
            ],
            [
              114.73869633360385,
              -3.454779044930203
            ],
            [
              114.73869633360385,
              -3.454784232265893
            ],
            [
              114.73869616596576,
              -3.454784399599302
            ],
            [
              114.73869096918582,
              -3.454784399599302
            ],
            [
              114.73869096918582,
              -3.4547895869349623
            ],
            [
              114.73869080154776,
              -3.4547897542683703
            ],
            [
              114.73868024034977,
              -3.4547897542683703
            ],
            [
              114.73868024034977,
              -3.454794941604002
            ],
            [
              114.73868007271169,
              -3.454795108937409
            ],
            [
              114.73866934387563,
              -3.454795108937409
            ],
            [
              114.73866934387563,
              -3.4548002962730116
            ],
            [
              114.73866917623758,
              -3.454800463606417
            ],
            [
              114.73866397945761,
              -3.454800463606417
            ],
            [
              114.73866397945761,
              -3.45480565094199
            ],
            [
              114.73866381181953,
              -3.454805818275396
            ],
            [
              114.73865325062152,
              -3.454805818275396
            ],
            [
              114.73865325062152,
              -3.4548110056109387
            ],
            [
              114.73865308298348,
              -3.4548111729443423
            ],
            [
              114.73864235414742,
              -3.4548111729443423
            ],
            [
              114.73864235414742,
              -3.4548165276132607
            ],
            [
              114.73864218650937,
              -3.4548166949466634
            ],
            [
              114.73863162531137,
              -3.4548166949466634
            ],
            [
              114.73863162531137,
              -3.4548218822821477
            ],
            [
              114.73863145767329,
              -3.4548220496155504
            ],
            [
              114.7386208964753,
              -3.4548220496155504
            ],
            [
              114.7386208964753,
              -3.4548272369510054
            ],
            [
              114.73862072883723,
              -3.4548274042844063
            ],
            [
              114.7385992711651,
              -3.4548274042844063
            ],
            [
              114.7385992711651,
              -3.454832591619832
            ],
            [
              114.73859910352705,
              -3.4548327589532324
            ],
            [
              114.73858317791102,
              -3.4548327589532324
            ],
            [
              114.73858317791102,
              -3.454837946288629
            ],
            [
              114.73858301027298,
              -3.454838113622028
            ],
            [
              114.73857244907498,
              -3.454838113622028
            ],
            [
              114.73857244907498,
              -3.454843300957395
            ],
            [
              114.73857228143692,
              -3.4548434682907936
            ],
            [
              114.73856691701887,
              -3.4548434682907936
            ],
            [
              114.73856691701887,
              -3.4548488229595287
            ],
            [
              114.73856674938081,
              -3.454848990292927
            ],
            [
              114.73855618818281,
              -3.454848990292927
            ],
            [
              114.73855618818281,
              -3.454854177628234
            ],
            [
              114.73855602054476,
              -3.4548543449616305
            ],
            [
              114.73854545934677,
              -3.4548543449616305
            ],
            [
              114.73854545934677,
              -3.454859532296909
            ],
            [
              114.7385452917087,
              -3.4548596996303047
            ],
            [
              114.7385291984546,
              -3.4548596996303047
            ],
            [
              114.7385291984546,
              -3.454864886965554
            ],
            [
              114.73852903081655,
              -3.4548650542989483
            ],
            [
              114.73851310520052,
              -3.4548650542989483
            ],
            [
              114.73851310520052,
              -3.4548702416341683
            ],
            [
              114.73851293756246,
              -3.454870408967562
            ],
            [
              114.73850237636444,
              -3.454870408967562
            ],
            [
              114.73850237636444,
              -3.454875596302753
            ],
            [
              114.73850220872639,
              -3.454875763636146
            ],
            [
              114.73849684430836,
              -3.454875763636146
            ],
            [
              114.73849684430836,
              -3.4548809509713068
            ],
            [
              114.73849667667031,
              -3.4548811183046992
            ],
            [
              114.73848611547231,
              -3.4548811183046992
            ],
            [
              114.73848611547231,
              -3.454886472973221
            ],
            [
              114.73848594783422,
              -3.454886640306613
            ],
            [
              114.73847538663622,
              -3.454886640306613
            ],
            [
              114.73847538663622,
              -3.4548918276417147
            ],
            [
              114.73847521899818,
              -3.454891994975104
            ],
            [
              114.73846449016212,
              -3.454891994975104
            ],
            [
              114.73846449016212,
              -3.4548971823101766
            ],
            [
              114.73846432252407,
              -3.454897349643566
            ],
            [
              114.73845376132604,
              -3.454897349643566
            ],
            [
              114.73845376132604,
              -3.4549025369786097
            ],
            [
              114.73845359368799,
              -3.4549027043119978
            ],
            [
              114.73844303249,
              -3.4549027043119978
            ],
            [
              114.73844303249,
              -3.4549078916470113
            ],
            [
              114.73844286485193,
              -3.4549080589803984
            ],
            [
              114.73842677159786,
              -3.4549080589803984
            ],
            [
              114.73842677159786,
              -3.4549132463153835
            ],
            [
              114.7384266039598,
              -3.4549134136487694
            ],
            [
              114.7384214071798,
              -3.4549134136487694
            ],
            [
              114.7384214071798,
              -3.4549186009837247
            ],
            [
              114.73842123954175,
              -3.4549187683171105
            ],
            [
              114.73841067834375,
              -3.4549187683171105
            ],
            [
              114.73841067834375,
              -3.45492412298542
            ],
            [
              114.73841051070569,
              -3.454924290318805
            ],
            [
              114.73838905303357,
              -3.454924290318805
            ],
            [
              114.73838905303357,
              -3.4549294776537014
            ],
            [
              114.73838888539551,
              -3.4549296449870845
            ],
            [
              114.73837295977948,
              -3.4549296449870845
            ],
            [
              114.73837295977948,
              -3.454934832321951
            ],
            [
              114.73837279214143,
              -3.4549349996553342
            ],
            [
              114.73836223094344,
              -3.4549349996553342
            ],
            [
              114.73836223094344,
              -3.454940186990171
            ],
            [
              114.73836206330537,
              -3.454940354323552
            ],
            [
              114.73834060563324,
              -3.454940354323552
            ],
            [
              114.73834060563324,
              -3.454945541658361
            ],
            [
              114.73834043799516,
              -3.4549457089917417
            ],
            [
              114.73831361590503,
              -3.4549457089917417
            ],
            [
              114.73831361590503,
              -3.4549508963265203
            ],
            [
              114.73831344826698,
              -3.4549510636599
            ],
            [
              114.73829752265095,
              -3.4549510636599
            ],
            [
              114.73829752265095,
              -3.4549564183280284
            ],
            [
              114.73829735501288,
              -3.454956585661407
            ],
            [
              114.73829215823291,
              -3.454956585661407
            ],
            [
              114.73829215823291,
              -3.454961772996126
            ],
            [
              114.73829199059485,
              -3.4549619403295035
            ],
            [
              114.7382812617588,
              -3.4549619403295035
            ],
            [
              114.7382812617588,
              -3.4549671276641942
            ],
            [
              114.73828109412074,
              -3.454967294997571
            ],
            [
              114.73817900254008,
              -3.454967294997571
            ],
            [
              114.73817883490203,
              -3.4549671276641942
            ],
            [
              114.73817883490203,
              -3.4549619403295035
            ],
            [
              114.73816810606597,
              -3.4549619403295035
            ],
            [
              114.73816810606597,
              -3.4549671276641942
            ],
            [
              114.73816793842792,
              -3.454967294997571
            ],
            [
              114.73816274164794,
              -3.454967294997571
            ],
            [
              114.73816274164794,
              -3.4549940683374523
            ],
            [
              114.73816257400989,
              -3.4549942356708248
            ],
            [
              114.73815737722992,
              -3.4549942356708248
            ],
            [
              114.73815737722992,
              -3.4550101323410187
            ],
            [
              114.73815720959183,
              -3.455010299674388
            ],
            [
              114.7381520128119,
              -3.455010299674388
            ],
            [
              114.7381520128119,
              -3.455026196344313
            ],
            [
              114.73815720959183,
              -3.455026196344313
            ],
            [
              114.73815737722992,
              -3.4550263636776797
            ],
            [
              114.73815737722992,
              -3.455064013684329
            ],
            [
              114.73815720959183,
              -3.455064181017688
            ],
            [
              114.7381520128119,
              -3.455064181017688
            ],
            [
              114.7381520128119,
              -3.4550747230192806
            ],
            [
              114.73815184517383,
              -3.4550748903526376
            ],
            [
              114.73814664839384,
              -3.4550748903526376
            ],
            [
              114.73814664839384,
              -3.4551016636894847
            ],
            [
              114.73814648075579,
              -3.4551018310228367
            ],
            [
              114.73814111633776,
              -3.4551018310228367
            ],
            [
              114.73814111633776,
              -3.455123082358417
            ],
            [
              114.73814094869971,
              -3.455123249691766
            ],
            [
              114.73813575191973,
              -3.455123249691766
            ],
            [
              114.73813575191973,
              -3.455133791692702
            ],
            [
              114.73813558428168,
              -3.4551339590260493
            ],
            [
              114.73813038750171,
              -3.4551339590260493
            ],
            [
              114.73813038750171,
              -3.4551393136931456
            ],
            [
              114.73813021986365,
              -3.455139481026492
            ],
            [
              114.73811965866565,
              -3.455139481026492
            ],
            [
              114.73811965866565,
              -3.455144668360212
            ],
            [
              114.7381194910276,
              -3.4551448356935577
            ],
            [
              114.73810892982958,
              -3.4551448356935577
            ],
            [
              114.73810892982958,
              -3.4551500230272487
            ],
            [
              114.73810876219152,
              -3.4551501903605923
            ],
            [
              114.73809803335547,
              -3.4551501903605923
            ],
            [
              114.73809803335547,
              -3.455155377694253
            ],
            [
              114.73809786571739,
              -3.4551555450275973
            ],
            [
              114.73807121126531,
              -3.4551555450275973
            ],
            [
              114.73807121126531,
              -3.4551607323612297
            ],
            [
              114.73807104362726,
              -3.4551608996945715
            ],
            [
              114.7380442215371,
              -3.4551608996945715
            ],
            [
              114.7380442215371,
              -3.455166087028174
            ],
            [
              114.73804405389902,
              -3.4551662543615156
            ],
            [
              114.73803332506296,
              -3.4551662543615156
            ],
            [
              114.73803332506296,
              -3.45517160902843
            ],
            [
              114.73803315742491,
              -3.4551717763617704
            ],
            [
              114.73802259622694,
              -3.4551717763617704
            ],
            [
              114.73802259622694,
              -3.455176963695314
            ],
            [
              114.73802242858885,
              -3.455177131028653
            ],
            [
              114.7379956064987,
              -3.455177131028653
            ],
            [
              114.7379956064987,
              -3.4551823183621675
            ],
            [
              114.73799543886064,
              -3.455182485695506
            ],
            [
              114.7379741488266,
              -3.455182485695506
            ],
            [
              114.7379741488266,
              -3.4551876730289908
            ],
            [
              114.73797398118853,
              -3.4551878403623286
            ],
            [
              114.73796341999052,
              -3.4551878403623286
            ],
            [
              114.73796341999052,
              -3.455193027695784
            ],
            [
              114.73796325235246,
              -3.4551931950291213
            ],
            [
              114.73794715909835,
              -3.4551931950291213
            ],
            [
              114.73794715909835,
              -3.455198382362547
            ],
            [
              114.7379469914603,
              -3.455198549695883
            ],
            [
              114.73793106584428,
              -3.455198549695883
            ],
            [
              114.73793106584428,
              -3.45520373702928
            ],
            [
              114.73793089820622,
              -3.4552039043626155
            ],
            [
              114.73791480495211,
              -3.4552039043626155
            ],
            [
              114.73791480495211,
              -3.4552092590293166
            ],
            [
              114.73791463731406,
              -3.4552094263626505
            ],
            [
              114.73789871169804,
              -3.4552094263626505
            ],
            [
              114.73789871169804,
              -3.455214613695988
            ],
            [
              114.73789854405999,
              -3.455214781029321
            ],
            [
              114.73789334728001,
              -3.455214781029321
            ],
            [
              114.73789334728001,
              -3.4552253230292402
            ],
            [
              114.73789317964196,
              -3.4552254903625714
            ],
            [
              114.7378663575518,
              -3.4552254903625714
            ],
            [
              114.73786618991375,
              -3.4552253230292402
            ],
            [
              114.73786618991375,
              -3.4552201356959618
            ],
            [
              114.73786099313376,
              -3.4552201356959618
            ],
            [
              114.73786082549572,
              -3.4552199683626292
            ],
            [
              114.73786082549572,
              -3.455214781029321
            ],
            [
              114.73785562871575,
              -3.455214781029321
            ],
            [
              114.73785546107769,
              -3.455214613695988
            ],
            [
              114.73785546107769,
              -3.4552094263626505
            ],
            [
              114.73782863898754,
              -3.4552094263626505
            ],
            [
              114.73782863898754,
              -3.455214613695988
            ],
            [
              114.73782847134947,
              -3.455214781029321
            ],
            [
              114.73782327456951,
              -3.455214781029321
            ],
            [
              114.73782327456951,
              -3.455236032362372
            ],
            [
              114.73782310693144,
              -3.4552361996957006
            ],
            [
              114.7378177425134,
              -3.4552361996957006
            ],
            [
              114.7378177425134,
              -3.455241554362221
            ],
            [
              114.73781757487534,
              -3.4552417216955487
            ],
            [
              114.73781237809537,
              -3.4552417216955487
            ],
            [
              114.73781237809537,
              -3.4552522636951686
            ],
            [
              114.73781221045732,
              -3.455252431028495
            ],
            [
              114.73780701367734,
              -3.455252431028495
            ],
            [
              114.73780701367734,
              -3.4552736823607026
            ],
            [
              114.73781221045732,
              -3.4552736823607026
            ],
            [
              114.73781237809537,
              -3.455273849694025
            ],
            [
              114.73781237809537,
              -3.4552792043603318
            ],
            [
              114.73781221045732,
              -3.4552793716936536
            ],
            [
              114.73780701367734,
              -3.4552793716936536
            ],
            [
              114.73780701367734,
              -3.455300623025258
            ],
            [
              114.73780684603929,
              -3.455300790358575
            ],
            [
              114.73780164925932,
              -3.455300790358575
            ],
            [
              114.73780164925932,
              -3.4553113323575393
            ],
            [
              114.73780148162123,
              -3.455311499690855
            ],
            [
              114.7377962848413,
              -3.455311499690855
            ],
            [
              114.7377962848413,
              -3.45531685435695
            ],
            [
              114.73779611720322,
              -3.4553170216902642
            ],
            [
              114.73779092042327,
              -3.4553170216902642
            ],
            [
              114.73779092042327,
              -3.455322209023014
            ],
            [
              114.73779075278519,
              -3.455322376356328
            ],
            [
              114.7377855560052,
              -3.455322376356328
            ],
            [
              114.7377855560052,
              -3.455327563689048
            ],
            [
              114.73778538836716,
              -3.455327731022361
            ],
            [
              114.73778002394913,
              -3.455327731022361
            ],
            [
              114.73778002394913,
              -3.4553329183550523
            ],
            [
              114.73777985631105,
              -3.4553330856883644
            ],
            [
              114.73777465953111,
              -3.4553330856883644
            ],
            [
              114.73777465953111,
              -3.4553382730210256
            ],
            [
              114.73777449189305,
              -3.455338440354336
            ],
            [
              114.73776929511308,
              -3.455338440354336
            ],
            [
              114.73776929511308,
              -3.455343627686969
            ],
            [
              114.737769127475,
              -3.45534379502028
            ],
            [
              114.73776393069505,
              -3.45534379502028
            ],
            [
              114.73776393069505,
              -3.4553491496861914
            ],
            [
              114.73776376305698,
              -3.455349317019501
            ],
            [
              114.73775320185898,
              -3.455349317019501
            ],
            [
              114.73775320185898,
              -3.4553545043520737
            ],
            [
              114.73775303422092,
              -3.455354671685382
            ],
            [
              114.73774766980289,
              -3.455354671685382
            ],
            [
              114.73774766980289,
              -3.4553598590179257
            ],
            [
              114.73774750216481,
              -3.4553600263512325
            ],
            [
              114.73773694096681,
              -3.4553600263512325
            ],
            [
              114.73773694096681,
              -3.455365213683747
            ],
            [
              114.73773677332876,
              -3.455365381017053
            ],
            [
              114.73773157654881,
              -3.455365381017053
            ],
            [
              114.73773157654881,
              -3.4553705683495384
            ],
            [
              114.73773140891073,
              -3.455370735682844
            ],
            [
              114.73772621213078,
              -3.455370735682844
            ],
            [
              114.73772621213078,
              -3.4553759230153
            ],
            [
              114.7377260444927,
              -3.455376090348604
            ],
            [
              114.73772084771274,
              -3.455376090348604
            ],
            [
              114.73772084771274,
              -3.4553812776810306
            ],
            [
              114.73772068007467,
              -3.4553814450143343
            ],
            [
              114.73770995123863,
              -3.4553814450143343
            ],
            [
              114.73770995123863,
              -3.4553867996800336
            ],
            [
              114.73770978360058,
              -3.4553869670133364
            ],
            [
              114.73769922240255,
              -3.4553869670133364
            ],
            [
              114.73769922240255,
              -3.4553921543457036
            ],
            [
              114.73769905476449,
              -3.455392321679005
            ],
            [
              114.73769385798452,
              -3.455392321679005
            ],
            [
              114.73769385798452,
              -3.4553975090113425
            ],
            [
              114.73769369034646,
              -3.4553976763446435
            ],
            [
              114.73768312914846,
              -3.4553976763446435
            ],
            [
              114.73768312914846,
              -3.4554028636769525
            ],
            [
              114.73768296151042,
              -3.4554030310102513
            ],
            [
              114.73767223267434,
              -3.4554030310102513
            ],
            [
              114.73767223267434,
              -3.455408218342531
            ],
            [
              114.73767206503628,
              -3.4554083856758298
            ],
            [
              114.73766686825631,
              -3.4554083856758298
            ],
            [
              114.73766686825631,
              -3.45541357300808
            ],
            [
              114.73766670061825,
              -3.4554137403413776
            ],
            [
              114.73765613942025,
              -3.4554137403413776
            ],
            [
              114.73765613942025,
              -3.4554189276735987
            ],
            [
              114.7376559717822,
              -3.455419095006895
            ],
            [
              114.73764541058421,
              -3.455419095006895
            ],
            [
              114.73764541058421,
              -3.455424449672383
            ],
            [
              114.73764524294614,
              -3.455424617005679
            ],
            [
              114.73763451411007,
              -3.455424617005679
            ],
            [
              114.73763451411007,
              -3.4554298043378395
            ],
            [
              114.73763434647202,
              -3.455429971671135
            ],
            [
              114.73762914969204,
              -3.455429971671135
            ],
            [
              114.73762914969204,
              -3.455435159003267
            ],
            [
              114.73762898205399,
              -3.4554353263365605
            ],
            [
              114.737618420856,
              -3.4554353263365605
            ],
            [
              114.737618420856,
              -3.4554405136686634
            ],
            [
              114.73761825321792,
              -3.455440681001957
            ],
            [
              114.73760215996383,
              -3.455440681001957
            ],
            [
              114.73760215996383,
              -3.455445868334031
            ],
            [
              114.73760199232578,
              -3.4554460356673222
            ],
            [
              114.73759143112778,
              -3.4554460356673222
            ],
            [
              114.73759143112778,
              -3.4554512229993657
            ],
            [
              114.73759126348972,
              -3.455451390332658
            ],
            [
              114.73758070229172,
              -3.455451390332658
            ],
            [
              114.73758070229172,
              -3.4554567449979623
            ],
            [
              114.73758053465365,
              -3.455456912331253
            ],
            [
              114.73756444139957,
              -3.455456912331253
            ],
            [
              114.73756444139957,
              -3.4554620996632375
            ],
            [
              114.7375642737615,
              -3.4554622669965265
            ],
            [
              114.73754834814548,
              -3.4554622669965265
            ],
            [
              114.73754834814548,
              -3.4554674543284825
            ],
            [
              114.7375481805074,
              -3.4554676216617706
            ],
            [
              114.7375376193094,
              -3.4554676216617706
            ],
            [
              114.7375376193094,
              -3.455472808993697
            ],
            [
              114.73753745167136,
              -3.4554729763269845
            ],
            [
              114.7375267228353,
              -3.4554729763269845
            ],
            [
              114.7375267228353,
              -3.4554781636588805
            ],
            [
              114.73752655519722,
              -3.4554783309921673
            ],
            [
              114.73745665012477,
              -3.4554783309921673
            ],
            [
              114.73745665012477,
              -3.455483518324035
            ],
            [
              114.73745648248672,
              -3.455483685657321
            ],
            [
              114.73741356714248,
              -3.455483685657321
            ],
            [
              114.73741356714248,
              -3.4554888729891586
            ],
            [
              114.73741339950442,
              -3.4554890403224436
            ],
            [
              114.73727342172144,
              -3.4554890403224436
            ],
            [
              114.73727342172144,
              -3.455494394987536
            ],
            [
              114.73727325408339,
              -3.4554945623208204
            ],
            [
              114.73723033873915,
              -3.4554945623208204
            ],
            [
              114.73723017110107,
              -3.455494394987536
            ],
            [
              114.73723017110107,
              -3.4554890403224436
            ],
            [
              114.7372196099031,
              -3.4554890403224436
            ],
            [
              114.7372196099031,
              -3.455494394987536
            ],
            [
              114.73721944226502,
              -3.4554945623208204
            ],
            [
              114.73719798459288,
              -3.4554945623208204
            ],
            [
              114.73719798459288,
              -3.4554997496525988
            ],
            [
              114.73719781695483,
              -3.455499916985881
            ],
            [
              114.73710092215417,
              -3.455499916985881
            ],
            [
              114.73710092215417,
              -3.455505104317631
            ],
            [
              114.7371007545161,
              -3.4555052716509125
            ],
            [
              114.73706873564599,
              -3.4555052716509125
            ],
            [
              114.73706856800793,
              -3.455505104317631
            ],
            [
              114.73706856800793,
              -3.455499916985881
            ],
            [
              114.73702548502564,
              -3.455499916985881
            ],
            [
              114.73702548502564,
              -3.455505104317631
            ],
            [
              114.73702531738756,
              -3.4555052716509125
            ],
            [
              114.73698776646137,
              -3.4555052716509125
            ],
            [
              114.73698759882329,
              -3.455505104317631
            ],
            [
              114.73698759882329,
              -3.455499916985881
            ],
            [
              114.73695004789708,
              -3.455499916985881
            ],
            [
              114.73694988025902,
              -3.4554997496525988
            ],
            [
              114.73694988025902,
              -3.4554945623208204
            ],
            [
              114.73693931906102,
              -3.4554945623208204
            ],
            [
              114.73693915142297,
              -3.455494394987536
            ],
            [
              114.73693915142297,
              -3.4554890403224436
            ],
            [
              114.73692859022498,
              -3.4554890403224436
            ],
            [
              114.73692842258691,
              -3.4554888729891586
            ],
            [
              114.73692842258691,
              -3.455483685657321
            ],
            [
              114.7369069649148,
              -3.455483685657321
            ],
            [
              114.7369069649148,
              -3.4554888729891586
            ],
            [
              114.73690679727673,
              -3.4554890403224436
            ],
            [
              114.73690160049674,
              -3.4554890403224436
            ],
            [
              114.73690160049674,
              -3.455494394987536
            ],
            [
              114.73690143285869,
              -3.4554945623208204
            ],
            [
              114.7368853396046,
              -3.4554945623208204
            ],
            [
              114.7368853396046,
              -3.4554997496525988
            ],
            [
              114.73688517196655,
              -3.455499916985881
            ],
            [
              114.73686388193249,
              -3.455499916985881
            ],
            [
              114.73686388193249,
              -3.455505104317631
            ],
            [
              114.73686371429442,
              -3.4555052716509125
            ],
            [
              114.73684762104034,
              -3.4555052716509125
            ],
            [
              114.73684762104034,
              -3.4555104589826326
            ],
            [
              114.73684745340226,
              -3.4555106263159137
            ],
            [
              114.73651351837992,
              -3.4555106263159137
            ],
            [
              114.73651335074184,
              -3.4555104589826326
            ],
            [
              114.73651335074184,
              -3.4555052716509125
            ],
            [
              114.73641645594118,
              -3.4555052716509125
            ],
            [
              114.73641628830312,
              -3.455505104317631
            ],
            [
              114.73641628830312,
              -3.455499916985881
            ],
            [
              114.73640572710512,
              -3.455499916985881
            ],
            [
              114.73640555946707,
              -3.4554997496525988
            ],
            [
              114.73640555946707,
              -3.4554945623208204
            ],
            [
              114.73639499826905,
              -3.4554945623208204
            ],
            [
              114.736394830631,
              -3.455494394987536
            ],
            [
              114.736394830631,
              -3.4554890403224436
            ],
            [
              114.73638410179494,
              -3.4554890403224436
            ],
            [
              114.73638393415689,
              -3.4554888729891586
            ],
            [
              114.73638393415689,
              -3.455483685657321
            ],
            [
              114.73637873737691,
              -3.455483685657321
            ],
            [
              114.73637856973886,
              -3.455483518324035
            ],
            [
              114.73637856973886,
              -3.4554783309921673
            ],
            [
              114.73634101881265,
              -3.4554783309921673
            ],
            [
              114.73634101881265,
              -3.455483518324035
            ],
            [
              114.73634085117456,
              -3.455483685657321
            ],
            [
              114.73631956114052,
              -3.455483685657321
            ],
            [
              114.73631956114052,
              -3.4554888729891586
            ],
            [
              114.73631939350246,
              -3.4554890403224436
            ],
            [
              114.73628184257625,
              -3.4554890403224436
            ],
            [
              114.7362816749382,
              -3.4554888729891586
            ],
            [
              114.7362816749382,
              -3.455483685657321
            ],
            [
              114.73624948843002,
              -3.455483685657321
            ],
            [
              114.73624932079196,
              -3.455483518324035
            ],
            [
              114.73624932079196,
              -3.4554783309921673
            ],
            [
              114.73622786311982,
              -3.4554783309921673
            ],
            [
              114.73622769548174,
              -3.4554781636588805
            ],
            [
              114.73622769548174,
              -3.4554729763269845
            ],
            [
              114.73619550897358,
              -3.4554729763269845
            ],
            [
              114.7361953413355,
              -3.455472808993697
            ],
            [
              114.7361953413355,
              -3.4554676216617706
            ],
            [
              114.73617405130148,
              -3.4554676216617706
            ],
            [
              114.7361738836634,
              -3.4554674543284825
            ],
            [
              114.7361738836634,
              -3.4554622669965265
            ],
            [
              114.73615779040932,
              -3.4554622669965265
            ],
            [
              114.73615762277126,
              -3.4554620996632375
            ],
            [
              114.73615762277126,
              -3.455456912331253
            ],
            [
              114.73614169715522,
              -3.455456912331253
            ],
            [
              114.73614152951716,
              -3.4554567449979623
            ],
            [
              114.73614152951716,
              -3.455451390332658
            ],
            [
              114.73612543626308,
              -3.455451390332658
            ],
            [
              114.736125268625,
              -3.4554512229993657
            ],
            [
              114.736125268625,
              -3.4554460356673222
            ],
            [
              114.73610934300898,
              -3.4554460356673222
            ],
            [
              114.73610917537093,
              -3.455445868334031
            ],
            [
              114.73610917537093,
              -3.455440681001957
            ],
            [
              114.7360877176988,
              -3.455440681001957
            ],
            [
              114.73608755006073,
              -3.4554405136686634
            ],
            [
              114.73608755006073,
              -3.4554353263365605
            ],
            [
              114.73606626002669,
              -3.4554353263365605
            ],
            [
              114.7360660923886,
              -3.455435159003267
            ],
            [
              114.7360660923886,
              -3.455429971671135
            ],
            [
              114.73605536355255,
              -3.455429971671135
            ],
            [
              114.7360551959145,
              -3.4554298043378395
            ],
            [
              114.7360551959145,
              -3.455424617005679
            ],
            [
              114.73603390588045,
              -3.455424617005679
            ],
            [
              114.73603373824237,
              -3.455424449672383
            ],
            [
              114.73603373824237,
              -3.455419095006895
            ],
            [
              114.73602300940631,
              -3.455419095006895
            ],
            [
              114.73602284176826,
              -3.4554189276735987
            ],
            [
              114.73602284176826,
              -3.4554137403413776
            ],
            [
              114.73601228057026,
              -3.4554137403413776
            ],
            [
              114.7360121129322,
              -3.45541357300808
            ],
            [
              114.7360121129322,
              -3.4554083856758298
            ],
            [
              114.73600155173418,
              -3.4554083856758298
            ],
            [
              114.73600138409613,
              -3.455408218342531
            ],
            [
              114.73600138409613,
              -3.4554030310102513
            ],
            [
              114.73599065526007,
              -3.4554030310102513
            ],
            [
              114.73599048762202,
              -3.4554028636769525
            ],
            [
              114.73599048762202,
              -3.4553976763446435
            ],
            [
              114.73597456200599,
              -3.4553976763446435
            ],
            [
              114.73597439436791,
              -3.4553975090113425
            ],
            [
              114.73597439436791,
              -3.455392321679005
            ],
            [
              114.73596383316995,
              -3.455392321679005
            ],
            [
              114.73596366553186,
              -3.4553921543457036
            ],
            [
              114.73596366553186,
              -3.4553869670133364
            ],
            [
              114.73595293669578,
              -3.4553869670133364
            ],
            [
              114.73595276905773,
              -3.4553867996800336
            ],
            [
              114.73595276905773,
              -3.4553814450143343
            ],
            [
              114.7359368434417,
              -3.4553814450143343
            ],
            [
              114.73593667580364,
              -3.4553812776810306
            ],
            [
              114.73593667580364,
              -3.455376090348604
            ],
            [
              114.73592611460565,
              -3.455376090348604
            ],
            [
              114.7359259469676,
              -3.4553759230153
            ],
            [
              114.7359259469676,
              -3.455370735682844
            ],
            [
              114.73591521813154,
              -3.455370735682844
            ],
            [
              114.73591505049346,
              -3.4553705683495384
            ],
            [
              114.73591505049346,
              -3.455365381017053
            ],
            [
              114.73590448929546,
              -3.455365381017053
            ],
            [
              114.73590432165742,
              -3.455365213683747
            ],
            [
              114.73590432165742,
              -3.4553600263512325
            ],
            [
              114.7358937604594,
              -3.4553600263512325
            ],
            [
              114.73589359282136,
              -3.4553598590179257
            ],
            [
              114.73589359282136,
              -3.455354671685382
            ],
            [
              114.73587749956725,
              -3.455354671685382
            ],
            [
              114.73587733192919,
              -3.4553545043520737
            ],
            [
              114.73587733192919,
              -3.455349317019501
            ],
            [
              114.73586677073119,
              -3.455349317019501
            ],
            [
              114.73586660309314,
              -3.4553491496861914
            ],
            [
              114.73586660309314,
              -3.45534379502028
            ],
            [
              114.73586140631318,
              -3.45534379502028
            ],
            [
              114.73586123867511,
              -3.455343627686969
            ],
            [
              114.73586123867511,
              -3.455338440354336
            ],
            [
              114.73585067747712,
              -3.455338440354336
            ],
            [
              114.73585050983904,
              -3.4553382730210256
            ],
            [
              114.73585050983904,
              -3.4553330856883644
            ],
            [
              114.73584514542101,
              -3.4553330856883644
            ],
            [
              114.73584497778296,
              -3.4553329183550523
            ],
            [
              114.73584497778296,
              -3.455327731022361
            ],
            [
              114.73583441658496,
              -3.455327731022361
            ],
            [
              114.73583424894687,
              -3.455327563689048
            ],
            [
              114.73583424894687,
              -3.455322376356328
            ],
            [
              114.73582368774888,
              -3.455322376356328
            ],
            [
              114.73582352011083,
              -3.455322209023014
            ],
            [
              114.73582352011083,
              -3.4553170216902642
            ],
            [
              114.73581832333088,
              -3.4553170216902642
            ],
            [
              114.7358181556928,
              -3.45531685435695
            ],
            [
              114.7358181556928,
              -3.455311499690855
            ],
            [
              114.73580742685675,
              -3.455311499690855
            ],
            [
              114.73580725921869,
              -3.4553113323575393
            ],
            [
              114.73580725921869,
              -3.4553061450247307
            ],
            [
              114.73579669802069,
              -3.4553061450247307
            ],
            [
              114.73579653038264,
              -3.4553059776914132
            ],
            [
              114.73579653038264,
              -3.455300790358575
            ],
            [
              114.73578060476659,
              -3.455300790358575
            ],
            [
              114.73578043712854,
              -3.455300623025258
            ],
            [
              114.73578043712854,
              -3.4552954356923906
            ],
            [
              114.73576434387445,
              -3.4552954356923906
            ],
            [
              114.7357641762364,
              -3.4552952683590714
            ],
            [
              114.7357641762364,
              -3.455290081026175
            ],
            [
              114.73570499999998,
              -3.455290081026175
            ],
            [
              114.73570499999998,
              -3.4553545043520737
            ],
            [
              114.735710364418,
              -3.4553545043520737
            ],
            [
              114.735710364418,
              -3.45534379502028
            ],
            [
              114.73571053205609,
              -3.455343627686969
            ],
            [
              114.73572109325409,
              -3.455343627686969
            ],
            [
              114.73572109325409,
              -3.455338440354336
            ],
            [
              114.73572126089213,
              -3.4553382730210256
            ],
            [
              114.7357264576721,
              -3.4553382730210256
            ],
            [
              114.7357264576721,
              -3.4553330856883644
            ],
            [
              114.73572662531016,
              -3.4553329183550523
            ],
            [
              114.73575344740033,
              -3.4553329183550523
            ],
            [
              114.73575361503838,
              -3.4553330856883644
            ],
            [
              114.73575361503838,
              -3.4553382730210256
            ],
            [
              114.73575881181834,
              -3.4553382730210256
            ],
            [
              114.7357589794564,
              -3.455338440354336
            ],
            [
              114.7357589794564,
              -3.455343627686969
            ],
            [
              114.7357695406544,
              -3.455343627686969
            ],
            [
              114.73576970829248,
              -3.45534379502028
            ],
            [
              114.73576970829248,
              -3.4553491496861914
            ],
            [
              114.73578580154656,
              -3.4553491496861914
            ],
            [
              114.73578596918462,
              -3.455349317019501
            ],
            [
              114.73578596918462,
              -3.4553545043520737
            ],
            [
              114.73580189480064,
              -3.4553545043520737
            ],
            [
              114.73580206243872,
              -3.455354671685382
            ],
            [
              114.73580206243872,
              -3.4553598590179257
            ],
            [
              114.73580725921869,
              -3.4553598590179257
            ],
            [
              114.73580742685675,
              -3.4553600263512325
            ],
            [
              114.73580742685675,
              -3.455365213683747
            ],
            [
              114.73582352011083,
              -3.455365213683747
            ],
            [
              114.73582368774888,
              -3.455365381017053
            ],
            [
              114.73582368774888,
              -3.4553705683495384
            ],
            [
              114.73583961336493,
              -3.4553705683495384
            ],
            [
              114.73583978100298,
              -3.455370735682844
            ],
            [
              114.73583978100298,
              -3.4553759230153
            ],
            [
              114.73585050983904,
              -3.4553759230153
            ],
            [
              114.73585067747712,
              -3.455376090348604
            ],
            [
              114.73585067747712,
              -3.4553812776810306
            ],
            [
              114.73585587425707,
              -3.4553812776810306
            ],
            [
              114.73585604189512,
              -3.4553814450143343
            ],
            [
              114.73585604189512,
              -3.4553867996800336
            ],
            [
              114.73586123867511,
              -3.4553867996800336
            ],
            [
              114.73586140631318,
              -3.4553869670133364
            ],
            [
              114.73586140631318,
              -3.4553921543457036
            ],
            [
              114.73586660309314,
              -3.4553921543457036
            ],
            [
              114.73586677073119,
              -3.455392321679005
            ],
            [
              114.73586677073119,
              -3.4553975090113425
            ],
            [
              114.73587733192919,
              -3.4553975090113425
            ],
            [
              114.73587749956725,
              -3.4553976763446435
            ],
            [
              114.73587749956725,
              -3.455408218342531
            ],
            [
              114.73589359282136,
              -3.455408218342531
            ],
            [
              114.7358937604594,
              -3.4554083856758298
            ],
            [
              114.7358937604594,
              -3.45541357300808
            ],
            [
              114.73590432165742,
              -3.45541357300808
            ],
            [
              114.73590448929546,
              -3.4554137403413776
            ],
            [
              114.73590448929546,
              -3.4554189276735987
            ],
            [
              114.73591505049346,
              -3.4554189276735987
            ],
            [
              114.73591521813154,
              -3.455419095006895
            ],
            [
              114.73591521813154,
              -3.455424449672383
            ],
            [
              114.7359259469676,
              -3.455424449672383
            ],
            [
              114.73592611460565,
              -3.455424617005679
            ],
            [
              114.73592611460565,
              -3.4554298043378395
            ],
            [
              114.73593667580364,
              -3.4554298043378395
            ],
            [
              114.7359368434417,
              -3.455429971671135
            ],
            [
              114.7359368434417,
              -3.455435159003267
            ],
            [
              114.7359474046397,
              -3.455435159003267
            ],
            [
              114.73594757227778,
              -3.4554353263365605
            ],
            [
              114.73594757227778,
              -3.4554405136686634
            ],
            [
              114.73596366553186,
              -3.4554405136686634
            ],
            [
              114.73596383316995,
              -3.455440681001957
            ],
            [
              114.73596383316995,
              -3.455445868334031
            ],
            [
              114.73597439436791,
              -3.455445868334031
            ],
            [
              114.73597456200599,
              -3.4554460356673222
            ],
            [
              114.73597456200599,
              -3.4554512229993657
            ],
            [
              114.73599048762202,
              -3.4554512229993657
            ],
            [
              114.73599065526007,
              -3.455451390332658
            ],
            [
              114.73599065526007,
              -3.4554567449979623
            ],
            [
              114.73600674851417,
              -3.4554567449979623
            ],
            [
              114.73600691615223,
              -3.455456912331253
            ],
            [
              114.73600691615223,
              -3.4554620996632375
            ],
            [
              114.73602284176826,
              -3.4554620996632375
            ],
            [
              114.73602300940631,
              -3.4554622669965265
            ],
            [
              114.73602300940631,
              -3.4554674543284825
            ],
            [
              114.73603373824237,
              -3.4554674543284825
            ],
            [
              114.73603390588045,
              -3.4554676216617706
            ],
            [
              114.73603390588045,
              -3.455472808993697
            ],
            [
              114.73604446707844,
              -3.455472808993697
            ],
            [
              114.73604463471649,
              -3.4554729763269845
            ],
            [
              114.73604463471649,
              -3.4554781636588805
            ],
            [
              114.7360660923886,
              -3.4554781636588805
            ],
            [
              114.73606626002669,
              -3.4554783309921673
            ],
            [
              114.73606626002669,
              -3.455483518324035
            ],
            [
              114.73609291447876,
              -3.455483518324035
            ],
            [
              114.73609308211684,
              -3.455483685657321
            ],
            [
              114.73609308211684,
              -3.4554888729891586
            ],
            [
              114.7361038109529,
              -3.4554888729891586
            ],
            [
              114.73610397859095,
              -3.4554890403224436
            ],
            [
              114.73610397859095,
              -3.455494394987536
            ],
            [
              114.73611453978894,
              -3.455494394987536
            ],
            [
              114.736114707427,
              -3.4554945623208204
            ],
            [
              114.736114707427,
              -3.4554997496525988
            ],
            [
              114.73613063304303,
              -3.4554997496525988
            ],
            [
              114.73613080068108,
              -3.455499916985881
            ],
            [
              114.73613080068108,
              -3.455505104317631
            ],
            [
              114.73615762277126,
              -3.455505104317631
            ],
            [
              114.73615779040932,
              -3.4555052716509125
            ],
            [
              114.73615779040932,
              -3.4555104589826326
            ],
            [
              114.7361738836634,
              -3.4555104589826326
            ],
            [
              114.73617405130148,
              -3.4555106263159137
            ],
            [
              114.73617405130148,
              -3.4555158136476045
            ],
            [
              114.73620070575356,
              -3.4555158136476045
            ],
            [
              114.73620087339161,
              -3.455515980980884
            ],
            [
              114.73620087339161,
              -3.4555211683125466
            ],
            [
              114.73622769548174,
              -3.4555211683125466
            ],
            [
              114.73622786311982,
              -3.455521335645825
            ],
            [
              114.73622786311982,
              -3.455526522977457
            ],
            [
              114.73627077846406,
              -3.455526522977457
            ],
            [
              114.73627094610214,
              -3.4555266903107356
            ],
            [
              114.73627094610214,
              -3.4555320449756155
            ],
            [
              114.73629776819227,
              -3.4555320449756155
            ],
            [
              114.73629793583034,
              -3.455532212308893
            ],
            [
              114.73629793583034,
              -3.455537399640466
            ],
            [
              114.73632475792049,
              -3.455537399640466
            ],
            [
              114.73632492555856,
              -3.455537566973742
            ],
            [
              114.73632492555856,
              -3.4555427543052857
            ],
            [
              114.73638946621297,
              -3.4555427543052857
            ],
            [
              114.73638963385105,
              -3.455542921638561
            ],
            [
              114.73638963385105,
              -3.455548108970075
            ],
            [
              114.73647026775954,
              -3.455548108970075
            ],
            [
              114.73647043539764,
              -3.455548276303349
            ],
            [
              114.73647043539764,
              -3.455553463634834
            ],
            [
              114.73649172543165,
              -3.455553463634834
            ],
            [
              114.73649172543165,
              -3.455548276303349
            ],
            [
              114.73649189306974,
              -3.455548108970075
            ],
            [
              114.736529611634,
              -3.455548108970075
            ],
            [
              114.73652977927206,
              -3.455548276303349
            ],
            [
              114.73652977927206,
              -3.455553463634834
            ],
            [
              114.73654034047006,
              -3.455553463634834
            ],
            [
              114.7365405081081,
              -3.4555536309681076
            ],
            [
              114.7365405081081,
              -3.4555588182995636
            ],
            [
              114.73662114201663,
              -3.4555588182995636
            ],
            [
              114.73662114201663,
              -3.4555536309681076
            ],
            [
              114.7366213096547,
              -3.455553463634834
            ],
            [
              114.73673429770943,
              -3.455553463634834
            ],
            [
              114.73673446534751,
              -3.4555536309681076
            ],
            [
              114.73673446534751,
              -3.4555588182995636
            ],
            [
              114.73678827716589,
              -3.4555588182995636
            ],
            [
              114.73678827716589,
              -3.4555536309681076
            ],
            [
              114.73678844480393,
              -3.455553463634834
            ],
            [
              114.7368367245662,
              -3.455553463634834
            ],
            [
              114.7368367245662,
              -3.455548276303349
            ],
            [
              114.73683689220425,
              -3.455548108970075
            ],
            [
              114.73690679727673,
              -3.455548108970075
            ],
            [
              114.73690679727673,
              -3.455542921638561
            ],
            [
              114.7369069649148,
              -3.4555427543052857
            ],
            [
              114.73694988025902,
              -3.4555427543052857
            ],
            [
              114.73695004789708,
              -3.455542921638561
            ],
            [
              114.73695004789708,
              -3.455548108970075
            ],
            [
              114.73697150556922,
              -3.455548108970075
            ],
            [
              114.73697167320726,
              -3.455548276303349
            ],
            [
              114.73697167320726,
              -3.455553463634834
            ],
            [
              114.73701995296953,
              -3.455553463634834
            ],
            [
              114.73702012060761,
              -3.4555536309681076
            ],
            [
              114.73702012060761,
              -3.4555588182995636
            ],
            [
              114.73702531738756,
              -3.4555588182995636
            ],
            [
              114.73702548502564,
              -3.4555589856328357
            ],
            [
              114.73702548502564,
              -3.4555643402975336
            ],
            [
              114.73703068180558,
              -3.4555643402975336
            ],
            [
              114.73703084944367,
              -3.4555645076308044
            ],
            [
              114.73703084944367,
              -3.4555696949622012
            ],
            [
              114.73703621386169,
              -3.4555696949622012
            ],
            [
              114.73703638149975,
              -3.455569862295472
            ],
            [
              114.73703638149975,
              -3.455575049626839
            ],
            [
              114.73704157827972,
              -3.455575049626839
            ],
            [
              114.7370417459178,
              -3.455575216960108
            ],
            [
              114.7370417459178,
              -3.4555964682850866
            ],
            [
              114.73704157827972,
              -3.4555966356183516
            ],
            [
              114.73703638149975,
              -3.4555966356183516
            ],
            [
              114.73703638149975,
              -3.4556234089404776
            ],
            [
              114.73703621386169,
              -3.455623576273738
            ],
            [
              114.73703084944367,
              -3.455623576273738
            ],
            [
              114.73703084944367,
              -3.455650349595103
            ],
            [
              114.73703068180558,
              -3.455650516928359
            ],
            [
              114.73702548502564,
              -3.455650516928359
            ],
            [
              114.73702548502564,
              -3.455682644912994
            ],
            [
              114.73702531738756,
              -3.455682812246245
            ],
            [
              114.73702012060761,
              -3.455682812246245
            ],
            [
              114.73702012060761,
              -3.455709585565938
            ],
            [
              114.73701995296953,
              -3.455709752899184
            ],
            [
              114.73701475618957,
              -3.455709752899184
            ],
            [
              114.73701475618957,
              -3.45576865419984
            ],
            [
              114.7370145885515,
              -3.455768821533075
            ],
            [
              114.73700939177156,
              -3.455768821533075
            ],
            [
              114.73700939177156,
              -3.4557902401869485
            ],
            [
              114.7370145885515,
              -3.4557902401869485
            ],
            [
              114.73701475618957,
              -3.45579040752018
            ],
            [
              114.73701475618957,
              -3.4557955948503416
            ],
            [
              114.7370145885515,
              -3.455795762183572
            ],
            [
              114.73700939177156,
              -3.455795762183572
            ],
            [
              114.73700939177156,
              -3.4558171808368376
            ],
            [
              114.73700922413347,
              -3.4558173481700645
            ],
            [
              114.7370040273535,
              -3.4558173481700645
            ],
            [
              114.7370040273535,
              -3.455849308815829
            ],
            [
              114.73700385971546,
              -3.4558494761490497
            ],
            [
              114.73699866293548,
              -3.4558494761490497
            ],
            [
              114.73699866293548,
              -3.455892480785886
            ],
            [
              114.7369984952974,
              -3.455892648119099
            ],
            [
              114.7369931308794,
              -3.455892648119099
            ],
            [
              114.7369931308794,
              -3.455962426066537
            ],
            [
              114.73699296324132,
              -3.4559625933997373
            ],
            [
              114.73698776646137,
              -3.4559625933997373
            ],
            [
              114.73698776646137,
              -3.4559784900537096
            ],
            [
              114.73698759882329,
              -3.4559786573869076
            ],
            [
              114.73698240204332,
              -3.4559786573869076
            ],
            [
              114.73698240204332,
              -3.4560430806660527
            ],
            [
              114.73698223440526,
              -3.4560432479992405
            ],
            [
              114.73697703762532,
              -3.4560432479992405
            ],
            [
              114.73697703762532,
              -3.4560700213087623
            ],
            [
              114.73697686998725,
              -3.4560701886419447
            ],
            [
              114.73697167320726,
              -3.4560701886419447
            ],
            [
              114.73697167320726,
              -3.4561076712739998
            ],
            [
              114.73697150556922,
              -3.4561078386071755
            ],
            [
              114.73696630878923,
              -3.4561078386071755
            ],
            [
              114.73696630878923,
              -3.456129089920223
            ],
            [
              114.73696614115116,
              -3.4561292572533957
            ],
            [
              114.73696094437122,
              -3.4561292572533957
            ],
            [
              114.73696094437122,
              -3.4561613852218187
            ],
            [
              114.73696077673316,
              -3.4561615525549847
            ],
            [
              114.73695541231511,
              -3.4561615525549847
            ],
            [
              114.73695541231511,
              -3.4562475617984143
            ],
            [
              114.73695524467705,
              -3.456247729131565
            ],
            [
              114.73695004789708,
              -3.456247729131565
            ],
            [
              114.73695004789708,
              -3.456274335102171
            ],
            [
              114.73694988025902,
              -3.4562745024353165
            ],
            [
              114.73694468347905,
              -3.4562745024353165
            ],
            [
              114.73694468347905,
              -3.4563228617133026
            ],
            [
              114.736944515841,
              -3.45632302904644
            ],
            [
              114.73693931906102,
              -3.45632302904644
            ],
            [
              114.73693931906102,
              -3.4563551570083013
            ],
            [
              114.73693915142297,
              -3.456355324341433
            ],
            [
              114.736933954643,
              -3.456355324341433
            ],
            [
              114.736933954643,
              -3.456414225602009
            ],
            [
              114.73693378700492,
              -3.4564143929351303
            ],
            [
              114.73692859022498,
              -3.4564143929351303
            ],
            [
              114.73692859022498,
              -3.4564358115744294
            ],
            [
              114.73693378700492,
              -3.4564358115744294
            ],
            [
              114.736933954643,
              -3.456435978907547
            ],
            [
              114.736933954643,
              -3.456473461525149
            ],
            [
              114.73693915142297,
              -3.456473461525149
            ],
            [
              114.73693931906102,
              -3.45647362885826
            ],
            [
              114.73693931906102,
              -3.4564841708441922
            ],
            [
              114.736944515841,
              -3.4564841708441922
            ],
            [
              114.736944515841,
              -3.4564573975463584
            ],
            [
              114.73694468347905,
              -3.456457230213245
            ],
            [
              114.73694988025902,
              -3.456457230213245
            ],
            [
              114.73694988025902,
              -3.456435978907547
            ],
            [
              114.73695004789708,
              -3.4564358115744294
            ],
            [
              114.73695524467705,
              -3.4564358115744294
            ],
            [
              114.73695524467705,
              -3.4564252695879603
            ],
            [
              114.73695541231511,
              -3.456425102254841
            ],
            [
              114.73696077673316,
              -3.456425102254841
            ],
            [
              114.73696077673316,
              -3.4563876196353274
            ],
            [
              114.73696094437122,
              -3.456387452302201
            ],
            [
              114.73696614115116,
              -3.456387452302201
            ],
            [
              114.73696614115116,
              -3.4563606790016372
            ],
            [
              114.73696630878923,
              -3.4563605116685063
            ],
            [
              114.73697150556922,
              -3.4563605116685063
            ],
            [
              114.73697150556922,
              -3.456333738367182
            ],
            [
              114.73697167320726,
              -3.4563335710340457
            ],
            [
              114.73697686998725,
              -3.4563335710340457
            ],
            [
              114.73697686998725,
              -3.4563176743860247
            ],
            [
              114.73697703762532,
              -3.4563175070528858
            ],
            [
              114.73698223440526,
              -3.4563175070528858
            ],
            [
              114.73698223440526,
              -3.456312152392439
            ],
            [
              114.73698240204332,
              -3.4563119850592994
            ],
            [
              114.73698759882329,
              -3.4563119850592994
            ],
            [
              114.73698759882329,
              -3.456301443071454
            ],
            [
              114.73698776646137,
              -3.456301275738313
            ],
            [
              114.73699296324132,
              -3.456301275738313
            ],
            [
              114.73699296324132,
              -3.456290733750348
            ],
            [
              114.7369931308794,
              -3.4562905664172052
            ],
            [
              114.7369984952974,
              -3.4562905664172052
            ],
            [
              114.7369984952974,
              -3.45628537908975
            ],
            [
              114.73699866293548,
              -3.456285211756606
            ],
            [
              114.73700385971546,
              -3.456285211756606
            ],
            [
              114.73700385971546,
              -3.456280024429121
            ],
            [
              114.7370040273535,
              -3.456279857095976
            ],
            [
              114.73703621386169,
              -3.456279857095976
            ],
            [
              114.73703638149975,
              -3.456280024429121
            ],
            [
              114.73703638149975,
              -3.456285211756606
            ],
            [
              114.73704694269775,
              -3.456285211756606
            ],
            [
              114.7370471103358,
              -3.45628537908975
            ],
            [
              114.7370471103358,
              -3.4562905664172052
            ],
            [
              114.73706856800793,
              -3.4562905664172052
            ],
            [
              114.73706873564599,
              -3.456290733750348
            ],
            [
              114.73706873564599,
              -3.4562959210777735
            ],
            [
              114.73710628657221,
              -3.4562959210777735
            ],
            [
              114.73710645421028,
              -3.4562960884109164
            ],
            [
              114.73710645421028,
              -3.456301275738313
            ],
            [
              114.73717635928273,
              -3.456301275738313
            ],
            [
              114.73717652692078,
              -3.456301443071454
            ],
            [
              114.73717652692078,
              -3.4563066303988212
            ],
            [
              114.73721944226502,
              -3.4563066303988212
            ],
            [
              114.7372196099031,
              -3.4563067977319615
            ],
            [
              114.7372196099031,
              -3.4563119850592994
            ],
            [
              114.73724089993712,
              -3.4563119850592994
            ],
            [
              114.7372410675752,
              -3.456312152392439
            ],
            [
              114.7372410675752,
              -3.4563175070528858
            ],
            [
              114.73728951497552,
              -3.4563175070528858
            ],
            [
              114.7372896826136,
              -3.4563176743860247
            ],
            [
              114.7372896826136,
              -3.4563228617133026
            ],
            [
              114.73733796237586,
              -3.4563228617133026
            ],
            [
              114.73733813001392,
              -3.45632302904644
            ],
            [
              114.73733813001392,
              -3.4563282163736897
            ],
            [
              114.73738104535818,
              -3.4563282163736897
            ],
            [
              114.73738121299624,
              -3.4563283837068264
            ],
            [
              114.73738121299624,
              -3.4563335710340457
            ],
            [
              114.73741876392245,
              -3.4563335710340457
            ],
            [
              114.7374189315605,
              -3.456333738367182
            ],
            [
              114.7374189315605,
              -3.456338925694372
            ],
            [
              114.73744575365066,
              -3.456338925694372
            ],
            [
              114.73744592128871,
              -3.4563390930275073
            ],
            [
              114.73744592128871,
              -3.4563442803546685
            ],
            [
              114.73748347221493,
              -3.4563442803546685
            ],
            [
              114.73748363985298,
              -3.4563444476878025
            ],
            [
              114.73748363985298,
              -3.4563496350149343
            ],
            [
              114.73749420105098,
              -3.4563496350149343
            ],
            [
              114.73749436868904,
              -3.456349802348067
            ],
            [
              114.73749436868904,
              -3.4563551570083013
            ],
            [
              114.73751582636116,
              -3.4563551570083013
            ],
            [
              114.73751582636116,
              -3.456349802348067
            ],
            [
              114.73751599399925,
              -3.4563496350149343
            ],
            [
              114.73757517023562,
              -3.4563496350149343
            ],
            [
              114.73757517023562,
              -3.4563444476878025
            ],
            [
              114.73757533787368,
              -3.4563442803546685
            ],
            [
              114.73759126348972,
              -3.4563442803546685
            ],
            [
              114.73759126348972,
              -3.4563390930275073
            ],
            [
              114.73759143112778,
              -3.456338925694372
            ],
            [
              114.73759662790775,
              -3.456338925694372
            ],
            [
              114.73759662790775,
              -3.456333738367182
            ],
            [
              114.73756997345565,
              -3.456333738367182
            ],
            [
              114.73756980581759,
              -3.4563335710340457
            ],
            [
              114.73756980581759,
              -3.4563283837068264
            ],
            [
              114.7375376193094,
              -3.4563283837068264
            ],
            [
              114.73753745167136,
              -3.4563282163736897
            ],
            [
              114.73753745167136,
              -3.45632302904644
            ],
            [
              114.73752135841725,
              -3.45632302904644
            ],
            [
              114.73752119077919,
              -3.4563228617133026
            ],
            [
              114.73752119077919,
              -3.4563176743860247
            ],
            [
              114.73751599399925,
              -3.4563176743860247
            ],
            [
              114.73751582636116,
              -3.4563175070528858
            ],
            [
              114.73751582636116,
              -3.456312152392439
            ],
            [
              114.73749990074515,
              -3.456312152392439
            ],
            [
              114.73749973310709,
              -3.4563119850592994
            ],
            [
              114.73749973310709,
              -3.4563067977319615
            ],
            [
              114.73746754659891,
              -3.4563067977319615
            ],
            [
              114.73746737896084,
              -3.4563066303988212
            ],
            [
              114.73746737896084,
              -3.456301443071454
            ],
            [
              114.7374298280346,
              -3.456301443071454
            ],
            [
              114.73742966039656,
              -3.456301275738313
            ],
            [
              114.73742966039656,
              -3.4562960884109164
            ],
            [
              114.7373597553241,
              -3.4562960884109164
            ],
            [
              114.73735958768606,
              -3.4562959210777735
            ],
            [
              114.73735958768606,
              -3.456290733750348
            ],
            [
              114.73733813001392,
              -3.456290733750348
            ],
            [
              114.73733796237586,
              -3.4562905664172052
            ],
            [
              114.73733796237586,
              -3.45628537908975
            ],
            [
              114.73731650470376,
              -3.45628537908975
            ],
            [
              114.73731633706568,
              -3.456285211756606
            ],
            [
              114.73731633706568,
              -3.456280024429121
            ],
            [
              114.73728431819558,
              -3.456280024429121
            ],
            [
              114.73728415055753,
              -3.456279857095976
            ],
            [
              114.73728415055753,
              -3.4562745024353165
            ],
            [
              114.73724659963129,
              -3.4562745024353165
            ],
            [
              114.73724643199323,
              -3.456274335102171
            ],
            [
              114.73724643199323,
              -3.456269147774627
            ],
            [
              114.73718725575684,
              -3.456269147774627
            ],
            [
              114.73718708811877,
              -3.4562689804414792
            ],
            [
              114.73718708811877,
              -3.4562637931139064
            ],
            [
              114.73712254746435,
              -3.4562637931139064
            ],
            [
              114.7371223798263,
              -3.456263625780759
            ],
            [
              114.7371223798263,
              -3.4562584384531565
            ],
            [
              114.73707410006404,
              -3.4562584384531565
            ],
            [
              114.73707393242599,
              -3.456258271120007
            ],
            [
              114.73707393242599,
              -3.456253083792376
            ],
            [
              114.73705247475385,
              -3.456253083792376
            ],
            [
              114.73705247475385,
              -3.456258271120007
            ],
            [
              114.73705230711577,
              -3.4562584384531565
            ],
            [
              114.73702548502564,
              -3.4562584384531565
            ],
            [
              114.73702531738756,
              -3.456258271120007
            ],
            [
              114.73702531738756,
              -3.456253083792376
            ],
            [
              114.73702012060761,
              -3.456253083792376
            ],
            [
              114.73701995296953,
              -3.4562529164592264
            ],
            [
              114.73701995296953,
              -3.456247729131565
            ],
            [
              114.73701475618957,
              -3.456247729131565
            ],
            [
              114.7370145885515,
              -3.4562475617984143
            ],
            [
              114.7370145885515,
              -3.4562368524767
            ],
            [
              114.73700939177156,
              -3.4562368524767
            ],
            [
              114.73700922413347,
              -3.456236685143548
            ],
            [
              114.73700922413347,
              -3.456134611914875
            ],
            [
              114.73700939177156,
              -3.456134444581704
            ],
            [
              114.7370145885515,
              -3.456134444581704
            ],
            [
              114.7370145885515,
              -3.4560916072890144
            ],
            [
              114.73701475618957,
              -3.4560914399558365
            ],
            [
              114.73701995296953,
              -3.4560914399558365
            ],
            [
              114.73701995296953,
              -3.45605395732314
            ],
            [
              114.73702012060761,
              -3.456053789989954
            ],
            [
              114.73702531738756,
              -3.456053789989954
            ],
            [
              114.73702531738756,
              -3.45603253867522
            ],
            [
              114.73702548502564,
              -3.4560323713420305
            ],
            [
              114.73703068180558,
              -3.4560323713420305
            ],
            [
              114.73703068180558,
              -3.455989366711536
            ],
            [
              114.73703084944367,
              -3.45598919937834
            ],
            [
              114.73703621386169,
              -3.45598919937834
            ],
            [
              114.73703621386169,
              -3.455967948062158
            ],
            [
              114.73703638149975,
              -3.4559677807289573
            ],
            [
              114.73704157827972,
              -3.4559677807289573
            ],
            [
              114.73704157827972,
              -3.4559572387372874
            ],
            [
              114.7370417459178,
              -3.455957071404085
            ],
            [
              114.73704694269775,
              -3.455957071404085
            ],
            [
              114.73704694269775,
              -3.455946362079092
            ],
            [
              114.7370471103358,
              -3.4559461947458883
            ],
            [
              114.73706303595182,
              -3.4559461947458883
            ],
            [
              114.73706303595182,
              -3.45594100741655
            ],
            [
              114.7370632035899,
              -3.455940840083345
            ],
            [
              114.73716009839056,
              -3.455940840083345
            ],
            [
              114.73716026602862,
              -3.45594100741655
            ],
            [
              114.73716026602862,
              -3.4559461947458883
            ],
            [
              114.73718172370076,
              -3.4559461947458883
            ],
            [
              114.7371818913388,
              -3.455946362079092
            ],
            [
              114.7371818913388,
              -3.4559515494084008
            ],
            [
              114.73719781695483,
              -3.4559515494084008
            ],
            [
              114.73719798459288,
              -3.455951716741604
            ],
            [
              114.73719798459288,
              -3.455957071404085
            ],
            [
              114.73725179641126,
              -3.455957071404085
            ],
            [
              114.73725196404934,
              -3.4559572387372874
            ],
            [
              114.73725196404934,
              -3.455962426066537
            ],
            [
              114.73729487939357,
              -3.455962426066537
            ],
            [
              114.73729504703162,
              -3.4559625933997373
            ],
            [
              114.73729504703162,
              -3.4559677807289573
            ],
            [
              114.73731097264765,
              -3.4559677807289573
            ],
            [
              114.73731114028571,
              -3.455967948062158
            ],
            [
              114.73731114028571,
              -3.455973135391349
            ],
            [
              114.73734332679389,
              -3.455973135391349
            ],
            [
              114.73734349443195,
              -3.455973302724548
            ],
            [
              114.73734349443195,
              -3.4559784900537096
            ],
            [
              114.73740267066835,
              -3.4559784900537096
            ],
            [
              114.73740283830642,
              -3.4559786573869076
            ],
            [
              114.73740283830642,
              -3.4559838447160405
            ],
            [
              114.73743502481459,
              -3.4559838447160405
            ],
            [
              114.73743519245266,
              -3.4559840120492367
            ],
            [
              114.73743519245266,
              -3.45598919937834
            ],
            [
              114.73745111806869,
              -3.45598919937834
            ],
            [
              114.73745128570674,
              -3.455989366711536
            ],
            [
              114.73745128570674,
              -3.4559947213738047
            ],
            [
              114.73751582636116,
              -3.4559947213738047
            ],
            [
              114.73751582636116,
              -3.455989366711536
            ],
            [
              114.73751599399925,
              -3.45598919937834
            ],
            [
              114.7375481805074,
              -3.45598919937834
            ],
            [
              114.7375481805074,
              -3.4559840120492367
            ],
            [
              114.73754834814548,
              -3.4559838447160405
            ],
            [
              114.73755890934346,
              -3.4559838447160405
            ],
            [
              114.73755890934346,
              -3.4559786573869076
            ],
            [
              114.73755907698154,
              -3.4559784900537096
            ],
            [
              114.73756980581759,
              -3.4559784900537096
            ],
            [
              114.73756980581759,
              -3.455973302724548
            ],
            [
              114.73756997345565,
              -3.455973135391349
            ],
            [
              114.73758053465365,
              -3.455973135391349
            ],
            [
              114.73758053465365,
              -3.455967948062158
            ],
            [
              114.73756997345565,
              -3.455967948062158
            ],
            [
              114.73756980581759,
              -3.4559677807289573
            ],
            [
              114.73756980581759,
              -3.4559625933997373
            ],
            [
              114.7375376193094,
              -3.4559625933997373
            ],
            [
              114.73753745167136,
              -3.455962426066537
            ],
            [
              114.73753745167136,
              -3.4559572387372874
            ],
            [
              114.73750526516316,
              -3.4559572387372874
            ],
            [
              114.73750509752509,
              -3.455957071404085
            ],
            [
              114.73750509752509,
              -3.455951716741604
            ],
            [
              114.73747827543495,
              -3.455951716741604
            ],
            [
              114.7374781077969,
              -3.4559515494084008
            ],
            [
              114.7374781077969,
              -3.455946362079092
            ],
            [
              114.7374405568707,
              -3.455946362079092
            ],
            [
              114.7374403892326,
              -3.4559461947458883
            ],
            [
              114.7374403892326,
              -3.45594100741655
            ],
            [
              114.73738121299624,
              -3.45594100741655
            ],
            [
              114.73738104535818,
              -3.455940840083345
            ],
            [
              114.73738104535818,
              -3.455935652753978
            ],
            [
              114.73732740117786,
              -3.455935652753978
            ],
            [
              114.73732723353982,
              -3.4559354854207722
            ],
            [
              114.73732723353982,
              -3.4559302980913755
            ],
            [
              114.73728431819558,
              -3.4559302980913755
            ],
            [
              114.73728415055753,
              -3.4559301307581687
            ],
            [
              114.73728415055753,
              -3.455924943428743
            ],
            [
              114.73726805730341,
              -3.455924943428743
            ],
            [
              114.73726788966536,
              -3.4559247760955354
            ],
            [
              114.73726788966536,
              -3.4559194214328715
            ],
            [
              114.73724659963129,
              -3.4559194214328715
            ],
            [
              114.73724643199323,
              -3.455919254099663
            ],
            [
              114.73724643199323,
              -3.4559140667701778
            ],
            [
              114.7372196099031,
              -3.4559140667701778
            ],
            [
              114.73721944226502,
              -3.455913899436968
            ],
            [
              114.73721944226502,
              -3.4559087121074534
            ],
            [
              114.73719262017487,
              -3.4559087121074534
            ],
            [
              114.7371924525368,
              -3.4559085447742426
            ],
            [
              114.7371924525368,
              -3.455903357444699
            ],
            [
              114.73716563044665,
              -3.455903357444699
            ],
            [
              114.73716546280859,
              -3.4559031901114876
            ],
            [
              114.73716546280859,
              -3.4558980027819146
            ],
            [
              114.7371118186283,
              -3.4558980027819146
            ],
            [
              114.73711165099022,
              -3.4558978354487015
            ],
            [
              114.73711165099022,
              -3.455892648119099
            ],
            [
              114.7370848289001,
              -3.455892648119099
            ],
            [
              114.73708466126203,
              -3.455892480785886
            ],
            [
              114.73708466126203,
              -3.4558872934562546
            ],
            [
              114.73707410006404,
              -3.4558872934562546
            ],
            [
              114.73707393242599,
              -3.45588712612304
            ],
            [
              114.73707393242599,
              -3.4558817714601635
            ],
            [
              114.73706873564599,
              -3.4558817714601635
            ],
            [
              114.73706856800793,
              -3.4558816041269482
            ],
            [
              114.73706856800793,
              -3.455876416797257
            ],
            [
              114.7370632035899,
              -3.455876416797257
            ],
            [
              114.73706303595182,
              -3.4558762494640405
            ],
            [
              114.73706303595182,
              -3.4558710621343205
            ],
            [
              114.73705783917188,
              -3.4558710621343205
            ],
            [
              114.73705767153382,
              -3.455870894801103
            ],
            [
              114.73705767153382,
              -3.4558494761490497
            ],
            [
              114.73705247475385,
              -3.4558494761490497
            ],
            [
              114.73705230711577,
              -3.455849308815829
            ],
            [
              114.73705230711577,
              -3.455833412159693
            ],
            [
              114.73705247475385,
              -3.455833244826469
            ],
            [
              114.73705767153382,
              -3.455833244826469
            ],
            [
              114.73705767153382,
              -3.4557527575423523
            ],
            [
              114.73705783917188,
              -3.4557525902091144
            ],
            [
              114.73706303595182,
              -3.4557525902091144
            ],
            [
              114.73706303595182,
              -3.4557204622268483
            ],
            [
              114.7370632035899,
              -3.455720294893604
            ],
            [
              114.73706856800793,
              -3.455720294893604
            ],
            [
              114.73706856800793,
              -3.45570423090206
            ],
            [
              114.73706873564599,
              -3.4557040635688128
            ],
            [
              114.73707393242599,
              -3.4557040635688128
            ],
            [
              114.73707393242599,
              -3.4556721029181556
            ],
            [
              114.73706873564599,
              -3.4556721029181556
            ],
            [
              114.73706856800793,
              -3.455671935584903
            ],
            [
              114.73706856800793,
              -3.4556612262566917
            ],
            [
              114.73706873564599,
              -3.455661058923438
            ],
            [
              114.73707393242599,
              -3.455661058923438
            ],
            [
              114.73707393242599,
              -3.455628930938072
            ],
            [
              114.73706873564599,
              -3.455628930938072
            ],
            [
              114.73706856800793,
              -3.4556287636048113
            ],
            [
              114.73706856800793,
              -3.455623576273738
            ],
            [
              114.73706873564599,
              -3.4556234089404776
            ],
            [
              114.73707393242599,
              -3.4556234089404776
            ],
            [
              114.73707393242599,
              -3.455602157616102
            ],
            [
              114.73707410006404,
              -3.455601990282838
            ],
            [
              114.73707929684399,
              -3.455601990282838
            ],
            [
              114.73707929684399,
              -3.4555805716247145
            ],
            [
              114.73707946448206,
              -3.455580404291446
            ],
            [
              114.73708466126203,
              -3.455580404291446
            ],
            [
              114.73708466126203,
              -3.455569862295472
            ],
            [
              114.7370848289001,
              -3.4555696949622012
            ],
            [
              114.73709002568006,
              -3.4555696949622012
            ],
            [
              114.73709002568006,
              -3.4555645076308044
            ],
            [
              114.73709019331811,
              -3.4555643402975336
            ],
            [
              114.73709539009809,
              -3.4555643402975336
            ],
            [
              114.73709539009809,
              -3.4555536309681076
            ],
            [
              114.73709555773614,
              -3.455553463634834
            ],
            [
              114.73710628657221,
              -3.455553463634834
            ],
            [
              114.73710628657221,
              -3.455548276303349
            ],
            [
              114.73710645421028,
              -3.455548108970075
            ],
            [
              114.73713310866235,
              -3.455548108970075
            ],
            [
              114.73713310866235,
              -3.455542921638561
            ],
            [
              114.73713327630041,
              -3.4555427543052857
            ],
            [
              114.73721407784699,
              -3.4555427543052857
            ],
            [
              114.73721407784699,
              -3.455537566973742
            ],
            [
              114.73721424548505,
              -3.455537399640466
            ],
            [
              114.73727325408339,
              -3.455537399640466
            ],
            [
              114.73727342172144,
              -3.455537566973742
            ],
            [
              114.73727342172144,
              -3.4555427543052857
            ],
            [
              114.73735422326803,
              -3.4555427543052857
            ],
            [
              114.73735422326803,
              -3.455537566973742
            ],
            [
              114.73735439090608,
              -3.455537399640466
            ],
            [
              114.73737568094013,
              -3.455537399640466
            ],
            [
              114.73737568094013,
              -3.455532212308893
            ],
            [
              114.73737584857818,
              -3.4555320449756155
            ],
            [
              114.73746737896084,
              -3.4555320449756155
            ],
            [
              114.73746737896084,
              -3.4555266903107356
            ],
            [
              114.73746754659891,
              -3.455526522977457
            ],
            [
              114.73753745167136,
              -3.455526522977457
            ],
            [
              114.73753745167136,
              -3.455521335645825
            ],
            [
              114.7375376193094,
              -3.4555211683125466
            ],
            [
              114.7375642737615,
              -3.4555211683125466
            ],
            [
              114.7375642737615,
              -3.455515980980884
            ],
            [
              114.73756444139957,
              -3.4555158136476045
            ],
            [
              114.73757517023562,
              -3.4555158136476045
            ],
            [
              114.73757517023562,
              -3.4555106263159137
            ],
            [
              114.73757533787368,
              -3.4555104589826326
            ],
            [
              114.73758589907168,
              -3.4555104589826326
            ],
            [
              114.73758589907168,
              -3.4555052716509125
            ],
            [
              114.73758606670975,
              -3.455505104317631
            ],
            [
              114.73759662790775,
              -3.455505104317631
            ],
            [
              114.73759662790775,
              -3.455499916985881
            ],
            [
              114.7375967955458,
              -3.4554997496525988
            ],
            [
              114.73761288879992,
              -3.4554997496525988
            ],
            [
              114.73761288879992,
              -3.4554945623208204
            ],
            [
              114.73761305643797,
              -3.455494394987536
            ],
            [
              114.73761825321792,
              -3.455494394987536
            ],
            [
              114.73761825321792,
              -3.4554890403224436
            ],
            [
              114.737618420856,
              -3.4554888729891586
            ],
            [
              114.73762898205399,
              -3.4554888729891586
            ],
            [
              114.73762898205399,
              -3.455483685657321
            ],
            [
              114.73762914969204,
              -3.455483518324035
            ],
            [
              114.73763971089004,
              -3.455483518324035
            ],
            [
              114.73763971089004,
              -3.4554783309921673
            ],
            [
              114.7376398785281,
              -3.4554781636588805
            ],
            [
              114.73765060736415,
              -3.4554781636588805
            ],
            [
              114.73765060736415,
              -3.4554729763269845
            ],
            [
              114.73765077500224,
              -3.455472808993697
            ],
            [
              114.7376559717822,
              -3.455472808993697
            ],
            [
              114.7376559717822,
              -3.4554676216617706
            ],
            [
              114.73765613942025,
              -3.4554674543284825
            ],
            [
              114.73766133620023,
              -3.4554674543284825
            ],
            [
              114.73766133620023,
              -3.4554622669965265
            ],
            [
              114.73766150383828,
              -3.4554620996632375
            ],
            [
              114.73767206503628,
              -3.4554620996632375
            ],
            [
              114.73767206503628,
              -3.455456912331253
            ],
            [
              114.73767223267434,
              -3.4554567449979623
            ],
            [
              114.73768296151042,
              -3.4554567449979623
            ],
            [
              114.73768296151042,
              -3.455451390332658
            ],
            [
              114.73768312914846,
              -3.4554512229993657
            ],
            [
              114.73769369034646,
              -3.4554512229993657
            ],
            [
              114.73769369034646,
              -3.4554460356673222
            ],
            [
              114.73769385798452,
              -3.455445868334031
            ],
            [
              114.73770441918252,
              -3.455445868334031
            ],
            [
              114.73770441918252,
              -3.455440681001957
            ],
            [
              114.73770458682057,
              -3.4554405136686634
            ],
            [
              114.73771531565666,
              -3.4554405136686634
            ],
            [
              114.73771531565666,
              -3.4554353263365605
            ],
            [
              114.7377154832947,
              -3.455435159003267
            ],
            [
              114.7377260444927,
              -3.455435159003267
            ],
            [
              114.7377260444927,
              -3.455429971671135
            ],
            [
              114.73772621213078,
              -3.4554298043378395
            ],
            [
              114.73773677332876,
              -3.4554298043378395
            ],
            [
              114.73773677332876,
              -3.455424617005679
            ],
            [
              114.73773694096681,
              -3.455424449672383
            ],
            [
              114.73775839863895,
              -3.455424449672383
            ],
            [
              114.73775839863895,
              -3.455419095006895
            ],
            [
              114.73775856627702,
              -3.4554189276735987
            ],
            [
              114.737769127475,
              -3.4554189276735987
            ],
            [
              114.73776929511308,
              -3.455419095006895
            ],
            [
              114.73776929511308,
              -3.455424449672383
            ],
            [
              114.73781221045732,
              -3.455424449672383
            ],
            [
              114.73781237809537,
              -3.455424617005679
            ],
            [
              114.73781237809537,
              -3.4554298043378395
            ],
            [
              114.73782310693144,
              -3.4554298043378395
            ],
            [
              114.73782327456951,
              -3.455429971671135
            ],
            [
              114.73782327456951,
              -3.455445868334031
            ],
            [
              114.73782847134947,
              -3.455445868334031
            ],
            [
              114.73782847134947,
              -3.455424617005679
            ],
            [
              114.73782327456951,
              -3.455424617005679
            ],
            [
              114.73782310693144,
              -3.455424449672383
            ],
            [
              114.73782310693144,
              -3.4553600263512325
            ],
            [
              114.73782327456951,
              -3.4553598590179257
            ],
            [
              114.73782847134947,
              -3.4553598590179257
            ],
            [
              114.73782847134947,
              -3.45534379502028
            ],
            [
              114.73782863898754,
              -3.455343627686969
            ],
            [
              114.7378338357675,
              -3.455343627686969
            ],
            [
              114.7378338357675,
              -3.4553330856883644
            ],
            [
              114.73783400340555,
              -3.4553329183550523
            ],
            [
              114.73783920018553,
              -3.4553329183550523
            ],
            [
              114.73783920018553,
              -3.455322376356328
            ],
            [
              114.73783936782358,
              -3.455322209023014
            ],
            [
              114.73784456460355,
              -3.455322209023014
            ],
            [
              114.73784456460355,
              -3.4553061450247307
            ],
            [
              114.73784473224161,
              -3.4553059776914132
            ],
            [
              114.73784992902158,
              -3.4553059776914132
            ],
            [
              114.73784992902158,
              -3.4552793716936536
            ],
            [
              114.73785009665964,
              -3.4552792043603318
            ],
            [
              114.73785546107769,
              -3.4552792043603318
            ],
            [
              114.73785546107769,
              -3.4552631403613203
            ],
            [
              114.73785562871575,
              -3.4552629730279962
            ],
            [
              114.73786082549572,
              -3.4552629730279962
            ],
            [
              114.73786082549572,
              -3.455257785694923
            ],
            [
              114.73786099313376,
              -3.455257618361597
            ],
            [
              114.73786618991375,
              -3.455257618361597
            ],
            [
              114.73786618991375,
              -3.455247076362037
            ],
            [
              114.7378663575518,
              -3.4552469090287095
            ],
            [
              114.73787155433176,
              -3.4552469090287095
            ],
            [
              114.73787155433176,
              -3.4552417216955487
            ],
            [
              114.73787172196982,
              -3.455241554362221
            ],
            [
              114.73794162704228,
              -3.455241554362221
            ],
            [
              114.73794162704228,
              -3.4552361996957006
            ],
            [
              114.73794179468035,
              -3.455236032362372
            ],
            [
              114.73795235587835,
              -3.455236032362372
            ],
            [
              114.73795235587835,
              -3.4552308450291513
            ],
            [
              114.73795252351641,
              -3.455230677695821
            ],
            [
              114.73796861677049,
              -3.455230677695821
            ],
            [
              114.73796861677049,
              -3.4552254903625714
            ],
            [
              114.73796878440857,
              -3.4552253230292402
            ],
            [
              114.73800633533477,
              -3.4552253230292402
            ],
            [
              114.73800633533477,
              -3.4552201356959618
            ],
            [
              114.73800650297284,
              -3.4552199683626292
            ],
            [
              114.73802242858885,
              -3.4552199683626292
            ],
            [
              114.73802242858885,
              -3.455214781029321
            ],
            [
              114.73802259622694,
              -3.455214613695988
            ],
            [
              114.73803315742491,
              -3.455214613695988
            ],
            [
              114.73803315742491,
              -3.4552094263626505
            ],
            [
              114.73803332506296,
              -3.4552092590293166
            ],
            [
              114.73804405389902,
              -3.4552092590293166
            ],
            [
              114.73804405389902,
              -3.4552039043626155
            ],
            [
              114.7380442215371,
              -3.45520373702928
            ],
            [
              114.73806014715312,
              -3.45520373702928
            ],
            [
              114.73806014715312,
              -3.455198549695883
            ],
            [
              114.73806031479117,
              -3.455198382362547
            ],
            [
              114.73807104362726,
              -3.455198382362547
            ],
            [
              114.73807104362726,
              -3.4551931950291213
            ],
            [
              114.73807121126531,
              -3.455193027695784
            ],
            [
              114.7380817724633,
              -3.455193027695784
            ],
            [
              114.7380817724633,
              -3.4551878403623286
            ],
            [
              114.73808194010137,
              -3.4551876730289908
            ],
            [
              114.73809250129936,
              -3.4551876730289908
            ],
            [
              114.73809250129936,
              -3.455182485695506
            ],
            [
              114.73809266893741,
              -3.4551823183621675
            ],
            [
              114.73810323013544,
              -3.4551823183621675
            ],
            [
              114.73810323013544,
              -3.455177131028653
            ],
            [
              114.7381033977735,
              -3.455176963695314
            ],
            [
              114.73814648075579,
              -3.455176963695314
            ],
            [
              114.73814648075579,
              -3.4551717763617704
            ],
            [
              114.73814664839384,
              -3.45517160902843
            ],
            [
              114.73815184517383,
              -3.45517160902843
            ],
            [
              114.7381520128119,
              -3.4551717763617704
            ],
            [
              114.7381520128119,
              -3.455176963695314
            ],
            [
              114.73816257400989,
              -3.455176963695314
            ],
            [
              114.73816274164794,
              -3.455177131028653
            ],
            [
              114.73816274164794,
              -3.4551823183621675
            ],
            [
              114.73816793842792,
              -3.4551823183621675
            ],
            [
              114.73816810606597,
              -3.455182485695506
            ],
            [
              114.73816810606597,
              -3.4551876730289908
            ],
            [
              114.73817883490203,
              -3.4551876730289908
            ],
            [
              114.73817900254008,
              -3.4551878403623286
            ],
            [
              114.73817900254008,
              -3.455193027695784
            ],
            [
              114.73818419932007,
              -3.455193027695784
            ],
            [
              114.73818436695814,
              -3.4551931950291213
            ],
            [
              114.73818436695814,
              -3.455198382362547
            ],
            [
              114.73818956373808,
              -3.455198382362547
            ],
            [
              114.73818973137615,
              -3.455198549695883
            ],
            [
              114.73818973137615,
              -3.4552092590293166
            ],
            [
              114.73819492815613,
              -3.4552092590293166
            ],
            [
              114.73819509579418,
              -3.4552094263626505
            ],
            [
              114.73819509579418,
              -3.455214613695988
            ],
            [
              114.73820029257416,
              -3.455214613695988
            ],
            [
              114.73820046021221,
              -3.455214781029321
            ],
            [
              114.73820046021221,
              -3.4552253230292402
            ],
            [
              114.73820565699218,
              -3.4552253230292402
            ],
            [
              114.73820582463024,
              -3.4552254903625714
            ],
            [
              114.73820582463024,
              -3.455241554362221
            ],
            [
              114.73821102141021,
              -3.455241554362221
            ],
            [
              114.73821118904826,
              -3.4552417216955487
            ],
            [
              114.73821118904826,
              -3.4552469090287095
            ],
            [
              114.73821655346632,
              -3.4552469090287095
            ],
            [
              114.73821672110437,
              -3.455247076362037
            ],
            [
              114.73821672110437,
              -3.455257618361597
            ],
            [
              114.73822191788435,
              -3.455257618361597
            ],
            [
              114.7382220855224,
              -3.455257785694923
            ],
            [
              114.7382220855224,
              -3.4552683276943643
            ],
            [
              114.73822728230238,
              -3.4552683276943643
            ],
            [
              114.73822744994042,
              -3.4552684950276875
            ],
            [
              114.73822744994042,
              -3.4552792043603318
            ],
            [
              114.73823264672039,
              -3.4552792043603318
            ],
            [
              114.73823281435845,
              -3.4552793716936536
            ],
            [
              114.73823281435845,
              -3.4552952683590714
            ],
            [
              114.73823801113842,
              -3.4552952683590714
            ],
            [
              114.7382381787765,
              -3.4552954356923906
            ],
            [
              114.7382381787765,
              -3.4553059776914132
            ],
            [
              114.73824337555645,
              -3.4553059776914132
            ],
            [
              114.7382435431945,
              -3.4553061450247307
            ],
            [
              114.7382435431945,
              -3.45531685435695
            ],
            [
              114.7382487399745,
              -3.45531685435695
            ],
            [
              114.73824890761256,
              -3.4553170216902642
            ],
            [
              114.73824890761256,
              -3.455327563689048
            ],
            [
              114.73825427203059,
              -3.455327563689048
            ],
            [
              114.73825443966864,
              -3.455327731022361
            ],
            [
              114.73825443966864,
              -3.4553382730210256
            ],
            [
              114.7382596364486,
              -3.4553382730210256
            ],
            [
              114.73825980408667,
              -3.455338440354336
            ],
            [
              114.73825980408667,
              -3.4553491496861914
            ],
            [
              114.73826500086663,
              -3.4553491496861914
            ],
            [
              114.73826516850471,
              -3.455349317019501
            ],
            [
              114.73826516850471,
              -3.4553598590179257
            ],
            [
              114.73827036528466,
              -3.4553598590179257
            ],
            [
              114.73827053292274,
              -3.4553600263512325
            ],
            [
              114.73827053292274,
              -3.4553705683495384
            ],
            [
              114.73827572970269,
              -3.4553705683495384
            ],
            [
              114.73827589734077,
              -3.455370735682844
            ],
            [
              114.73827589734077,
              -3.4553812776810306
            ],
            [
              114.73828109412074,
              -3.4553812776810306
            ],
            [
              114.7382812617588,
              -3.4553814450143343
            ],
            [
              114.7382812617588,
              -3.4553975090113425
            ],
            [
              114.73828662617682,
              -3.4553975090113425
            ],
            [
              114.73828679381491,
              -3.4553976763446435
            ],
            [
              114.73828679381491,
              -3.4554189276735987
            ],
            [
              114.73829199059485,
              -3.4554189276735987
            ],
            [
              114.73829215823291,
              -3.455419095006895
            ],
            [
              114.73829215823291,
              -3.455435159003267
            ],
            [
              114.73829735501288,
              -3.455435159003267
            ],
            [
              114.73829752265095,
              -3.4554353263365605
            ],
            [
              114.73829752265095,
              -3.4554512229993657
            ],
            [
              114.7383027194309,
              -3.4554512229993657
            ],
            [
              114.73830288706898,
              -3.455451390332658
            ],
            [
              114.73830288706898,
              -3.455472808993697
            ],
            [
              114.73830808384892,
              -3.455472808993697
            ],
            [
              114.73830825148701,
              -3.4554729763269845
            ],
            [
              114.73830825148701,
              -3.455483518324035
            ],
            [
              114.73831344826698,
              -3.455483518324035
            ],
            [
              114.73831361590503,
              -3.455483685657321
            ],
            [
              114.73831361590503,
              -3.455494394987536
            ],
            [
              114.73831881268501,
              -3.455494394987536
            ],
            [
              114.73831898032306,
              -3.4554945623208204
            ],
            [
              114.73831898032306,
              -3.455505104317631
            ],
            [
              114.73832434474109,
              -3.455505104317631
            ],
            [
              114.73832451237914,
              -3.4555052716509125
            ],
            [
              114.73832451237914,
              -3.4555211683125466
            ],
            [
              114.73832970915913,
              -3.4555211683125466
            ],
            [
              114.7383298767972,
              -3.455521335645825
            ],
            [
              114.7383298767972,
              -3.4555320449756155
            ],
            [
              114.73833507357713,
              -3.4555320449756155
            ],
            [
              114.73833524121522,
              -3.455532212308893
            ],
            [
              114.73833524121522,
              -3.455548108970075
            ],
            [
              114.73834043799516,
              -3.455548108970075
            ],
            [
              114.73834060563324,
              -3.455548276303349
            ],
            [
              114.73834060563324,
              -3.455553463634834
            ],
            [
              114.73834580241322,
              -3.455553463634834
            ],
            [
              114.73834597005127,
              -3.4555536309681076
            ],
            [
              114.73834597005127,
              -3.4555588182995636
            ],
            [
              114.73835116683125,
              -3.4555588182995636
            ],
            [
              114.7383513344693,
              -3.4555589856328357
            ],
            [
              114.7383513344693,
              -3.4555696949622012
            ],
            [
              114.73835653124927,
              -3.4555696949622012
            ],
            [
              114.73835669888733,
              -3.455569862295472
            ],
            [
              114.73835669888733,
              -3.455580404291446
            ],
            [
              114.73836206330537,
              -3.455580404291446
            ],
            [
              114.73836223094344,
              -3.4555805716247145
            ],
            [
              114.73836223094344,
              -3.4555911136205695
            ],
            [
              114.7383674277234,
              -3.4555911136205695
            ],
            [
              114.73836759536145,
              -3.4555912809538367
            ],
            [
              114.73836759536145,
              -3.455601990282838
            ],
            [
              114.73837279214143,
              -3.455601990282838
            ],
            [
              114.73837295977948,
              -3.455602157616102
            ],
            [
              114.73837295977948,
              -3.4556234089404776
            ],
            [
              114.73837815655946,
              -3.4556234089404776
            ],
            [
              114.73837832419751,
              -3.455623576273738
            ],
            [
              114.73837832419751,
              -3.4556341182691157
            ],
            [
              114.73838352097748,
              -3.4556341182691157
            ],
            [
              114.73838368861557,
              -3.4556342856023745
            ],
            [
              114.73838368861557,
              -3.4556557042592853
            ],
            [
              114.73838888539551,
              -3.4556557042592853
            ],
            [
              114.73838905303357,
              -3.455655871592541
            ],
            [
              114.73838905303357,
              -3.455666413587559
            ],
            [
              114.73839441745162,
              -3.455666413587559
            ],
            [
              114.73839458508968,
              -3.455666580920813
            ],
            [
              114.73839458508968,
              -3.455671935584903
            ],
            [
              114.73839978186965,
              -3.455671935584903
            ],
            [
              114.7383999495077,
              -3.4556721029181556
            ],
            [
              114.7383999495077,
              -3.455677290248964
            ],
            [
              114.73840514628768,
              -3.455677290248964
            ],
            [
              114.73840531392572,
              -3.4556774575822153
            ],
            [
              114.73840531392572,
              -3.4556879995769947
            ],
            [
              114.73841051070569,
              -3.4556879995769947
            ],
            [
              114.73841067834375,
              -3.4556881669102433
            ],
            [
              114.73841067834375,
              -3.455698708904904
            ],
            [
              114.7384266039598,
              -3.455698708904904
            ],
            [
              114.73842677159786,
              -3.4556988762381513
            ],
            [
              114.73842677159786,
              -3.4557040635688128
            ],
            [
              114.73843213601589,
              -3.4557040635688128
            ],
            [
              114.73843213601589,
              -3.4556881669102433
            ],
            [
              114.73842677159786,
              -3.4556881669102433
            ],
            [
              114.7384266039598,
              -3.4556879995769947
            ],
            [
              114.7384266039598,
              -3.455682812246245
            ],
            [
              114.7384214071798,
              -3.455682812246245
            ],
            [
              114.73842123954175,
              -3.455682644912994
            ],
            [
              114.73842123954175,
              -3.455650516928359
            ],
            [
              114.7384160427618,
              -3.455650516928359
            ],
            [
              114.73841587512372,
              -3.455650349595103
            ],
            [
              114.73841587512372,
              -3.455618221609375
            ],
            [
              114.73841067834375,
              -3.455618221609375
            ],
            [
              114.73841051070569,
              -3.455618054276113
            ],
            [
              114.73841051070569,
              -3.4556128669449806
            ],
            [
              114.73840531392572,
              -3.4556128669449806
            ],
            [
              114.73840514628768,
              -3.4556126996117182
            ],
            [
              114.73840514628768,
              -3.455602157616102
            ],
            [
              114.7383999495077,
              -3.455602157616102
            ],
            [
              114.73839978186965,
              -3.455601990282838
            ],
            [
              114.73839978186965,
              -3.4555912809538367
            ],
            [
              114.73839458508968,
              -3.4555912809538367
            ],
            [
              114.73839441745162,
              -3.4555911136205695
            ],
            [
              114.73839441745162,
              -3.455575216960108
            ],
            [
              114.73838905303357,
              -3.455575216960108
            ],
            [
              114.73838888539551,
              -3.455575049626839
            ],
            [
              114.73838888539551,
              -3.455569862295472
            ],
            [
              114.73838368861557,
              -3.455569862295472
            ],
            [
              114.73838352097748,
              -3.4555696949622012
            ],
            [
              114.73838352097748,
              -3.4555536309681076
            ],
            [
              114.73837832419751,
              -3.4555536309681076
            ],
            [
              114.73837815655946,
              -3.455553463634834
            ],
            [
              114.73837815655946,
              -3.455542921638561
            ],
            [
              114.73837295977948,
              -3.455542921638561
            ],
            [
              114.73837279214143,
              -3.4555427543052857
            ],
            [
              114.73837279214143,
              -3.4555266903107356
            ],
            [
              114.73836759536145,
              -3.4555266903107356
            ],
            [
              114.7383674277234,
              -3.455526522977457
            ],
            [
              114.7383674277234,
              -3.455515980980884
            ],
            [
              114.73836223094344,
              -3.455515980980884
            ],
            [
              114.73836206330537,
              -3.4555158136476045
            ],
            [
              114.73836206330537,
              -3.4554945623208204
            ],
            [
              114.73835669888733,
              -3.4554945623208204
            ],
            [
              114.73835653124927,
              -3.455494394987536
            ],
            [
              114.73835653124927,
              -3.4554729763269845
            ],
            [
              114.7383513344693,
              -3.4554729763269845
            ],
            [
              114.73835116683125,
              -3.455472808993697
            ],
            [
              114.73835116683125,
              -3.455456912331253
            ],
            [
              114.73834597005127,
              -3.455456912331253
            ],
            [
              114.73834580241322,
              -3.4554567449979623
            ],
            [
              114.73834580241322,
              -3.4554460356673222
            ],
            [
              114.73834060563324,
              -3.4554460356673222
            ],
            [
              114.73834043799516,
              -3.455445868334031
            ],
            [
              114.73834043799516,
              -3.4554353263365605
            ],
            [
              114.73833524121522,
              -3.4554353263365605
            ],
            [
              114.73833507357713,
              -3.455435159003267
            ],
            [
              114.73833507357713,
              -3.455424617005679
            ],
            [
              114.7383298767972,
              -3.455424617005679
            ],
            [
              114.73832970915913,
              -3.455424449672383
            ],
            [
              114.73832970915913,
              -3.4554137403413776
            ],
            [
              114.73832451237914,
              -3.4554137403413776
            ],
            [
              114.73832434474109,
              -3.45541357300808
            ],
            [
              114.73832434474109,
              -3.4554030310102513
            ],
            [
              114.73831898032306,
              -3.4554030310102513
            ],
            [
              114.73831881268501,
              -3.4554028636769525
            ],
            [
              114.73831881268501,
              -3.4553814450143343
            ],
            [
              114.73831361590503,
              -3.4553814450143343
            ],
            [
              114.73831344826698,
              -3.4553812776810306
            ],
            [
              114.73831344826698,
              -3.455370735682844
            ],
            [
              114.73830825148701,
              -3.455370735682844
            ],
            [
              114.73830808384892,
              -3.4553705683495384
            ],
            [
              114.73830808384892,
              -3.455349317019501
            ],
            [
              114.73830288706898,
              -3.455349317019501
            ],
            [
              114.7383027194309,
              -3.4553491496861914
            ],
            [
              114.7383027194309,
              -3.455338440354336
            ],
            [
              114.73829752265095,
              -3.455338440354336
            ],
            [
              114.73829735501288,
              -3.4553382730210256
            ],
            [
              114.73829735501288,
              -3.455327731022361
            ],
            [
              114.73829215823291,
              -3.455327731022361
            ],
            [
              114.73829199059485,
              -3.455327563689048
            ],
            [
              114.73829199059485,
              -3.455311499690855
            ],
            [
              114.73828679381491,
              -3.455311499690855
            ],
            [
              114.73828662617682,
              -3.4553113323575393
            ],
            [
              114.73828662617682,
              -3.455300790358575
            ],
            [
              114.7382812617588,
              -3.455300790358575
            ],
            [
              114.73828109412074,
              -3.455300623025258
            ],
            [
              114.73828109412074,
              -3.4552847263599293
            ],
            [
              114.73827589734077,
              -3.4552847263599293
            ],
            [
              114.73827572970269,
              -3.455284559026609
            ],
            [
              114.73827572970269,
              -3.455273849694025
            ],
            [
              114.73827053292274,
              -3.455273849694025
            ],
            [
              114.73827036528466,
              -3.4552736823607026
            ],
            [
              114.73827036528466,
              -3.4552631403613203
            ],
            [
              114.73826516850471,
              -3.4552631403613203
            ],
            [
              114.73826500086663,
              -3.4552629730279962
            ],
            [
              114.73826500086663,
              -3.455257785694923
            ],
            [
              114.73825980408667,
              -3.455257785694923
            ],
            [
              114.7382596364486,
              -3.455257618361597
            ],
            [
              114.7382596364486,
              -3.4552417216955487
            ],
            [
              114.73825443966864,
              -3.4552417216955487
            ],
            [
              114.73825427203059,
              -3.455241554362221
            ],
            [
              114.73825427203059,
              -3.4552308450291513
            ],
            [
              114.73824890761256,
              -3.4552308450291513
            ],
            [
              114.7382487399745,
              -3.455230677695821
            ],
            [
              114.7382487399745,
              -3.4552201356959618
            ],
            [
              114.7382435431945,
              -3.4552201356959618
            ],
            [
              114.73824337555645,
              -3.4552199683626292
            ],
            [
              114.73824337555645,
              -3.4552094263626505
            ],
            [
              114.7382381787765,
              -3.4552094263626505
            ],
            [
              114.73823801113842,
              -3.4552092590293166
            ],
            [
              114.73823801113842,
              -3.455198549695883
            ],
            [
              114.73823281435845,
              -3.455198549695883
            ],
            [
              114.73823264672039,
              -3.455198382362547
            ],
            [
              114.73823264672039,
              -3.4551931950291213
            ],
            [
              114.73822744994042,
              -3.4551931950291213
            ],
            [
              114.73822728230238,
              -3.455193027695784
            ],
            [
              114.73822728230238,
              -3.455182485695506
            ],
            [
              114.7382220855224,
              -3.455182485695506
            ],
            [
              114.73822191788435,
              -3.4551823183621675
            ],
            [
              114.73822191788435,
              -3.4551608996945715
            ],
            [
              114.73821672110437,
              -3.4551608996945715
            ],
            [
              114.73821655346632,
              -3.4551607323612297
            ],
            [
              114.73821655346632,
              -3.4551339590260493
            ],
            [
              114.73821118904826,
              -3.4551339590260493
            ],
            [
              114.73821102141021,
              -3.455133791692702
            ],
            [
              114.73821102141021,
              -3.455123249691766
            ],
            [
              114.73820582463024,
              -3.455123249691766
            ],
            [
              114.73820565699218,
              -3.455123082358417
            ],
            [
              114.73820565699218,
              -3.4551071856901148
            ],
            [
              114.73820046021221,
              -3.4551071856901148
            ],
            [
              114.73820029257416,
              -3.4551070183567623
            ],
            [
              114.73820029257416,
              -3.4550855996874663
            ],
            [
              114.73819509579418,
              -3.4550855996874663
            ],
            [
              114.73819492815613,
              -3.4550854323541116
            ],
            [
              114.73819492815613,
              -3.4550479496816746
            ],
            [
              114.73819509579418,
              -3.4550477823483123
            ],
            [
              114.73820029257416,
              -3.4550477823483123
            ],
            [
              114.73820029257416,
              -3.455042595014063
            ],
            [
              114.73820046021221,
              -3.455042427680699
            ],
            [
              114.73821655346632,
              -3.455042427680699
            ],
            [
              114.73821655346632,
              -3.4550318856787485
            ],
            [
              114.73821672110437,
              -3.4550317183453827
            ],
            [
              114.73822191788435,
              -3.4550317183453827
            ],
            [
              114.73822191788435,
              -3.4550210090099456
            ],
            [
              114.7382220855224,
              -3.4550208416765784
            ],
            [
              114.7382596364486,
              -3.4550208416765784
            ],
            [
              114.7382596364486,
              -3.455015654342182
            ],
            [
              114.73825980408667,
              -3.4550154870088137
            ],
            [
              114.73826500086663,
              -3.4550154870088137
            ],
            [
              114.73826500086663,
              -3.455010299674388
            ],
            [
              114.73826516850471,
              -3.4550101323410187
            ],
            [
              114.73827036528466,
              -3.4550101323410187
            ],
            [
              114.73827036528466,
              -3.455004945006564
            ],
            [
              114.73827053292274,
              -3.4550047776731936
            ],
            [
              114.73828109412074,
              -3.4550047776731936
            ],
            [
              114.73828109412074,
              -3.454999590338709
            ],
            [
              114.7382812617588,
              -3.4549994230053382
            ],
            [
              114.73830808384892,
              -3.4549994230053382
            ],
            [
              114.73830808384892,
              -3.4549942356708248
            ],
            [
              114.73830825148701,
              -3.4549940683374523
            ],
            [
              114.73831881268501,
              -3.4549940683374523
            ],
            [
              114.73831881268501,
              -3.4549887136695365
            ],
            [
              114.73831898032306,
              -3.4549885463361636
            ],
            [
              114.73835653124927,
              -3.4549885463361636
            ],
            [
              114.73835653124927,
              -3.45498335900159
            ],
            [
              114.73835669888733,
              -3.4549831916682168
            ],
            [
              114.73837279214143,
              -3.4549831916682168
            ],
            [
              114.73837279214143,
              -3.4549780043336145
            ],
            [
              114.73837295977948,
              -3.4549778370002397
            ],
            [
              114.73838352097748,
              -3.4549778370002397
            ],
            [
              114.73838352097748,
              -3.4549726496656077
            ],
            [
              114.73838368861557,
              -3.4549724823322316
            ],
            [
              114.73840514628768,
              -3.4549724823322316
            ],
            [
              114.73840514628768,
              -3.454967294997571
            ],
            [
              114.73840531392572,
              -3.4549671276641942
            ],
            [
              114.73842123954175,
              -3.4549671276641942
            ],
            [
              114.73842123954175,
              -3.4549619403295035
            ],
            [
              114.7384214071798,
              -3.454961772996126
            ],
            [
              114.73843213601589,
              -3.454961772996126
            ],
            [
              114.73843213601589,
              -3.454956585661407
            ],
            [
              114.73843230365394,
              -3.4549564183280284
            ],
            [
              114.7384375004339,
              -3.4549564183280284
            ],
            [
              114.7384375004339,
              -3.4549510636599
            ],
            [
              114.73843766807197,
              -3.4549508963265203
            ],
            [
              114.73845359368799,
              -3.4549508963265203
            ],
            [
              114.73845359368799,
              -3.4549457089917417
            ],
            [
              114.73845376132604,
              -3.454945541658361
            ],
            [
              114.73846432252407,
              -3.454945541658361
            ],
            [
              114.73846432252407,
              -3.454940354323552
            ],
            [
              114.73846449016212,
              -3.454940186990171
            ],
            [
              114.73847521899818,
              -3.454940186990171
            ],
            [
              114.73847521899818,
              -3.4549349996553342
            ],
            [
              114.73847538663622,
              -3.454934832321951
            ],
            [
              114.73848594783422,
              -3.454934832321951
            ],
            [
              114.73848594783422,
              -3.4549296449870845
            ],
            [
              114.73848611547231,
              -3.4549294776537014
            ],
            [
              114.73849667667031,
              -3.4549294776537014
            ],
            [
              114.73849667667031,
              -3.454924290318805
            ],
            [
              114.73849684430836,
              -3.45492412298542
            ],
            [
              114.73850757314442,
              -3.45492412298542
            ],
            [
              114.73850757314442,
              -3.4549187683171105
            ],
            [
              114.7385077407825,
              -3.4549186009837247
            ],
            [
              114.73852366639852,
              -3.4549186009837247
            ],
            [
              114.73852366639852,
              -3.4549134136487694
            ],
            [
              114.73852383403657,
              -3.4549132463153835
            ],
            [
              114.73853439523457,
              -3.4549132463153835
            ],
            [
              114.73853439523457,
              -3.4549080589803984
            ],
            [
              114.73853456287263,
              -3.4549078916470113
            ],
            [
              114.73853992729066,
              -3.4549078916470113
            ],
            [
              114.73853992729066,
              -3.4549027043119978
            ],
            [
              114.73854009492874,
              -3.4549025369786097
            ],
            [
              114.7385506561267,
              -3.4549025369786097
            ],
            [
              114.7385506561267,
              -3.454897349643566
            ],
            [
              114.73855082376478,
              -3.4548971823101766
            ],
            [
              114.73855602054476,
              -3.4548971823101766
            ],
            [
              114.73855602054476,
              -3.454891994975104
            ],
            [
              114.73855618818281,
              -3.4548918276417147
            ],
            [
              114.73856674938081,
              -3.4548918276417147
            ],
            [
              114.73856674938081,
              -3.454886640306613
            ],
            [
              114.73856691701887,
              -3.454886472973221
            ],
            [
              114.73857764585495,
              -3.454886472973221
            ],
            [
              114.73857764585495,
              -3.4548811183046992
            ],
            [
              114.738577813493,
              -3.4548809509713068
            ],
            [
              114.73859373910902,
              -3.4548809509713068
            ],
            [
              114.73859373910902,
              -3.454875763636146
            ],
            [
              114.7385939067471,
              -3.454875596302753
            ],
            [
              114.7386153644192,
              -3.454875596302753
            ],
            [
              114.7386153644192,
              -3.454870408967562
            ],
            [
              114.73861553205727,
              -3.4548702416341683
            ],
            [
              114.73863682209134,
              -3.4548702416341683
            ],
            [
              114.73863682209134,
              -3.4548650542989483
            ],
            [
              114.7386369897294,
              -3.454864886965554
            ],
            [
              114.73865308298348,
              -3.454864886965554
            ],
            [
              114.73865308298348,
              -3.4548596996303047
            ],
            [
              114.73865325062152,
              -3.454859532296909
            ],
            [
              114.73867454065561,
              -3.454859532296909
            ],
            [
              114.73867454065561,
              -3.4548543449616305
            ],
            [
              114.73867470829366,
              -3.454854177628234
            ],
            [
              114.73868543712972,
              -3.454854177628234
            ],
            [
              114.73868543712972,
              -3.454848990292927
            ],
            [
              114.73868560476777,
              -3.4548488229595287
            ],
            [
              114.73869080154776,
              -3.4548488229595287
            ],
            [
              114.73869080154776,
              -3.4548434682907936
            ],
            [
              114.73869096918582,
              -3.454843300957395
            ],
            [
              114.73870689480185,
              -3.454843300957395
            ],
            [
              114.73870689480185,
              -3.454838113622028
            ],
            [
              114.7387070624399,
              -3.454837946288629
            ],
            [
              114.73871779127596,
              -3.454837946288629
            ],
            [
              114.73871779127596,
              -3.4548327589532324
            ],
            [
              114.73871795891401,
              -3.454832591619832
            ],
            [
              114.73872852011203,
              -3.454832591619832
            ],
            [
              114.73872852011203,
              -3.4548274042844063
            ],
            [
              114.73872868775008,
              -3.4548272369510054
            ],
            [
              114.73873924894808,
              -3.4548272369510054
            ],
            [
              114.73873924894808,
              -3.4548220496155504
            ],
            [
              114.73873941658614,
              -3.4548218822821477
            ],
            [
              114.73874461336611,
              -3.4548218822821477
            ],
            [
              114.73874461336611,
              -3.4548166949466634
            ],
            [
              114.73874478100417,
              -3.4548165276132607
            ],
            [
              114.73875550984025,
              -3.4548165276132607
            ],
            [
              114.73875550984025,
              -3.4548111729443423
            ],
            [
              114.7387556774783,
              -3.4548110056109387
            ],
            [
              114.73876087425828,
              -3.4548110056109387
            ],
            [
              114.73876087425828,
              -3.454805818275396
            ],
            [
              114.73876104189632,
              -3.45480565094199
            ],
            [
              114.73876623867629,
              -3.45480565094199
            ],
            [
              114.73876623867629,
              -3.454800463606417
            ],
            [
              114.73876640631435,
              -3.4548002962730116
            ],
            [
              114.73877160309432,
              -3.4548002962730116
            ],
            [
              114.73877160309432,
              -3.454795108937409
            ],
            [
              114.73877177073238,
              -3.454794941604002
            ],
            [
              114.73878233193038,
              -3.454794941604002
            ],
            [
              114.73878233193038,
              -3.4547897542683703
            ],
            [
              114.73878249956843,
              -3.4547895869349623
            ],
            [
              114.7387932284045,
              -3.4547895869349623
            ],
            [
              114.7387932284045,
              -3.454784399599302
            ],
            [
              114.7387933960426,
              -3.454784232265893
            ],
            [
              114.73879859282253,
              -3.454784232265893
            ],
            [
              114.73879859282253,
              -3.454779044930203
            ],
            [
              114.7387987604606,
              -3.4547788775967936
            ],
            [
              114.7388093216586,
              -3.4547788775967936
            ],
            [
              114.7388093216586,
              -3.4547735229276633
            ],
            [
              114.73880948929667,
              -3.4547733555942526
            ],
            [
              114.73882558255075,
              -3.4547733555942526
            ],
            [
              114.73882558255075,
              -3.4547681682585027
            ],
            [
              114.73882575018882,
              -3.454768000925091
            ],
            [
              114.7388363113868,
              -3.454768000925091
            ],
            [
              114.7388363113868,
              -3.4547628135893125
            ],
            [
              114.73883647902488,
              -3.4547626462558996
            ],
            [
              114.73885776905894,
              -3.4547626462558996
            ],
            [
              114.73885776905894,
              -3.454757458920092
            ],
            [
              114.73885793669699,
              -3.454757291586678
            ],
            [
              114.73886866553306,
              -3.454757291586678
            ],
            [
              114.73886866553306,
              -3.45475210425084
            ],
            [
              114.73886883317113,
              -3.4547519369174267
            ],
            [
              114.73888475878715,
              -3.4547519369174267
            ],
            [
              114.73888475878715,
              -3.45474674958156
            ],
            [
              114.7388849264252,
              -3.4547465822481445
            ],
            [
              114.7389010196793,
              -3.4547465822481445
            ],
            [
              114.7389010196793,
              -3.454741394912248
            ],
            [
              114.73890118731737,
              -3.454741227578832
            ],
            [
              114.73891711293338,
              -3.454741227578832
            ],
            [
              114.73891711293338,
              -3.4547358729094895
            ],
            [
              114.73891728057144,
              -3.454735705576072
            ],
            [
              114.73893873824358,
              -3.454735705576072
            ],
            [
              114.73893873824358,
              -3.454730518240117
            ],
            [
              114.73893890588162,
              -3.4547303509066984
            ],
            [
              114.73896019591568,
              -3.4547303509066984
            ],
            [
              114.73896019591568,
              -3.4547251635707137
            ],
            [
              114.73896036355373,
              -3.4547249962372946
            ],
            [
              114.7390141753721,
              -3.4547249962372946
            ],
            [
              114.7390141753721,
              -3.454719808901281
            ],
            [
              114.73901434301018,
              -3.4547196415678605
            ],
            [
              114.73905725835439,
              -3.4547196415678605
            ],
            [
              114.73905742599247,
              -3.454719808901281
            ],
            [
              114.73905742599247,
              -3.4547249962372946
            ],
            [
              114.73906262277245,
              -3.4547249962372946
            ],
            [
              114.73906262277245,
              -3.454719808901281
            ],
            [
              114.7390627904105,
              -3.4547196415678605
            ],
            [
              114.73906798719047,
              -3.4547196415678605
            ],
            [
              114.73906798719047,
              -3.4547144542318176
            ],
            [
              114.73906815482856,
              -3.4547142868983967
            ],
            [
              114.7390733516085,
              -3.4547142868983967
            ],
            [
              114.7390733516085,
              -3.4547090995623244
            ],
            [
              114.73907351924656,
              -3.4547089322289017
            ],
            [
              114.73907888366458,
              -3.4547089322289017
            ],
            [
              114.73907888366458,
              -3.4547035775593775
            ],
            [
              114.73907905130267,
              -3.454703410225954
            ],
            [
              114.73908424808263,
              -3.454703410225954
            ],
            [
              114.73908424808263,
              -3.4546982228898226
            ],
            [
              114.73908441572068,
              -3.454698055556398
            ],
            [
              114.73908961250063,
              -3.454698055556398
            ],
            [
              114.73908961250063,
              -3.4546928682202376
            ],
            [
              114.73908978013871,
              -3.4546927008868122
            ],
            [
              114.73909497691868,
              -3.4546927008868122
            ],
            [
              114.73909497691868,
              -3.4546875135506223
            ],
            [
              114.73909514455674,
              -3.454687346217196
            ],
            [
              114.73910034133671,
              -3.454687346217196
            ],
            [
              114.73910034133671,
              -3.454682158880977
            ],
            [
              114.73910050897479,
              -3.4546819915475497
            ],
            [
              114.73910570575474,
              -3.4546819915475497
            ],
            [
              114.73910570575474,
              -3.4544023773499735
            ]
          ],
          [
            [
              114.7372626928854,
              -3.4543054912622977
            ],
            [
              114.7372626928854,
              -3.4543162006058084
            ],
            [
              114.7372625252473,
              -3.4543163679392994
            ],
            [
              114.73725732846736,
              -3.4543163679392994
            ],
            [
              114.73725732846736,
              -3.454353850640629
            ],
            [
              114.73725716082929,
              -3.4543540179741137
            ],
            [
              114.73725196404934,
              -3.4543540179741137
            ],
            [
              114.73725196404934,
              -3.454402210016497
            ],
            [
              114.73725716082929,
              -3.454402210016497
            ],
            [
              114.73725732846736,
              -3.4544023773499735
            ],
            [
              114.73725732846736,
              -3.4544237960346877
            ],
            [
              114.7372625252473,
              -3.4544237960346877
            ],
            [
              114.7372626928854,
              -3.4544239633681606
            ],
            [
              114.7372626928854,
              -3.454439860047906
            ],
            [
              114.73726788966536,
              -3.454439860047906
            ],
            [
              114.73726788966536,
              -3.4543054912622977
            ]
          ],
          [
            [
              114.7382812617588,
              -3.4541172410636687
            ],
            [
              114.7382812617588,
              -3.4541224284029752
            ],
            [
              114.73828109412074,
              -3.4541225957365005
            ],
            [
              114.73824890761256,
              -3.4541225957365005
            ],
            [
              114.73824890761256,
              -3.454127783075778
            ],
            [
              114.7382487399745,
              -3.454127950409303
            ],
            [
              114.7382381787765,
              -3.454127950409303
            ],
            [
              114.7382381787765,
              -3.454133305082075
            ],
            [
              114.73823801113842,
              -3.4541334724155988
            ],
            [
              114.73823281435845,
              -3.4541334724155988
            ],
            [
              114.73823281435845,
              -3.4541386597548165
            ],
            [
              114.73823264672039,
              -3.4541388270883395
            ],
            [
              114.7382220855224,
              -3.4541388270883395
            ],
            [
              114.7382220855224,
              -3.4541440144275284
            ],
            [
              114.73822191788435,
              -3.4541441817610505
            ],
            [
              114.73821118904826,
              -3.4541441817610505
            ],
            [
              114.73821118904826,
              -3.45414936910021
            ],
            [
              114.73821102141021,
              -3.4541495364337305
            ],
            [
              114.73820582463024,
              -3.4541495364337305
            ],
            [
              114.73820582463024,
              -3.4541654331180727
            ],
            [
              114.73820565699218,
              -3.454165600451591
            ],
            [
              114.73820046021221,
              -3.454165600451591
            ],
            [
              114.73820046021221,
              -3.4541709551241504
            ],
            [
              114.73820029257416,
              -3.454171122457667
            ],
            [
              114.73819509579418,
              -3.454171122457667
            ],
            [
              114.73819509579418,
              -3.4541763097966802
            ],
            [
              114.73819492815613,
              -3.4541764771301957
            ],
            [
              114.73818973137615,
              -3.4541764771301957
            ],
            [
              114.73818973137615,
              -3.454187019141648
            ],
            [
              114.73818956373808,
              -3.4541871864751625
            ],
            [
              114.73817900254008,
              -3.4541871864751625
            ],
            [
              114.73817900254008,
              -3.4541923738140867
            ],
            [
              114.73817883490203,
              -3.4541925411476004
            ],
            [
              114.738173470484,
              -3.4541925411476004
            ],
            [
              114.738173470484,
              -3.4541977284864953
            ],
            [
              114.73817330284594,
              -3.4541978958200077
            ],
            [
              114.73816810606597,
              -3.4541978958200077
            ],
            [
              114.73816810606597,
              -3.454224669181593
            ],
            [
              114.73816793842792,
              -3.4542248365151003
            ],
            [
              114.73816274164794,
              -3.4542248365151003
            ],
            [
              114.73816274164794,
              -3.454321555277518
            ],
            [
              114.73816793842792,
              -3.454321555277518
            ],
            [
              114.73816810606597,
              -3.4543217226110086
            ],
            [
              114.73816810606597,
              -3.4543376192924673
            ],
            [
              114.73816793842792,
              -3.454337786625955
            ],
            [
              114.73816274164794,
              -3.454337786625955
            ],
            [
              114.73816274164794,
              -3.4544668007361317
            ],
            [
              114.73816793842792,
              -3.4544668007361317
            ],
            [
              114.73816810606597,
              -3.454466968069596
            ],
            [
              114.73816810606597,
              -3.454488219419392
            ],
            [
              114.73817883490203,
              -3.454488219419392
            ],
            [
              114.73817883490203,
              -3.454472322740456
            ],
            [
              114.73817900254008,
              -3.4544721554069917
            ],
            [
              114.73818419932007,
              -3.4544721554069917
            ],
            [
              114.73818419932007,
              -3.4544239633681606
            ],
            [
              114.73818436695814,
              -3.4544237960346877
            ],
            [
              114.73818956373808,
              -3.4544237960346877
            ],
            [
              114.73818956373808,
              -3.4544023773499735
            ],
            [
              114.73818973137615,
              -3.454402210016497
            ],
            [
              114.73819492815613,
              -3.454402210016497
            ],
            [
              114.73819492815613,
              -3.4543754366599195
            ],
            [
              114.73818973137615,
              -3.4543754366599195
            ],
            [
              114.73818956373808,
              -3.4543752693264387
            ],
            [
              114.73818956373808,
              -3.4543540179741137
            ],
            [
              114.73818436695814,
              -3.4543540179741137
            ],
            [
              114.73818419932007,
              -3.454353850640629
            ],
            [
              114.73818419932007,
              -3.4543324319543363
            ],
            [
              114.73818436695814,
              -3.4543322646208474
            ],
            [
              114.73818956373808,
              -3.4543322646208474
            ],
            [
              114.73818956373808,
              -3.454262486553545
            ],
            [
              114.73818973137615,
              -3.4542623192200446
            ],
            [
              114.73819492815613,
              -3.4542623192200446
            ],
            [
              114.73819492815613,
              -3.4542248365151003
            ],
            [
              114.73819509579418,
              -3.454224669181593
            ],
            [
              114.73820029257416,
              -3.454224669181593
            ],
            [
              114.73820029257416,
              -3.4542032504923856
            ],
            [
              114.73820046021221,
              -3.4542030831588737
            ],
            [
              114.73820565699218,
              -3.4542030831588737
            ],
            [
              114.73820565699218,
              -3.4541925411476004
            ],
            [
              114.73820582463024,
              -3.4541923738140867
            ],
            [
              114.73821102141021,
              -3.4541923738140867
            ],
            [
              114.73821102141021,
              -3.4541871864751625
            ],
            [
              114.73821118904826,
              -3.454187019141648
            ],
            [
              114.73822191788435,
              -3.454187019141648
            ],
            [
              114.73822191788435,
              -3.4541818318026944
            ],
            [
              114.7382220855224,
              -3.454181664469179
            ],
            [
              114.73822728230238,
              -3.454181664469179
            ],
            [
              114.73822728230238,
              -3.4541764771301957
            ],
            [
              114.73822744994042,
              -3.4541763097966802
            ],
            [
              114.73824337555645,
              -3.4541763097966802
            ],
            [
              114.73824337555645,
              -3.454171122457667
            ],
            [
              114.7382435431945,
              -3.4541709551241504
            ],
            [
              114.7382487399745,
              -3.4541709551241504
            ],
            [
              114.7382487399745,
              -3.454165600451591
            ],
            [
              114.73824890761256,
              -3.4541654331180727
            ],
            [
              114.73827036528466,
              -3.4541654331180727
            ],
            [
              114.73827036528466,
              -3.4541602457790006
            ],
            [
              114.73827053292274,
              -3.4541600784454825
            ],
            [
              114.73831344826698,
              -3.4541600784454825
            ],
            [
              114.73831344826698,
              -3.4541548911063806
            ],
            [
              114.73831361590503,
              -3.454154723772861
            ],
            [
              114.73837815655946,
              -3.454154723772861
            ],
            [
              114.73837832419751,
              -3.4541548911063806
            ],
            [
              114.73837832419751,
              -3.4541600784454825
            ],
            [
              114.73839978186965,
              -3.4541600784454825
            ],
            [
              114.7383999495077,
              -3.4541602457790006
            ],
            [
              114.7383999495077,
              -3.4541654331180727
            ],
            [
              114.7384375004339,
              -3.4541654331180727
            ],
            [
              114.73843766807197,
              -3.454165600451591
            ],
            [
              114.73843766807197,
              -3.4541709551241504
            ],
            [
              114.73846432252407,
              -3.4541709551241504
            ],
            [
              114.73846449016212,
              -3.454171122457667
            ],
            [
              114.73846449016212,
              -3.4541763097966802
            ],
            [
              114.73848594783422,
              -3.4541763097966802
            ],
            [
              114.73848611547231,
              -3.4541764771301957
            ],
            [
              114.73848611547231,
              -3.454181664469179
            ],
            [
              114.73851293756246,
              -3.454181664469179
            ],
            [
              114.73851310520052,
              -3.4541818318026944
            ],
            [
              114.73851310520052,
              -3.454187019141648
            ],
            [
              114.73852366639852,
              -3.454187019141648
            ],
            [
              114.73852366639852,
              -3.4541818318026944
            ],
            [
              114.73852383403657,
              -3.454181664469179
            ],
            [
              114.7385452917087,
              -3.454181664469179
            ],
            [
              114.73854545934677,
              -3.4541818318026944
            ],
            [
              114.73854545934677,
              -3.454187019141648
            ],
            [
              114.73858837469099,
              -3.454187019141648
            ],
            [
              114.73858854232905,
              -3.4541871864751625
            ],
            [
              114.73858854232905,
              -3.4541923738140867
            ],
            [
              114.73862609325529,
              -3.4541923738140867
            ],
            [
              114.73862626089334,
              -3.4541925411476004
            ],
            [
              114.73862626089334,
              -3.4541977284864953
            ],
            [
              114.73863682209134,
              -3.4541977284864953
            ],
            [
              114.7386369897294,
              -3.4541978958200077
            ],
            [
              114.7386369897294,
              -3.4542030831588737
            ],
            [
              114.73866917623758,
              -3.4542030831588737
            ],
            [
              114.73866934387563,
              -3.4542032504923856
            ],
            [
              114.73866934387563,
              -3.4542086051647325
            ],
            [
              114.73871779127596,
              -3.4542086051647325
            ],
            [
              114.73871795891401,
              -3.4542087724982427
            ],
            [
              114.73871795891401,
              -3.4542139598370496
            ],
            [
              114.73873388453006,
              -3.4542139598370496
            ],
            [
              114.73873405216811,
              -3.4542141271705584
            ],
            [
              114.73873405216811,
              -3.4542193145093356
            ],
            [
              114.73874997778414,
              -3.4542193145093356
            ],
            [
              114.73875014542219,
              -3.454219481842845
            ],
            [
              114.73875014542219,
              -3.454224669181593
            ],
            [
              114.73876087425828,
              -3.454224669181593
            ],
            [
              114.73876104189632,
              -3.4542248365151003
            ],
            [
              114.73876104189632,
              -3.4542300238538197
            ],
            [
              114.73877160309432,
              -3.4542300238538197
            ],
            [
              114.73877177073238,
              -3.454230191187326
            ],
            [
              114.73877177073238,
              -3.4542353785260156
            ],
            [
              114.73878786398649,
              -3.4542353785260156
            ],
            [
              114.73878803162454,
              -3.4542355458595204
            ],
            [
              114.73878803162454,
              -3.454240900531686
            ],
            [
              114.73880395724056,
              -3.454240900531686
            ],
            [
              114.73880412487864,
              -3.4542410678651905
            ],
            [
              114.73880412487864,
              -3.4542462552038207
            ],
            [
              114.73885776905894,
              -3.4542462552038207
            ],
            [
              114.73885793669699,
              -3.4542464225373246
            ],
            [
              114.73885793669699,
              -3.454251609875926
            ],
            [
              114.73892247735141,
              -3.454251609875926
            ],
            [
              114.73892264498949,
              -3.454251777209428
            ],
            [
              114.73892264498949,
              -3.4542569645479997
            ],
            [
              114.73895483149765,
              -3.4542569645479997
            ],
            [
              114.73895499913573,
              -3.4542571318815014
            ],
            [
              114.73895499913573,
              -3.4542623192200446
            ],
            [
              114.73896556033372,
              -3.4542623192200446
            ],
            [
              114.73896572797179,
              -3.454262486553545
            ],
            [
              114.73896572797179,
              -3.4542676738920584
            ],
            [
              114.73897109238982,
              -3.4542676738920584
            ],
            [
              114.73897126002787,
              -3.4542678412255583
            ],
            [
              114.73897126002787,
              -3.4542730285640424
            ],
            [
              114.73898182122586,
              -3.4542730285640424
            ],
            [
              114.73898198886391,
              -3.4542731958975406
            ],
            [
              114.73898198886391,
              -3.454278550569494
            ],
            [
              114.7390141753721,
              -3.454278550569494
            ],
            [
              114.73901434301018,
              -3.4542787179029917
            ],
            [
              114.73901434301018,
              -3.454283905241416
            ],
            [
              114.73903563304424,
              -3.454283905241416
            ],
            [
              114.73903580068229,
              -3.4542840725749135
            ],
            [
              114.73903580068229,
              -3.4542892599133084
            ],
            [
              114.73905189393639,
              -3.4542892599133084
            ],
            [
              114.73905206157445,
              -3.4542894272468048
            ],
            [
              114.73905206157445,
              -3.4542946145851703
            ],
            [
              114.73906262277245,
              -3.4542946145851703
            ],
            [
              114.7390627904105,
              -3.454294781918666
            ],
            [
              114.7390627904105,
              -3.454299969257003
            ],
            [
              114.7390733516085,
              -3.454299969257003
            ],
            [
              114.73907351924656,
              -3.4543001365904966
            ],
            [
              114.73907351924656,
              -3.454305323928804
            ],
            [
              114.73908961250063,
              -3.454305323928804
            ],
            [
              114.73908978013871,
              -3.4543054912622977
            ],
            [
              114.73908978013871,
              -3.4543106786005757
            ],
            [
              114.73910034133671,
              -3.4543106786005757
            ],
            [
              114.73910050897479,
              -3.4543108459340677
            ],
            [
              114.73910050897479,
              -3.4543162006058084
            ],
            [
              114.73914342431901,
              -3.4543162006058084
            ],
            [
              114.73914359195709,
              -3.4543163679392994
            ],
            [
              114.73914359195709,
              -3.454321555277518
            ],
            [
              114.73918667493938,
              -3.454321555277518
            ],
            [
              114.73918684257745,
              -3.4543217226110086
            ],
            [
              114.73918684257745,
              -3.454326909949198
            ],
            [
              114.73920813261151,
              -3.454326909949198
            ],
            [
              114.73920830024956,
              -3.4543270772826875
            ],
            [
              114.73920830024956,
              -3.4543322646208474
            ],
            [
              114.73921349702954,
              -3.4543322646208474
            ],
            [
              114.73921349702954,
              -3.4543270772826875
            ],
            [
              114.73921366466759,
              -3.454326909949198
            ],
            [
              114.73924048675775,
              -3.454326909949198
            ],
            [
              114.7392406543958,
              -3.4543270772826875
            ],
            [
              114.7392406543958,
              -3.4543322646208474
            ],
            [
              114.73926747648596,
              -3.4543322646208474
            ],
            [
              114.73926764412401,
              -3.4543324319543363
            ],
            [
              114.73926764412401,
              -3.4543376192924673
            ],
            [
              114.73929446621418,
              -3.4543376192924673
            ],
            [
              114.73929463385223,
              -3.454337786625955
            ],
            [
              114.73929463385223,
              -3.454342973964056
            ],
            [
              114.73932682036042,
              -3.454342973964056
            ],
            [
              114.73932698799847,
              -3.454343141297543
            ],
            [
              114.73932698799847,
              -3.454348495969101
            ],
            [
              114.73933754919646,
              -3.454348495969101
            ],
            [
              114.73933771683453,
              -3.4543486633025866
            ],
            [
              114.73933771683453,
              -3.454353850640629
            ],
            [
              114.73935364245054,
              -3.454353850640629
            ],
            [
              114.73935381008863,
              -3.4543540179741137
            ],
            [
              114.73935381008863,
              -3.454359205312127
            ],
            [
              114.73938599659678,
              -3.454359205312127
            ],
            [
              114.73938616423486,
              -3.4543593726456105
            ],
            [
              114.73938616423486,
              -3.454364559983594
            ],
            [
              114.7394290795791,
              -3.454364559983594
            ],
            [
              114.73942924721719,
              -3.454364727317077
            ],
            [
              114.73942924721719,
              -3.454369914655031
            ],
            [
              114.73947233019948,
              -3.454369914655031
            ],
            [
              114.73947249783753,
              -3.4543700819885133
            ],
            [
              114.73947249783753,
              -3.4543752693264387
            ],
            [
              114.73948305903552,
              -3.4543752693264387
            ],
            [
              114.73948322667358,
              -3.4543754366599195
            ],
            [
              114.73948322667358,
              -3.454380623997815
            ],
            [
              114.73949915228961,
              -3.454380623997815
            ],
            [
              114.73949931992766,
              -3.4543807913312956
            ],
            [
              114.73949931992766,
              -3.454386146002641
            ],
            [
              114.73952614201784,
              -3.454386146002641
            ],
            [
              114.7395263096559,
              -3.4543863133361206
            ],
            [
              114.7395263096559,
              -3.4543915006739567
            ],
            [
              114.739547767328,
              -3.4543915006739567
            ],
            [
              114.739547767328,
              -3.4543863133361206
            ],
            [
              114.73954793496608,
              -3.454386146002641
            ],
            [
              114.73955849616408,
              -3.454386146002641
            ],
            [
              114.73955866380214,
              -3.4543863133361206
            ],
            [
              114.73955866380214,
              -3.4543915006739567
            ],
            [
              114.73958012147425,
              -3.4543915006739567
            ],
            [
              114.73958028911233,
              -3.454391668007435
            ],
            [
              114.73958028911233,
              -3.4543968553452418
            ],
            [
              114.73959621472832,
              -3.4543968553452418
            ],
            [
              114.7395963823664,
              -3.4543970226787195
            ],
            [
              114.7395963823664,
              -3.454402210016497
            ],
            [
              114.73962320445656,
              -3.454402210016497
            ],
            [
              114.73962337209461,
              -3.4544023773499735
            ],
            [
              114.73962337209461,
              -3.454407564687722
            ],
            [
              114.73965019418478,
              -3.454407564687722
            ],
            [
              114.73965036182283,
              -3.4544077320211968
            ],
            [
              114.73965036182283,
              -3.454412919358916
            ],
            [
              114.73966092302082,
              -3.454412919358916
            ],
            [
              114.73966109065888,
              -3.4544130866923908
            ],
            [
              114.73966109065888,
              -3.454418274030081
            ],
            [
              114.73968791274903,
              -3.454418274030081
            ],
            [
              114.7396880803871,
              -3.4544184413635546
            ],
            [
              114.7396880803871,
              -3.4544237960346877
            ],
            [
              114.73970937042114,
              -3.4544237960346877
            ],
            [
              114.73970953805923,
              -3.4544239633681606
            ],
            [
              114.73970953805923,
              -3.4544291507057907
            ],
            [
              114.73973636014938,
              -3.4544291507057907
            ],
            [
              114.73973652778744,
              -3.4544293180392622
            ],
            [
              114.73973652778744,
              -3.4544345053768635
            ],
            [
              114.73977944313168,
              -3.4544345053768635
            ],
            [
              114.73977961076973,
              -3.4544346727103346
            ],
            [
              114.73977961076973,
              -3.454439860047906
            ],
            [
              114.7398064328599,
              -3.454439860047906
            ],
            [
              114.73980660049794,
              -3.454440027381376
            ],
            [
              114.73980660049794,
              -3.454445214718919
            ],
            [
              114.73982252611397,
              -3.454445214718919
            ],
            [
              114.73982269375205,
              -3.4544453820523877
            ],
            [
              114.73982269375205,
              -3.454450569389901
            ],
            [
              114.7398334225881,
              -3.454450569389901
            ],
            [
              114.73983359022616,
              -3.454450736723369
            ],
            [
              114.73983359022616,
              -3.45445609139432
            ],
            [
              114.73986577673433,
              -3.45445609139432
            ],
            [
              114.7398659443724,
              -3.4544562587277863
            ],
            [
              114.7398659443724,
              -3.454461446065241
            ],
            [
              114.73988723440645,
              -3.454461446065241
            ],
            [
              114.73988740204453,
              -3.454461613398707
            ],
            [
              114.73988740204453,
              -3.4544668007361317
            ],
            [
              114.7399034952986,
              -3.4544668007361317
            ],
            [
              114.73990366293668,
              -3.454466968069596
            ],
            [
              114.73990366293668,
              -3.4544721554069917
            ],
            [
              114.73991958855271,
              -3.4544721554069917
            ],
            [
              114.73991975619077,
              -3.454472322740456
            ],
            [
              114.73991975619077,
              -3.454477510077822
            ],
            [
              114.73995730711698,
              -3.454477510077822
            ],
            [
              114.73995747475503,
              -3.4544776774112846
            ],
            [
              114.73995747475503,
              -3.454482864748623
            ],
            [
              114.73998966126321,
              -3.454482864748623
            ],
            [
              114.73998982890127,
              -3.4544830320820847
            ],
            [
              114.73998982890127,
              -3.454488219419392
            ],
            [
              114.74004364071965,
              -3.454488219419392
            ],
            [
              114.7400438083577,
              -3.454488386752853
            ],
            [
              114.7400438083577,
              -3.4544937414235926
            ],
            [
              114.74007046280977,
              -3.4544937414235926
            ],
            [
              114.74007063044786,
              -3.4544939087570516
            ],
            [
              114.74007063044786,
              -3.4544990960943003
            ],
            [
              114.74008672370194,
              -3.4544990960943003
            ],
            [
              114.74008689134001,
              -3.45449926342776
            ],
            [
              114.74008689134001,
              -3.4545044507649787
            ],
            [
              114.7401244422662,
              -3.4545044507649787
            ],
            [
              114.74012460990429,
              -3.4545046180984373
            ],
            [
              114.74012460990429,
              -3.4545098054356274
            ],
            [
              114.74017825408457,
              -3.4545098054356274
            ],
            [
              114.74017842172265,
              -3.4545099727690842
            ],
            [
              114.74017842172265,
              -3.4545151601062445
            ],
            [
              114.740232233541,
              -3.4545151601062445
            ],
            [
              114.74023240117907,
              -3.454515327439701
            ],
            [
              114.74023240117907,
              -3.4545205147768328
            ],
            [
              114.74024832679507,
              -3.4545205147768328
            ],
            [
              114.74024849443316,
              -3.4545206821102874
            ],
            [
              114.74024849443316,
              -3.4545260367808446
            ],
            [
              114.74026458768724,
              -3.4545260367808446
            ],
            [
              114.74026475532531,
              -3.4545262041142983
            ],
            [
              114.74026475532531,
              -3.4545313914513707
            ],
            [
              114.74027531652331,
              -3.4545313914513707
            ],
            [
              114.74027548416137,
              -3.454531558784824
            ],
            [
              114.74027548416137,
              -3.454536746121867
            ],
            [
              114.74028604535937,
              -3.454536746121867
            ],
            [
              114.74028621299742,
              -3.454536913455319
            ],
            [
              114.74028621299742,
              -3.4545421007923327
            ],
            [
              114.74029694183348,
              -3.4545421007923327
            ],
            [
              114.74029710947156,
              -3.4545422681257842
            ],
            [
              114.74029710947156,
              -3.454547455462768
            ],
            [
              114.7403023062515,
              -3.454547455462768
            ],
            [
              114.74030247388959,
              -3.4545476227962184
            ],
            [
              114.74030247388959,
              -3.454552810133174
            ],
            [
              114.74030767066955,
              -3.454552810133174
            ],
            [
              114.7403078383076,
              -3.4545529774666233
            ],
            [
              114.7403078383076,
              -3.454558164803549
            ],
            [
              114.74038847221611,
              -3.454558164803549
            ],
            [
              114.74038863985419,
              -3.4545583321369975
            ],
            [
              114.74038863985419,
              -3.454563686807342
            ],
            [
              114.7404315551984,
              -3.454563686807342
            ],
            [
              114.74043172283648,
              -3.4545638541407895
            ],
            [
              114.74043172283648,
              -3.4545690414776558
            ],
            [
              114.74046390934467,
              -3.4545690414776558
            ],
            [
              114.74046407698272,
              -3.4545692088111024
            ],
            [
              114.74046407698272,
              -3.45457439614794
            ],
            [
              114.74049626349091,
              -3.45457439614794
            ],
            [
              114.74049643112896,
              -3.4545745634813847
            ],
            [
              114.74049643112896,
              -3.4545797508181924
            ],
            [
              114.7405178888011,
              -3.4545797508181924
            ],
            [
              114.74051805643914,
              -3.4545799181516377
            ],
            [
              114.74051805643914,
              -3.4545851054884165
            ],
            [
              114.74052861763714,
              -3.4545851054884165
            ],
            [
              114.7405287852752,
              -3.4545852728218596
            ],
            [
              114.7405287852752,
              -3.4545904601586086
            ],
            [
              114.7405448785293,
              -3.4545904601586086
            ],
            [
              114.74054504616736,
              -3.454590627492052
            ],
            [
              114.74054504616736,
              -3.4545958148287723
            ],
            [
              114.74057170061945,
              -3.4545958148287723
            ],
            [
              114.74057186825752,
              -3.454595982162214
            ],
            [
              114.74057186825752,
              -3.4546013368323454
            ],
            [
              114.74059332592962,
              -3.4546013368323454
            ],
            [
              114.7405934935677,
              -3.4546015041657867
            ],
            [
              114.7405934935677,
              -3.454606691502447
            ],
            [
              114.7406094191837,
              -3.454606691502447
            ],
            [
              114.74060958682178,
              -3.4546068588358874
            ],
            [
              114.74060958682178,
              -3.4546174008425594
            ],
            [
              114.7406149512398,
              -3.4546174008425594
            ],
            [
              114.74061511887787,
              -3.454617568175998
            ],
            [
              114.74061511887787,
              -3.4546227555125704
            ],
            [
              114.74068485631226,
              -3.4546227555125704
            ],
            [
              114.74068502395033,
              -3.4546229228460077
            ],
            [
              114.74068502395033,
              -3.4546281101825507
            ],
            [
              114.74073883576868,
              -3.4546281101825507
            ],
            [
              114.74073900340676,
              -3.454628277515987
            ],
            [
              114.74073900340676,
              -3.4546336321859368
            ],
            [
              114.74077118991492,
              -3.4546336321859368
            ],
            [
              114.740771357553,
              -3.4546337995193728
            ],
            [
              114.740771357553,
              -3.4546389868558562
            ],
            [
              114.740781918751,
              -3.4546389868558562
            ],
            [
              114.74078208638906,
              -3.4546391541892905
            ],
            [
              114.74078208638906,
              -3.454644341525745
            ],
            [
              114.74078728316903,
              -3.454644341525745
            ],
            [
              114.74078745080708,
              -3.454644508859179
            ],
            [
              114.74078745080708,
              -3.454649696195604
            ],
            [
              114.74081427289724,
              -3.454649696195604
            ],
            [
              114.7408144405353,
              -3.4546498635290366
            ],
            [
              114.7408144405353,
              -3.4546550508654326
            ],
            [
              114.74084126262542,
              -3.4546550508654326
            ],
            [
              114.74084143026352,
              -3.4546552181988646
            ],
            [
              114.74084143026352,
              -3.4546604055352312
            ],
            [
              114.74086272029756,
              -3.4546604055352312
            ],
            [
              114.74086288793562,
              -3.454660572868662
            ],
            [
              114.74086288793562,
              -3.4546657602049993
            ],
            [
              114.74087898118972,
              -3.4546657602049993
            ],
            [
              114.74087914882777,
              -3.454665927538429
            ],
            [
              114.74087914882777,
              -3.454671282208166
            ],
            [
              114.7408950744438,
              -3.454671282208166
            ],
            [
              114.74089524208188,
              -3.454671449541595
            ],
            [
              114.74089524208188,
              -3.4546766368778736
            ],
            [
              114.74090043886183,
              -3.4546766368778736
            ],
            [
              114.7409006064999,
              -3.4546768042113003
            ],
            [
              114.7409006064999,
              -3.4546819915475497
            ],
            [
              114.74091133533595,
              -3.4546819915475497
            ],
            [
              114.74091150297401,
              -3.454682158880977
            ],
            [
              114.74091150297401,
              -3.454687346217196
            ],
            [
              114.74091669975398,
              -3.454687346217196
            ],
            [
              114.74091686739206,
              -3.4546875135506223
            ],
            [
              114.74091686739206,
              -3.4546927008868122
            ],
            [
              114.74093279300808,
              -3.4546927008868122
            ],
            [
              114.74093296064615,
              -3.4546928682202376
            ],
            [
              114.74093296064615,
              -3.4547196415678605
            ],
            [
              114.7409436894822,
              -3.4547196415678605
            ],
            [
              114.7409436894822,
              -3.4546928682202376
            ],
            [
              114.74094385712026,
              -3.4546927008868122
            ],
            [
              114.74095441831825,
              -3.4546927008868122
            ],
            [
              114.74095441831825,
              -3.4546875135506223
            ],
            [
              114.74095458595633,
              -3.454687346217196
            ],
            [
              114.74097051157236,
              -3.454687346217196
            ],
            [
              114.74097051157236,
              -3.454682158880977
            ],
            [
              114.7409706792104,
              -3.4546819915475497
            ],
            [
              114.74104058428286,
              -3.4546819915475497
            ],
            [
              114.74104075192092,
              -3.454682158880977
            ],
            [
              114.74104075192092,
              -3.454687346217196
            ],
            [
              114.74106757401107,
              -3.454687346217196
            ],
            [
              114.74106774164913,
              -3.4546875135506223
            ],
            [
              114.74106774164913,
              -3.4546927008868122
            ],
            [
              114.74110529257534,
              -3.4546927008868122
            ],
            [
              114.74110546021339,
              -3.4546928682202376
            ],
            [
              114.74110546021339,
              -3.454698055556398
            ],
            [
              114.7411215534675,
              -3.454698055556398
            ],
            [
              114.74112172110556,
              -3.4546982228898226
            ],
            [
              114.74112172110556,
              -3.454703410225954
            ],
            [
              114.74113228230355,
              -3.454703410225954
            ],
            [
              114.74113244994163,
              -3.4547035775593775
            ],
            [
              114.74113244994163,
              -3.4547089322289017
            ],
            [
              114.74119162617802,
              -3.4547089322289017
            ],
            [
              114.74119179381609,
              -3.4547090995623244
            ],
            [
              114.74119179381609,
              -3.4547142868983967
            ],
            [
              114.74122381268619,
              -3.4547142868983967
            ],
            [
              114.74122381268619,
              -3.454671449541595
            ],
            [
              114.74119715823412,
              -3.454671449541595
            ],
            [
              114.74119699059602,
              -3.454671282208166
            ],
            [
              114.74119699059602,
              -3.454665927538429
            ],
            [
              114.74117553292392,
              -3.454665927538429
            ],
            [
              114.74117536528587,
              -3.4546657602049993
            ],
            [
              114.74117536528587,
              -3.454660572868662
            ],
            [
              114.74113244994163,
              -3.454660572868662
            ],
            [
              114.74113228230355,
              -3.4546604055352312
            ],
            [
              114.74113228230355,
              -3.4546552181988646
            ],
            [
              114.74110546021339,
              -3.4546552181988646
            ],
            [
              114.74110529257534,
              -3.4546550508654326
            ],
            [
              114.74110529257534,
              -3.4546498635290366
            ],
            [
              114.74103002308486,
              -3.4546498635290366
            ],
            [
              114.74102985544681,
              -3.454649696195604
            ],
            [
              114.74102985544681,
              -3.454644508859179
            ],
            [
              114.74100839777468,
              -3.454644508859179
            ],
            [
              114.74100823013661,
              -3.454644341525745
            ],
            [
              114.74100823013661,
              -3.4546391541892905
            ],
            [
              114.7409706792104,
              -3.4546391541892905
            ],
            [
              114.74097051157236,
              -3.4546389868558562
            ],
            [
              114.74097051157236,
              -3.4546337995193728
            ],
            [
              114.7409492215383,
              -3.4546337995193728
            ],
            [
              114.74094905390022,
              -3.4546336321859368
            ],
            [
              114.74094905390022,
              -3.454628277515987
            ],
            [
              114.74092223181006,
              -3.454628277515987
            ],
            [
              114.74092206417201,
              -3.4546281101825507
            ],
            [
              114.74092206417201,
              -3.4546229228460077
            ],
            [
              114.74088987766383,
              -3.4546229228460077
            ],
            [
              114.74088971002577,
              -3.4546227555125704
            ],
            [
              114.74088971002577,
              -3.454617568175998
            ],
            [
              114.74086288793562,
              -3.454617568175998
            ],
            [
              114.74086272029756,
              -3.4546174008425594
            ],
            [
              114.74086272029756,
              -3.4546122135059574
            ],
            [
              114.74085215909956,
              -3.4546122135059574
            ],
            [
              114.74085199146151,
              -3.4546120461725183
            ],
            [
              114.74085199146151,
              -3.4546068588358874
            ],
            [
              114.74083606584549,
              -3.4546068588358874
            ],
            [
              114.74083589820742,
              -3.454606691502447
            ],
            [
              114.74083589820742,
              -3.4546015041657867
            ],
            [
              114.74080907611724,
              -3.4546015041657867
            ],
            [
              114.7408089084792,
              -3.4546013368323454
            ],
            [
              114.7408089084792,
              -3.454595982162214
            ],
            [
              114.74078208638906,
              -3.454595982162214
            ],
            [
              114.740781918751,
              -3.4545958148287723
            ],
            [
              114.740781918751,
              -3.454590627492052
            ],
            [
              114.74075509666085,
              -3.454590627492052
            ],
            [
              114.74075492902276,
              -3.4545904601586086
            ],
            [
              114.74075492902276,
              -3.4545852728218596
            ],
            [
              114.74072827457069,
              -3.4545852728218596
            ],
            [
              114.74072810693264,
              -3.4545851054884165
            ],
            [
              114.74072810693264,
              -3.4545799181516377
            ],
            [
              114.74069055600643,
              -3.4545799181516377
            ],
            [
              114.74069038836836,
              -3.4545797508181924
            ],
            [
              114.74069038836836,
              -3.4545745634813847
            ],
            [
              114.74064730538605,
              -3.4545745634813847
            ],
            [
              114.740647137748,
              -3.45457439614794
            ],
            [
              114.740647137748,
              -3.4545692088111024
            ],
            [
              114.74061511887787,
              -3.4545692088111024
            ],
            [
              114.7406149512398,
              -3.4545690414776558
            ],
            [
              114.7406149512398,
              -3.4545638541407895
            ],
            [
              114.74060958682178,
              -3.4545638541407895
            ],
            [
              114.7406094191837,
              -3.454563686807342
            ],
            [
              114.7406094191837,
              -3.4545583321369975
            ],
            [
              114.74059885798573,
              -3.4545583321369975
            ],
            [
              114.74059869034765,
              -3.454558164803549
            ],
            [
              114.74059869034765,
              -3.4545529774666233
            ],
            [
              114.74055577500341,
              -3.4545529774666233
            ],
            [
              114.74055560736535,
              -3.454552810133174
            ],
            [
              114.74055560736535,
              -3.4545476227962184
            ],
            [
              114.74053414969323,
              -3.4545476227962184
            ],
            [
              114.74053398205517,
              -3.454547455462768
            ],
            [
              114.74053398205517,
              -3.4545422681257842
            ],
            [
              114.74051269202111,
              -3.4545422681257842
            ],
            [
              114.74051252438304,
              -3.4545421007923327
            ],
            [
              114.74051252438304,
              -3.454536913455319
            ],
            [
              114.7404857022929,
              -3.454536913455319
            ],
            [
              114.74048553465485,
              -3.454536746121867
            ],
            [
              114.74048553465485,
              -3.454531558784824
            ],
            [
              114.74046944140075,
              -3.454531558784824
            ],
            [
              114.7404692737627,
              -3.4545313914513707
            ],
            [
              114.7404692737627,
              -3.4545262041142983
            ],
            [
              114.74045334814667,
              -3.4545262041142983
            ],
            [
              114.74045318050861,
              -3.4545260367808446
            ],
            [
              114.74045318050861,
              -3.4545206821102874
            ],
            [
              114.74042635841846,
              -3.4545206821102874
            ],
            [
              114.7404261907804,
              -3.4545205147768328
            ],
            [
              114.7404261907804,
              -3.454515327439701
            ],
            [
              114.74039936869025,
              -3.454515327439701
            ],
            [
              114.74039920105216,
              -3.4545151601062445
            ],
            [
              114.74039920105216,
              -3.4545099727690842
            ],
            [
              114.74036718218206,
              -3.4545099727690842
            ],
            [
              114.74036701454398,
              -3.4545098054356274
            ],
            [
              114.74036701454398,
              -3.4545046180984373
            ],
            [
              114.7403509212899,
              -3.4545046180984373
            ],
            [
              114.74035075365184,
              -3.4545044507649787
            ],
            [
              114.74035075365184,
              -3.45449926342776
            ],
            [
              114.74033482803581,
              -3.45449926342776
            ],
            [
              114.74033466039774,
              -3.4544990960943003
            ],
            [
              114.74033466039774,
              -3.4544939087570516
            ],
            [
              114.74030247388959,
              -3.4544939087570516
            ],
            [
              114.7403023062515,
              -3.4544937414235926
            ],
            [
              114.7403023062515,
              -3.454488386752853
            ],
            [
              114.74027548416137,
              -3.454488386752853
            ],
            [
              114.74027531652331,
              -3.454488219419392
            ],
            [
              114.74027531652331,
              -3.4544830320820847
            ],
            [
              114.74025939090727,
              -3.4544830320820847
            ],
            [
              114.7402592232692,
              -3.454482864748623
            ],
            [
              114.7402592232692,
              -3.4544776774112846
            ],
            [
              114.74025385885118,
              -3.4544776774112846
            ],
            [
              114.74025369121313,
              -3.454477510077822
            ],
            [
              114.74025369121313,
              -3.454472322740456
            ],
            [
              114.74024849443316,
              -3.454472322740456
            ],
            [
              114.74024832679507,
              -3.4544721554069917
            ],
            [
              114.74024832679507,
              -3.454466968069596
            ],
            [
              114.74024313001513,
              -3.454466968069596
            ],
            [
              114.74024296237707,
              -3.4544668007361317
            ],
            [
              114.74024296237707,
              -3.454461613398707
            ],
            [
              114.74022703676103,
              -3.454461613398707
            ],
            [
              114.74022686912296,
              -3.454461446065241
            ],
            [
              114.74022686912296,
              -3.4544562587277863
            ],
            [
              114.7401730573046,
              -3.4544562587277863
            ],
            [
              114.7401730573046,
              -3.454461446065241
            ],
            [
              114.74017288966654,
              -3.454461613398707
            ],
            [
              114.74012460990429,
              -3.454461613398707
            ],
            [
              114.7401244422662,
              -3.454461446065241
            ],
            [
              114.7401244422662,
              -3.4544562587277863
            ],
            [
              114.74009225575804,
              -3.4544562587277863
            ],
            [
              114.74009208811997,
              -3.45445609139432
            ],
            [
              114.74009208811997,
              -3.454450736723369
            ],
            [
              114.74007599486588,
              -3.454450736723369
            ],
            [
              114.74007582722783,
              -3.454450569389901
            ],
            [
              114.74007582722783,
              -3.4544453820523877
            ],
            [
              114.74004917277576,
              -3.4544453820523877
            ],
            [
              114.74004900513766,
              -3.454445214718919
            ],
            [
              114.74004900513766,
              -3.454440027381376
            ],
            [
              114.74003291188359,
              -3.454440027381376
            ],
            [
              114.74003274424554,
              -3.454439860047906
            ],
            [
              114.74003274424554,
              -3.4544346727103346
            ],
            [
              114.74000608979343,
              -3.4544346727103346
            ],
            [
              114.74000592215535,
              -3.4544345053768635
            ],
            [
              114.74000592215535,
              -3.4544293180392622
            ],
            [
              114.7399737356472,
              -3.4544293180392622
            ],
            [
              114.7399735680091,
              -3.4544291507057907
            ],
            [
              114.7399735680091,
              -3.4544239633681606
            ],
            [
              114.73993601708293,
              -3.4544239633681606
            ],
            [
              114.73993584944488,
              -3.4544237960346877
            ],
            [
              114.73993584944488,
              -3.4544184413635546
            ],
            [
              114.73991975619077,
              -3.4544184413635546
            ],
            [
              114.73991958855271,
              -3.454418274030081
            ],
            [
              114.73991958855271,
              -3.4544130866923908
            ],
            [
              114.73989276646256,
              -3.4544130866923908
            ],
            [
              114.73989259882447,
              -3.454412919358916
            ],
            [
              114.73989259882447,
              -3.4544077320211968
            ],
            [
              114.73986041231632,
              -3.4544077320211968
            ],
            [
              114.73986024467823,
              -3.454407564687722
            ],
            [
              114.73986024467823,
              -3.4544023773499735
            ],
            [
              114.739817329334,
              -3.4544023773499735
            ],
            [
              114.73981716169594,
              -3.454402210016497
            ],
            [
              114.73981716169594,
              -3.4543970226787195
            ],
            [
              114.73978497518776,
              -3.4543970226787195
            ],
            [
              114.7397848075497,
              -3.4543968553452418
            ],
            [
              114.7397848075497,
              -3.454391668007435
            ],
            [
              114.73975815309763,
              -3.454391668007435
            ],
            [
              114.73975798545955,
              -3.4543915006739567
            ],
            [
              114.73975798545955,
              -3.4543863133361206
            ],
            [
              114.73973116336938,
              -3.4543863133361206
            ],
            [
              114.73973099573134,
              -3.454386146002641
            ],
            [
              114.73973099573134,
              -3.4543807913312956
            ],
            [
              114.7397041736412,
              -3.4543807913312956
            ],
            [
              114.73970400600315,
              -3.454380623997815
            ],
            [
              114.73970400600315,
              -3.4543754366599195
            ],
            [
              114.73968254833102,
              -3.4543754366599195
            ],
            [
              114.73968238069295,
              -3.4543752693264387
            ],
            [
              114.73968238069295,
              -3.4543700819885133
            ],
            [
              114.73967181949496,
              -3.4543700819885133
            ],
            [
              114.73967165185691,
              -3.454369914655031
            ],
            [
              114.73967165185691,
              -3.454364727317077
            ],
            [
              114.73965572624085,
              -3.454364727317077
            ],
            [
              114.7396555586028,
              -3.454364559983594
            ],
            [
              114.7396555586028,
              -3.4543593726456105
            ],
            [
              114.7396180076766,
              -3.4543593726456105
            ],
            [
              114.73961784003853,
              -3.454359205312127
            ],
            [
              114.73961784003853,
              -3.4543540179741137
            ],
            [
              114.73958565353036,
              -3.4543540179741137
            ],
            [
              114.73958548589228,
              -3.454353850640629
            ],
            [
              114.73958548589228,
              -3.4543486633025866
            ],
            [
              114.73954257054805,
              -3.4543486633025866
            ],
            [
              114.73954240290998,
              -3.454348495969101
            ],
            [
              114.73954240290998,
              -3.454343141297543
            ],
            [
              114.73952094523784,
              -3.454343141297543
            ],
            [
              114.7395207775998,
              -3.454342973964056
            ],
            [
              114.7395207775998,
              -3.454337786625955
            ],
            [
              114.73949931992766,
              -3.454337786625955
            ],
            [
              114.73949915228961,
              -3.4543376192924673
            ],
            [
              114.73949915228961,
              -3.4543324319543363
            ],
            [
              114.73947786225555,
              -3.4543324319543363
            ],
            [
              114.7394776946175,
              -3.4543322646208474
            ],
            [
              114.7394776946175,
              -3.4543270772826875
            ],
            [
              114.73944550810931,
              -3.4543270772826875
            ],
            [
              114.73944534047126,
              -3.454326909949198
            ],
            [
              114.73944534047126,
              -3.4543217226110086
            ],
            [
              114.73942388279913,
              -3.4543217226110086
            ],
            [
              114.73942371516108,
              -3.454321555277518
            ],
            [
              114.73942371516108,
              -3.4543163679392994
            ],
            [
              114.73939152865289,
              -3.4543163679392994
            ],
            [
              114.73939136101484,
              -3.4543162006058084
            ],
            [
              114.73939136101484,
              -3.4543108459340677
            ],
            [
              114.73937007098075,
              -3.4543108459340677
            ],
            [
              114.7393699033427,
              -3.4543106786005757
            ],
            [
              114.7393699033427,
              -3.4543054912622977
            ],
            [
              114.73934308125257,
              -3.4543054912622977
            ],
            [
              114.7393429136145,
              -3.454305323928804
            ],
            [
              114.7393429136145,
              -3.4543001365904966
            ],
            [
              114.73930536268828,
              -3.4543001365904966
            ],
            [
              114.73930519505022,
              -3.454299969257003
            ],
            [
              114.73930519505022,
              -3.454294781918666
            ],
            [
              114.73928373737812,
              -3.454294781918666
            ],
            [
              114.73928356974004,
              -3.4542946145851703
            ],
            [
              114.73928356974004,
              -3.4542894272468048
            ],
            [
              114.73925691528797,
              -3.4542894272468048
            ],
            [
              114.73925674764988,
              -3.4542892599133084
            ],
            [
              114.73925674764988,
              -3.4542840725749135
            ],
            [
              114.7392406543958,
              -3.4542840725749135
            ],
            [
              114.73924048675775,
              -3.454283905241416
            ],
            [
              114.73924048675775,
              -3.4542787179029917
            ],
            [
              114.73921366466759,
              -3.4542787179029917
            ],
            [
              114.73921349702954,
              -3.454278550569494
            ],
            [
              114.73921349702954,
              -3.4542731958975406
            ],
            [
              114.73915985284923,
              -3.4542731958975406
            ],
            [
              114.73915968521116,
              -3.4542730285640424
            ],
            [
              114.73915968521116,
              -3.4542678412255583
            ],
            [
              114.73913822753906,
              -3.4542678412255583
            ],
            [
              114.73913805990098,
              -3.4542676738920584
            ],
            [
              114.73913805990098,
              -3.454262486553545
            ],
            [
              114.73912213428495,
              -3.454262486553545
            ],
            [
              114.7391219666469,
              -3.4542623192200446
            ],
            [
              114.7391219666469,
              -3.4542571318815014
            ],
            [
              114.73910050897479,
              -3.4542571318815014
            ],
            [
              114.73910034133671,
              -3.4542569645479997
            ],
            [
              114.73910034133671,
              -3.454251777209428
            ],
            [
              114.73907905130267,
              -3.454251777209428
            ],
            [
              114.73907888366458,
              -3.454251609875926
            ],
            [
              114.73907888366458,
              -3.4542464225373246
            ],
            [
              114.73906815482856,
              -3.4542464225373246
            ],
            [
              114.73906798719047,
              -3.4542462552038207
            ],
            [
              114.73906798719047,
              -3.4542410678651905
            ],
            [
              114.73905206157445,
              -3.4542410678651905
            ],
            [
              114.73905189393639,
              -3.454240900531686
            ],
            [
              114.73905189393639,
              -3.4542355458595204
            ],
            [
              114.73900361417414,
              -3.4542355458595204
            ],
            [
              114.73900344653605,
              -3.4542353785260156
            ],
            [
              114.73900344653605,
              -3.454230191187326
            ],
            [
              114.73898198886391,
              -3.454230191187326
            ],
            [
              114.73898182122586,
              -3.4542300238538197
            ],
            [
              114.73898182122586,
              -3.4542248365151003
            ],
            [
              114.73897126002787,
              -3.4542248365151003
            ],
            [
              114.73897109238982,
              -3.454224669181593
            ],
            [
              114.73897109238982,
              -3.454219481842845
            ],
            [
              114.73890655173538,
              -3.454219481842845
            ],
            [
              114.73890638409733,
              -3.4542193145093356
            ],
            [
              114.73890638409733,
              -3.4542141271705584
            ],
            [
              114.7388849264252,
              -3.4542141271705584
            ],
            [
              114.73888475878715,
              -3.4542139598370496
            ],
            [
              114.73888475878715,
              -3.4542087724982427
            ],
            [
              114.73886346875307,
              -3.4542087724982427
            ],
            [
              114.73886330111502,
              -3.4542086051647325
            ],
            [
              114.73886330111502,
              -3.4542032504923856
            ],
            [
              114.73884720786094,
              -3.4542032504923856
            ],
            [
              114.73884704022285,
              -3.4542030831588737
            ],
            [
              114.73884704022285,
              -3.4541978958200077
            ],
            [
              114.73883111460682,
              -3.4541978958200077
            ],
            [
              114.73883094696878,
              -3.4541977284864953
            ],
            [
              114.73883094696878,
              -3.4541925411476004
            ],
            [
              114.7387987604606,
              -3.4541925411476004
            ],
            [
              114.73879859282253,
              -3.4541923738140867
            ],
            [
              114.73879859282253,
              -3.4541871864751625
            ],
            [
              114.73876104189632,
              -3.4541871864751625
            ],
            [
              114.73876087425828,
              -3.454187019141648
            ],
            [
              114.73876087425828,
              -3.4541818318026944
            ],
            [
              114.73873941658614,
              -3.4541818318026944
            ],
            [
              114.73873924894808,
              -3.454181664469179
            ],
            [
              114.73873924894808,
              -3.4541764771301957
            ],
            [
              114.73872332333207,
              -3.4541764771301957
            ],
            [
              114.738723155694,
              -3.4541763097966802
            ],
            [
              114.738723155694,
              -3.454171122457667
            ],
            [
              114.73869633360385,
              -3.454171122457667
            ],
            [
              114.73869616596576,
              -3.4541709551241504
            ],
            [
              114.73869616596576,
              -3.454165600451591
            ],
            [
              114.73867470829366,
              -3.454165600451591
            ],
            [
              114.73867454065561,
              -3.4541654331180727
            ],
            [
              114.73867454065561,
              -3.4541602457790006
            ],
            [
              114.7386369897294,
              -3.4541602457790006
            ],
            [
              114.73863682209134,
              -3.4541600784454825
            ],
            [
              114.73863682209134,
              -3.4541548911063806
            ],
            [
              114.73861016763924,
              -3.4541548911063806
            ],
            [
              114.73861000000119,
              -3.454154723772861
            ],
            [
              114.73861000000119,
              -3.4541495364337305
            ],
            [
              114.73856691701887,
              -3.4541495364337305
            ],
            [
              114.73856674938081,
              -3.45414936910021
            ],
            [
              114.73856674938081,
              -3.4541441817610505
            ],
            [
              114.7385291984546,
              -3.4541441817610505
            ],
            [
              114.73852903081655,
              -3.4541440144275284
            ],
            [
              114.73852903081655,
              -3.4541388270883395
            ],
            [
              114.73848611547231,
              -3.4541388270883395
            ],
            [
              114.73848594783422,
              -3.4541386597548165
            ],
            [
              114.73848594783422,
              -3.4541334724155988
            ],
            [
              114.73846449016212,
              -3.4541334724155988
            ],
            [
              114.73846432252407,
              -3.454133305082075
            ],
            [
              114.73846432252407,
              -3.454127950409303
            ],
            [
              114.73842677159786,
              -3.454127950409303
            ],
            [
              114.7384266039598,
              -3.454127783075778
            ],
            [
              114.7384266039598,
              -3.4541225957365005
            ],
            [
              114.73838905303357,
              -3.4541225957365005
            ],
            [
              114.73838888539551,
              -3.4541224284029752
            ],
            [
              114.73838888539551,
              -3.4541172410636687
            ]
          ],
          [
            [
              114.73697703762532,
              -3.4538213953427417
            ],
            [
              114.73697703762532,
              -3.4538265826836656
            ],
            [
              114.73697686998725,
              -3.453826750017243
            ],
            [
              114.73697167320726,
              -3.453826750017243
            ],
            [
              114.73697167320726,
              -3.453831937358137
            ],
            [
              114.73697150556922,
              -3.4538321046917146
            ],
            [
              114.73696630878923,
              -3.4538321046917146
            ],
            [
              114.73696630878923,
              -3.453901882790653
            ],
            [
              114.73696614115116,
              -3.453902050124217
            ],
            [
              114.73696094437122,
              -3.453902050124217
            ],
            [
              114.73696094437122,
              -3.4539341781680415
            ],
            [
              114.73696614115116,
              -3.4539341781680415
            ],
            [
              114.73696630878923,
              -3.453934345501601
            ],
            [
              114.73696630878923,
              -3.453939532841907
            ],
            [
              114.73696614115116,
              -3.4539397001754644
            ],
            [
              114.73696094437122,
              -3.4539397001754644
            ],
            [
              114.73696094437122,
              -3.4539502421895465
            ],
            [
              114.73696077673316,
              -3.453950409523102
            ],
            [
              114.73695541231511,
              -3.453950409523102
            ],
            [
              114.73695541231511,
              -3.4540310642936163
            ],
            [
              114.73695524467705,
              -3.454031231627158
            ],
            [
              114.73695004789708,
              -3.454031231627158
            ],
            [
              114.73695004789708,
              -3.4540471283134817
            ],
            [
              114.73695524467705,
              -3.4540471283134817
            ],
            [
              114.73695541231511,
              -3.4540472956470207
            ],
            [
              114.73695541231511,
              -3.454133305082075
            ],
            [
              114.73695524467705,
              -3.4541334724155988
            ],
            [
              114.73695004789708,
              -3.4541334724155988
            ],
            [
              114.73695004789708,
              -3.4542462552038207
            ],
            [
              114.73694988025902,
              -3.4542464225373246
            ],
            [
              114.73694468347905,
              -3.4542464225373246
            ],
            [
              114.73694468347905,
              -3.4542569645479997
            ],
            [
              114.736944515841,
              -3.4542571318815014
            ],
            [
              114.73693931906102,
              -3.4542571318815014
            ],
            [
              114.73693931906102,
              -3.4542946145851703
            ],
            [
              114.736944515841,
              -3.4542946145851703
            ],
            [
              114.73694468347905,
              -3.454294781918666
            ],
            [
              114.73694468347905,
              -3.454326909949198
            ],
            [
              114.73694988025902,
              -3.454326909949198
            ],
            [
              114.73695004789708,
              -3.4543270772826875
            ],
            [
              114.73695004789708,
              -3.4543376192924673
            ],
            [
              114.73694988025902,
              -3.454337786625955
            ],
            [
              114.73694468347905,
              -3.454337786625955
            ],
            [
              114.73694468347905,
              -3.454353850640629
            ],
            [
              114.736944515841,
              -3.4543540179741137
            ],
            [
              114.73693931906102,
              -3.4543540179741137
            ],
            [
              114.73693931906102,
              -3.4543915006739567
            ],
            [
              114.73693915142297,
              -3.454391668007435
            ],
            [
              114.736933954643,
              -3.454391668007435
            ],
            [
              114.736933954643,
              -3.454445214718919
            ],
            [
              114.73693915142297,
              -3.454445214718919
            ],
            [
              114.73693931906102,
              -3.4544453820523877
            ],
            [
              114.73693931906102,
              -3.454482864748623
            ],
            [
              114.736944515841,
              -3.454482864748623
            ],
            [
              114.736944515841,
              -3.454450736723369
            ],
            [
              114.73694468347905,
              -3.454450569389901
            ],
            [
              114.73694988025902,
              -3.454450569389901
            ],
            [
              114.73694988025902,
              -3.454440027381376
            ],
            [
              114.73695004789708,
              -3.454439860047906
            ],
            [
              114.73695524467705,
              -3.454439860047906
            ],
            [
              114.73695524467705,
              -3.4544346727103346
            ],
            [
              114.73695541231511,
              -3.4544345053768635
            ],
            [
              114.73696077673316,
              -3.4544345053768635
            ],
            [
              114.73696077673316,
              -3.4544239633681606
            ],
            [
              114.73696094437122,
              -3.4544237960346877
            ],
            [
              114.73696614115116,
              -3.4544237960346877
            ],
            [
              114.73696614115116,
              -3.4543863133361206
            ],
            [
              114.73696094437122,
              -3.4543863133361206
            ],
            [
              114.73696077673316,
              -3.454386146002641
            ],
            [
              114.73696077673316,
              -3.4543807913312956
            ],
            [
              114.73695541231511,
              -3.4543807913312956
            ],
            [
              114.73695524467705,
              -3.454380623997815
            ],
            [
              114.73695524467705,
              -3.4543754366599195
            ],
            [
              114.73695004789708,
              -3.4543754366599195
            ],
            [
              114.73694988025902,
              -3.4543752693264387
            ],
            [
              114.73694988025902,
              -3.4543593726456105
            ],
            [
              114.73695004789708,
              -3.454359205312127
            ],
            [
              114.73696077673316,
              -3.454359205312127
            ],
            [
              114.73696077673316,
              -3.4543540179741137
            ],
            [
              114.73696094437122,
              -3.454353850640629
            ],
            [
              114.73696614115116,
              -3.454353850640629
            ],
            [
              114.73696614115116,
              -3.4543217226110086
            ],
            [
              114.73696630878923,
              -3.454321555277518
            ],
            [
              114.73697150556922,
              -3.454321555277518
            ],
            [
              114.73697150556922,
              -3.4542410678651905
            ],
            [
              114.73697167320726,
              -3.454240900531686
            ],
            [
              114.73697686998725,
              -3.454240900531686
            ],
            [
              114.73697686998725,
              -3.4541978958200077
            ],
            [
              114.73697703762532,
              -3.4541977284864953
            ],
            [
              114.73698223440526,
              -3.4541977284864953
            ],
            [
              114.73698223440526,
              -3.4541441817610505
            ],
            [
              114.73698240204332,
              -3.4541440144275284
            ],
            [
              114.73698759882329,
              -3.4541440144275284
            ],
            [
              114.73698759882329,
              -3.4540472956470207
            ],
            [
              114.73698240204332,
              -3.4540472956470207
            ],
            [
              114.73698223440526,
              -3.4540471283134817
            ],
            [
              114.73698223440526,
              -3.45400964560004
            ],
            [
              114.73698240204332,
              -3.4540094782664945
            ],
            [
              114.73698759882329,
              -3.4540094782664945
            ],
            [
              114.73698759882329,
              -3.4539880595724317
            ],
            [
              114.73698776646137,
              -3.4539878922388825
            ],
            [
              114.73699296324132,
              -3.4539878922388825
            ],
            [
              114.73699296324132,
              -3.45391275947228
            ],
            [
              114.73698776646137,
              -3.45391275947228
            ],
            [
              114.73698759882329,
              -3.4539125921387175
            ],
            [
              114.73698759882329,
              -3.4538859861018976
            ],
            [
              114.73698776646137,
              -3.45388581876833
            ],
            [
              114.73699296324132,
              -3.45388581876833
            ],
            [
              114.73699296324132,
              -3.4538321046917146
            ],
            [
              114.73698776646137,
              -3.4538321046917146
            ],
            [
              114.73698759882329,
              -3.453831937358137
            ],
            [
              114.73698759882329,
              -3.4538213953427417
            ]
          ],
          [
            [
              114.73698240204332,
              -3.453756804579191
            ],
            [
              114.73698240204332,
              -3.453761991920468
            ],
            [
              114.73698223440526,
              -3.4537621592540573
            ],
            [
              114.73697703762532,
              -3.4537621592540573
            ],
            [
              114.73697703762532,
              -3.453788932627931
            ],
            [
              114.73698223440526,
              -3.453788932627931
            ],
            [
              114.73698240204332,
              -3.453789099961516
            ],
            [
              114.73698240204332,
              -3.4537942873026153
            ],
            [
              114.73698759882329,
              -3.4537942873026153
            ],
            [
              114.73698759882329,
              -3.453756804579191
            ]
          ],
          [
            [
              114.74086841999173,
              -3.4536922138112467
            ],
            [
              114.74086841999173,
              -3.4536974011528763
            ],
            [
              114.74086825235366,
              -3.453697568486476
            ],
            [
              114.74085215909956,
              -3.453697568486476
            ],
            [
              114.74085215909956,
              -3.453702755828077
            ],
            [
              114.74085735587953,
              -3.453702755828077
            ],
            [
              114.74085752351759,
              -3.4537029231616763
            ],
            [
              114.74085752351759,
              -3.4537082778368453
            ],
            [
              114.74088434560774,
              -3.4537082778368453
            ],
            [
              114.74088451324583,
              -3.453708445170444
            ],
            [
              114.74088451324583,
              -3.453713632511985
            ],
            [
              114.74094905390022,
              -3.453713632511985
            ],
            [
              114.7409492215383,
              -3.4537137998455822
            ],
            [
              114.7409492215383,
              -3.4537189871870932
            ],
            [
              114.7409597827363,
              -3.4537189871870932
            ],
            [
              114.74095995037436,
              -3.4537191545206904
            ],
            [
              114.74095995037436,
              -3.453724341862173
            ],
            [
              114.74097604362844,
              -3.453724341862173
            ],
            [
              114.74097621126649,
              -3.4537245091957685
            ],
            [
              114.74097621126649,
              -3.4537296965372213
            ],
            [
              114.74101912661072,
              -3.4537296965372213
            ],
            [
              114.74101912661072,
              -3.4537245091957685
            ],
            [
              114.74101929424882,
              -3.453724341862173
            ],
            [
              114.74105148075697,
              -3.453724341862173
            ],
            [
              114.74105164839504,
              -3.4537245091957685
            ],
            [
              114.74105164839504,
              -3.4537296965372213
            ],
            [
              114.74106220959304,
              -3.4537296965372213
            ],
            [
              114.7410623772311,
              -3.4537298638708163
            ],
            [
              114.7410623772311,
              -3.4537350512122402
            ],
            [
              114.74106757401107,
              -3.4537350512122402
            ],
            [
              114.74106774164913,
              -3.4537352185458334
            ],
            [
              114.74106774164913,
              -3.453740573220821
            ],
            [
              114.74107830284716,
              -3.453740573220821
            ],
            [
              114.7410784704852,
              -3.4537407405544136
            ],
            [
              114.7410784704852,
              -3.453745927895778
            ],
            [
              114.7411215534675,
              -3.453745927895778
            ],
            [
              114.74112172110556,
              -3.45374609522937
            ],
            [
              114.74112172110556,
              -3.4537512825707046
            ],
            [
              114.74113764672158,
              -3.4537512825707046
            ],
            [
              114.74113764672158,
              -3.45374609522937
            ],
            [
              114.74113781435966,
              -3.453745927895778
            ],
            [
              114.74114837555763,
              -3.453745927895778
            ],
            [
              114.74114837555763,
              -3.4537407405544136
            ],
            [
              114.74113781435966,
              -3.4537407405544136
            ],
            [
              114.74113764672158,
              -3.453740573220821
            ],
            [
              114.74113764672158,
              -3.4537352185458334
            ],
            [
              114.74111082463145,
              -3.4537352185458334
            ],
            [
              114.74111065699338,
              -3.4537350512122402
            ],
            [
              114.74111065699338,
              -3.4537298638708163
            ],
            [
              114.74110546021339,
              -3.4537298638708163
            ],
            [
              114.74110529257534,
              -3.4537296965372213
            ],
            [
              114.74110529257534,
              -3.4537245091957685
            ],
            [
              114.74110009579539,
              -3.4537245091957685
            ],
            [
              114.74109992815731,
              -3.453724341862173
            ],
            [
              114.74109992815731,
              -3.4537191545206904
            ],
            [
              114.74101929424882,
              -3.4537191545206904
            ],
            [
              114.74101912661072,
              -3.4537189871870932
            ],
            [
              114.74101912661072,
              -3.4537137998455822
            ],
            [
              114.74100839777468,
              -3.4537137998455822
            ],
            [
              114.74100823013661,
              -3.453713632511985
            ],
            [
              114.74100823013661,
              -3.453708445170444
            ],
            [
              114.74099766893862,
              -3.453708445170444
            ],
            [
              114.74099750130057,
              -3.4537082778368453
            ],
            [
              114.74099750130057,
              -3.4537029231616763
            ],
            [
              114.74098694010257,
              -3.4537029231616763
            ],
            [
              114.7409867724645,
              -3.453702755828077
            ],
            [
              114.7409867724645,
              -3.453697568486476
            ],
            [
              114.74089524208188,
              -3.453697568486476
            ],
            [
              114.7408950744438,
              -3.4536974011528763
            ],
            [
              114.7408950744438,
              -3.4536922138112467
            ]
          ],
          [
            [
              114.73665366380094,
              -3.4536815044606968
            ],
            [
              114.73665366380094,
              -3.453686691802385
            ],
            [
              114.73665349616287,
              -3.453686859135986
            ],
            [
              114.7366482993829,
              -3.453686859135986
            ],
            [
              114.7366482993829,
              -3.453713632511985
            ],
            [
              114.73664813174484,
              -3.4537137998455822
            ],
            [
              114.73664293496488,
              -3.4537137998455822
            ],
            [
              114.73664293496488,
              -3.453724341862173
            ],
            [
              114.73664276732683,
              -3.4537245091957685
            ],
            [
              114.73663757054685,
              -3.4537245091957685
            ],
            [
              114.73663757054685,
              -3.453740573220821
            ],
            [
              114.73663740290877,
              -3.4537407405544136
            ],
            [
              114.73663203849077,
              -3.4537407405544136
            ],
            [
              114.73663203849077,
              -3.453783577953217
            ],
            [
              114.73663187085269,
              -3.4537837452868025
            ],
            [
              114.73662667407272,
              -3.4537837452868025
            ],
            [
              114.73662667407272,
              -3.453831937358137
            ],
            [
              114.73662650643466,
              -3.4538321046917146
            ],
            [
              114.7366213096547,
              -3.4538321046917146
            ],
            [
              114.7366213096547,
              -3.45384264670699
            ],
            [
              114.73662114201663,
              -3.453842814040566
            ],
            [
              114.73661594523666,
              -3.453842814040566
            ],
            [
              114.73661594523666,
              -3.453853523389296
            ],
            [
              114.73661577759862,
              -3.4538536907228687
            ],
            [
              114.73661058081863,
              -3.4538536907228687
            ],
            [
              114.73661058081863,
              -3.45388581876833
            ],
            [
              114.73661041318059,
              -3.4538859861018976
            ],
            [
              114.73660521640062,
              -3.4538859861018976
            ],
            [
              114.73660521640062,
              -3.4539072374647004
            ],
            [
              114.73660504876253,
              -3.453907404798264
            ],
            [
              114.73659968434453,
              -3.453907404798264
            ],
            [
              114.73659968434453,
              -3.453918114146266
            ],
            [
              114.73659951670645,
              -3.4539182814798264
            ],
            [
              114.73659431992648,
              -3.4539182814798264
            ],
            [
              114.73659431992648,
              -3.4539341781680415
            ],
            [
              114.73659415228842,
              -3.453934345501601
            ],
            [
              114.73658895550845,
              -3.453934345501601
            ],
            [
              114.73658895550845,
              -3.453966473544332
            ],
            [
              114.7365887878704,
              -3.453966640877885
            ],
            [
              114.73658359109042,
              -3.453966640877885
            ],
            [
              114.73658359109042,
              -3.4539878922388825
            ],
            [
              114.73658342345237,
              -3.4539880595724317
            ],
            [
              114.7365782266724,
              -3.4539880595724317
            ],
            [
              114.7365782266724,
              -3.4540201876133456
            ],
            [
              114.73657805903434,
              -3.4540203549468886
            ],
            [
              114.73657286225438,
              -3.4540203549468886
            ],
            [
              114.73657286225438,
              -3.4540310642936163
            ],
            [
              114.73657805903434,
              -3.4540310642936163
            ],
            [
              114.7365782266724,
              -3.454031231627158
            ],
            [
              114.7365782266724,
              -3.4540687143397473
            ],
            [
              114.73657805903434,
              -3.4540688816732823
            ],
            [
              114.73657286225438,
              -3.4540688816732823
            ],
            [
              114.73657286225438,
              -3.4540901330319906
            ],
            [
              114.7365726946163,
              -3.4540903003655217
            ],
            [
              114.73656749783635,
              -3.4540903003655217
            ],
            [
              114.73656749783635,
              -3.454117073730142
            ],
            [
              114.7365673301983,
              -3.4541172410636687
            ],
            [
              114.73656196578024,
              -3.4541172410636687
            ],
            [
              114.73656196578024,
              -3.4541386597548165
            ],
            [
              114.73656179814219,
              -3.4541388270883395
            ],
            [
              114.73655660136221,
              -3.4541388270883395
            ],
            [
              114.73655660136221,
              -3.4541709551241504
            ],
            [
              114.73655643372416,
              -3.454171122457667
            ],
            [
              114.7365512369442,
              -3.454171122457667
            ],
            [
              114.7365512369442,
              -3.4542353785260156
            ],
            [
              114.73655106930613,
              -3.4542355458595204
            ],
            [
              114.73654587252616,
              -3.4542355458595204
            ],
            [
              114.73654587252616,
              -3.454353850640629
            ],
            [
              114.7365457048881,
              -3.4543540179741137
            ],
            [
              114.7365405081081,
              -3.4543540179741137
            ],
            [
              114.7365405081081,
              -3.454386146002641
            ],
            [
              114.73654034047006,
              -3.4543863133361206
            ],
            [
              114.7365351436901,
              -3.4543863133361206
            ],
            [
              114.7365351436901,
              -3.454418274030081
            ],
            [
              114.73653497605203,
              -3.4544184413635546
            ],
            [
              114.73652977927206,
              -3.4544184413635546
            ],
            [
              114.73652977927206,
              -3.4544291507057907
            ],
            [
              114.736529611634,
              -3.4544293180392622
            ],
            [
              114.73652424721597,
              -3.4544293180392622
            ],
            [
              114.73652424721597,
              -3.454439860047906
            ],
            [
              114.736529611634,
              -3.454439860047906
            ],
            [
              114.73652977927206,
              -3.454440027381376
            ],
            [
              114.73652977927206,
              -3.454445214718919
            ],
            [
              114.73655106930613,
              -3.454445214718919
            ],
            [
              114.73655106930613,
              -3.4544184413635546
            ],
            [
              114.7365512369442,
              -3.454418274030081
            ],
            [
              114.73655643372416,
              -3.454418274030081
            ],
            [
              114.73655643372416,
              -3.4543754366599195
            ],
            [
              114.73655660136221,
              -3.4543752693264387
            ],
            [
              114.73656179814219,
              -3.4543752693264387
            ],
            [
              114.73656179814219,
              -3.454364727317077
            ],
            [
              114.73656196578024,
              -3.454364559983594
            ],
            [
              114.7365673301983,
              -3.454364559983594
            ],
            [
              114.7365673301983,
              -3.4543593726456105
            ],
            [
              114.73656749783635,
              -3.454359205312127
            ],
            [
              114.7365726946163,
              -3.454359205312127
            ],
            [
              114.7365726946163,
              -3.4543217226110086
            ],
            [
              114.73657286225438,
              -3.454321555277518
            ],
            [
              114.73657805903434,
              -3.454321555277518
            ],
            [
              114.73657805903434,
              -3.454262486553545
            ],
            [
              114.7365782266724,
              -3.4542623192200446
            ],
            [
              114.73658342345237,
              -3.4542623192200446
            ],
            [
              114.73658342345237,
              -3.454230191187326
            ],
            [
              114.73658359109042,
              -3.4542300238538197
            ],
            [
              114.7365887878704,
              -3.4542300238538197
            ],
            [
              114.7365887878704,
              -3.4542032504923856
            ],
            [
              114.73658895550845,
              -3.4542030831588737
            ],
            [
              114.73659415228842,
              -3.4542030831588737
            ],
            [
              114.73659415228842,
              -3.454171122457667
            ],
            [
              114.73659431992648,
              -3.4541709551241504
            ],
            [
              114.73659951670645,
              -3.4541709551241504
            ],
            [
              114.73659951670645,
              -3.4541388270883395
            ],
            [
              114.73659968434453,
              -3.4541386597548165
            ],
            [
              114.73660504876253,
              -3.4541386597548165
            ],
            [
              114.73660504876253,
              -3.4541011770449903
            ],
            [
              114.73660521640062,
              -3.45410100971146
            ],
            [
              114.73661041318059,
              -3.45410100971146
            ],
            [
              114.73661041318059,
              -3.4540635270001467
            ],
            [
              114.73661058081863,
              -3.4540633596666113
            ],
            [
              114.73661577759862,
              -3.4540633596666113
            ],
            [
              114.73661577759862,
              -3.4540365863004756
            ],
            [
              114.73661594523666,
              -3.4540364189669353
            ],
            [
              114.73662114201663,
              -3.4540364189669353
            ],
            [
              114.73662114201663,
              -3.4539880595724317
            ],
            [
              114.7366213096547,
              -3.4539878922388825
            ],
            [
              114.73662650643466,
              -3.4539878922388825
            ],
            [
              114.73662650643466,
              -3.453966640877885
            ],
            [
              114.73662667407272,
              -3.453966473544332
            ],
            [
              114.73663187085269,
              -3.453966473544332
            ],
            [
              114.73663187085269,
              -3.453902050124217
            ],
            [
              114.73663203849077,
              -3.453901882790653
            ],
            [
              114.73663740290877,
              -3.453901882790653
            ],
            [
              114.73663740290877,
              -3.4538859861018976
            ],
            [
              114.73663757054685,
              -3.45388581876833
            ],
            [
              114.73664276732683,
              -3.45388581876833
            ],
            [
              114.73664276732683,
              -3.453826750017243
            ],
            [
              114.73664293496488,
              -3.4538265826836656
            ],
            [
              114.73664813174484,
              -3.4538265826836656
            ],
            [
              114.73664813174484,
              -3.4537783906120585
            ],
            [
              114.7366482993829,
              -3.4537782232784724
            ],
            [
              114.73665349616287,
              -3.4537782232784724
            ],
            [
              114.73665349616287,
              -3.4537621592540573
            ],
            [
              114.73665366380094,
              -3.453761991920468
            ],
            [
              114.7366588605809,
              -3.453761991920468
            ],
            [
              114.7366588605809,
              -3.45374609522937
            ],
            [
              114.73665902821895,
              -3.453745927895778
            ],
            [
              114.73666422499896,
              -3.453745927895778
            ],
            [
              114.73666422499896,
              -3.4537029231616763
            ],
            [
              114.73666439263701,
              -3.453702755828077
            ],
            [
              114.73666958941696,
              -3.453702755828077
            ],
            [
              114.73666958941696,
              -3.453697568486476
            ],
            [
              114.73666439263701,
              -3.453697568486476
            ],
            [
              114.73666422499896,
              -3.4536974011528763
            ],
            [
              114.73666422499896,
              -3.4536815044606968
            ]
          ],
          [
            [
              114.73797951324462,
              -3.4533910132809407
            ],
            [
              114.73797951324462,
              -3.4533962006242156
            ],
            [
              114.73797934560653,
              -3.453396367957869
            ],
            [
              114.7379741488266,
              -3.453396367957869
            ],
            [
              114.7379741488266,
              -3.4534231413420593
            ],
            [
              114.73798471002459,
              -3.4534231413420593
            ],
            [
              114.73798487766264,
              -3.453423308675708
            ],
            [
              114.73798487766264,
              -3.453428496018806
            ],
            [
              114.73799543886064,
              -3.453428496018806
            ],
            [
              114.7379956064987,
              -3.4534286633524545
            ],
            [
              114.7379956064987,
              -3.4534338506955238
            ],
            [
              114.73800633533477,
              -3.4534338506955238
            ],
            [
              114.73800650297284,
              -3.453434018029171
            ],
            [
              114.73800650297284,
              -3.453439205372211
            ],
            [
              114.73801706417083,
              -3.453439205372211
            ],
            [
              114.73801723180888,
              -3.4534393727058563
            ],
            [
              114.73801723180888,
              -3.4534445600488675
            ],
            [
              114.73802779300688,
              -3.4534445600488675
            ],
            [
              114.73802796064494,
              -3.453444727382513
            ],
            [
              114.73802796064494,
              -3.4534499147254945
            ],
            [
              114.73803868948102,
              -3.4534499147254945
            ],
            [
              114.73803885711907,
              -3.4534500820591387
            ],
            [
              114.73803885711907,
              -3.4534554367357337
            ],
            [
              114.73805478273509,
              -3.4534554367357337
            ],
            [
              114.73805495037318,
              -3.4534556040693767
            ],
            [
              114.73805495037318,
              -3.453460791412299
            ],
            [
              114.73809786571739,
              -3.453460791412299
            ],
            [
              114.73809803335547,
              -3.4534609587459415
            ],
            [
              114.73809803335547,
              -3.453466146088834
            ],
            [
              114.73810876219152,
              -3.453466146088834
            ],
            [
              114.73810892982958,
              -3.4534663134224757
            ],
            [
              114.73810892982958,
              -3.453471500765339
            ],
            [
              114.7381248554456,
              -3.453471500765339
            ],
            [
              114.73812502308368,
              -3.4534716680989797
            ],
            [
              114.73812502308368,
              -3.4534768554418136
            ],
            [
              114.73815720959183,
              -3.4534768554418136
            ],
            [
              114.73815737722992,
              -3.4534770227754525
            ],
            [
              114.73815737722992,
              -3.453482210118258
            ],
            [
              114.73817330284594,
              -3.453482210118258
            ],
            [
              114.738173470484,
              -3.4534823774518966
            ],
            [
              114.738173470484,
              -3.453487564794673
            ],
            [
              114.73819492815613,
              -3.453487564794673
            ],
            [
              114.73819509579418,
              -3.45348773212831
            ],
            [
              114.73819509579418,
              -3.453493086804693
            ],
            [
              114.73821102141021,
              -3.453493086804693
            ],
            [
              114.73821118904826,
              -3.45349325413833
            ],
            [
              114.73821118904826,
              -3.4534984414810457
            ],
            [
              114.73823264672039,
              -3.4534984414810457
            ],
            [
              114.73823281435845,
              -3.453498608814682
            ],
            [
              114.73823281435845,
              -3.453503796157369
            ],
            [
              114.73825427203059,
              -3.453503796157369
            ],
            [
              114.73825443966864,
              -3.4535039634910034
            ],
            [
              114.73825443966864,
              -3.4535091508336615
            ],
            [
              114.73828109412074,
              -3.4535091508336615
            ],
            [
              114.7382812617588,
              -3.4535093181672947
            ],
            [
              114.7382812617588,
              -3.4535145055099234
            ],
            [
              114.73829735501288,
              -3.4535145055099234
            ],
            [
              114.73829752265095,
              -3.453514672843556
            ],
            [
              114.73829752265095,
              -3.4535198601861556
            ],
            [
              114.73831881268501,
              -3.4535198601861556
            ],
            [
              114.73831898032306,
              -3.4535200275197875
            ],
            [
              114.73831898032306,
              -3.4535253821959886
            ],
            [
              114.73834043799516,
              -3.4535253821959886
            ],
            [
              114.73834060563324,
              -3.4535255495296195
            ],
            [
              114.73834060563324,
              -3.4535307368721595
            ],
            [
              114.73838352097748,
              -3.4535307368721595
            ],
            [
              114.73838368861557,
              -3.453530904205789
            ],
            [
              114.73838368861557,
              -3.4535360915482998
            ],
            [
              114.73841587512372,
              -3.4535360915482998
            ],
            [
              114.7384160427618,
              -3.453536258881929
            ],
            [
              114.7384160427618,
              -3.45354144622441
            ],
            [
              114.73846985458015,
              -3.45354144622441
            ],
            [
              114.73847002221821,
              -3.4535416135580386
            ],
            [
              114.73847002221821,
              -3.4535468009004906
            ],
            [
              114.73850757314442,
              -3.4535468009004906
            ],
            [
              114.7385077407825,
              -3.4535469682341176
            ],
            [
              114.7385077407825,
              -3.4535521555765403
            ],
            [
              114.73852903081655,
              -3.4535521555765403
            ],
            [
              114.7385291984546,
              -3.4535523229101663
            ],
            [
              114.7385291984546,
              -3.4535575102525606
            ],
            [
              114.73855602054476,
              -3.4535575102525606
            ],
            [
              114.73855618818281,
              -3.4535576775861854
            ],
            [
              114.73855618818281,
              -3.453563032262174
            ],
            [
              114.73859373910902,
              -3.453563032262174
            ],
            [
              114.7385939067471,
              -3.4535631995957985
            ],
            [
              114.7385939067471,
              -3.4535683869381324
            ],
            [
              114.73863145767329,
              -3.4535683869381324
            ],
            [
              114.73863162531137,
              -3.4535685542717554
            ],
            [
              114.73863162531137,
              -3.453573741614061
            ],
            [
              114.73864771856545,
              -3.453573741614061
            ],
            [
              114.73864788620351,
              -3.453573908947683
            ],
            [
              114.73864788620351,
              -3.4535790962899586
            ],
            [
              114.73866381181953,
              -3.4535790962899586
            ],
            [
              114.73866397945761,
              -3.4535792636235803
            ],
            [
              114.73866397945761,
              -3.4535844509658267
            ],
            [
              114.73869616596576,
              -3.4535844509658267
            ],
            [
              114.73869633360385,
              -3.453584618299447
            ],
            [
              114.73869633360385,
              -3.453589805641664
            ],
            [
              114.738723155694,
              -3.453589805641664
            ],
            [
              114.73872332333207,
              -3.4535899729752835
            ],
            [
              114.73872332333207,
              -3.4535951603174717
            ],
            [
              114.73876087425828,
              -3.4535951603174717
            ],
            [
              114.73876104189632,
              -3.45359532765109
            ],
            [
              114.73876104189632,
              -3.453600682326867
            ],
            [
              114.73879859282253,
              -3.453600682326867
            ],
            [
              114.7387987604606,
              -3.4536008496604835
            ],
            [
              114.7387987604606,
              -3.4536060370026123
            ],
            [
              114.73882005049467,
              -3.4536060370026123
            ],
            [
              114.73882021813273,
              -3.4536062043362294
            ],
            [
              114.73882021813273,
              -3.4536113916783284
            ],
            [
              114.73883094696878,
              -3.4536113916783284
            ],
            [
              114.73883111460682,
              -3.453611559011944
            ],
            [
              114.73883111460682,
              -3.4536167463540144
            ],
            [
              114.73884704022285,
              -3.4536167463540144
            ],
            [
              114.73884720786094,
              -3.453616913687629
            ],
            [
              114.73884720786094,
              -3.4536221010296697
            ],
            [
              114.73885776905894,
              -3.4536221010296697
            ],
            [
              114.73885793669699,
              -3.4536222683632833
            ],
            [
              114.73885793669699,
              -3.4536274557052944
            ],
            [
              114.73887939436912,
              -3.4536274557052944
            ],
            [
              114.73887956200717,
              -3.453627623038908
            ],
            [
              114.73887956200717,
              -3.453632977714502
            ],
            [
              114.73893873824358,
              -3.453632977714502
            ],
            [
              114.73893890588162,
              -3.453633145048114
            ],
            [
              114.73893890588162,
              -3.4536383323900663
            ],
            [
              114.73895483149765,
              -3.4536383323900663
            ],
            [
              114.73895499913573,
              -3.453638499723676
            ],
            [
              114.73895499913573,
              -3.453643687065599
            ],
            [
              114.73897645680783,
              -3.453643687065599
            ],
            [
              114.7389766244459,
              -3.45364385439921
            ],
            [
              114.7389766244459,
              -3.453649041741103
            ],
            [
              114.73899255006192,
              -3.453649041741103
            ],
            [
              114.7389927177,
              -3.4536492090747117
            ],
            [
              114.7389927177,
              -3.4536543964165762
            ],
            [
              114.73900881095408,
              -3.4536543964165762
            ],
            [
              114.73900897859212,
              -3.453654563750185
            ],
            [
              114.73900897859212,
              -3.4536597510920197
            ],
            [
              114.73902490420815,
              -3.4536597510920197
            ],
            [
              114.73902507184624,
              -3.453659918425626
            ],
            [
              114.73902507184624,
              -3.4536651057674326
            ],
            [
              114.73904116510032,
              -3.4536651057674326
            ],
            [
              114.7390413327384,
              -3.4536652731010387
            ],
            [
              114.7390413327384,
              -3.4536706277764204
            ],
            [
              114.73906798719047,
              -3.4536706277764204
            ],
            [
              114.73906815482856,
              -3.4536707951100256
            ],
            [
              114.73906815482856,
              -3.4536759824517724
            ],
            [
              114.73910034133671,
              -3.4536759824517724
            ],
            [
              114.73910050897479,
              -3.453676149785376
            ],
            [
              114.73910050897479,
              -3.4536813371270934
            ],
            [
              114.73911123781085,
              -3.4536813371270934
            ],
            [
              114.7391114054489,
              -3.4536815044606968
            ],
            [
              114.7391114054489,
              -3.453686691802385
            ],
            [
              114.73912733106492,
              -3.453686691802385
            ],
            [
              114.73912749870298,
              -3.453686859135986
            ],
            [
              114.73912749870298,
              -3.4536920464776455
            ],
            [
              114.73914895637512,
              -3.4536920464776455
            ],
            [
              114.73914912401317,
              -3.4536922138112467
            ],
            [
              114.73914912401317,
              -3.4536974011528763
            ],
            [
              114.73917041404722,
              -3.4536974011528763
            ],
            [
              114.7391705816853,
              -3.453697568486476
            ],
            [
              114.7391705816853,
              -3.453702755828077
            ],
            [
              114.73919740377545,
              -3.453702755828077
            ],
            [
              114.73919757141351,
              -3.4537029231616763
            ],
            [
              114.73919757141351,
              -3.4537082778368453
            ],
            [
              114.73926747648596,
              -3.4537082778368453
            ],
            [
              114.73926764412401,
              -3.453708445170444
            ],
            [
              114.73926764412401,
              -3.453713632511985
            ],
            [
              114.7392998306322,
              -3.453713632511985
            ],
            [
              114.73929999827025,
              -3.4537137998455822
            ],
            [
              114.73929999827025,
              -3.4537189871870932
            ],
            [
              114.73931592388628,
              -3.4537189871870932
            ],
            [
              114.73931609152436,
              -3.4537191545206904
            ],
            [
              114.73931609152436,
              -3.453724341862173
            ],
            [
              114.73933218477843,
              -3.453724341862173
            ],
            [
              114.73933235241653,
              -3.4537245091957685
            ],
            [
              114.73933235241653,
              -3.4537296965372213
            ],
            [
              114.7393429136145,
              -3.4537296965372213
            ],
            [
              114.73934308125257,
              -3.4537298638708163
            ],
            [
              114.73934308125257,
              -3.4537350512122402
            ],
            [
              114.73934827803252,
              -3.4537350512122402
            ],
            [
              114.7393484456706,
              -3.4537352185458334
            ],
            [
              114.7393484456706,
              -3.453740573220821
            ],
            [
              114.7393590068686,
              -3.453740573220821
            ],
            [
              114.73935917450665,
              -3.4537407405544136
            ],
            [
              114.73935917450665,
              -3.453745927895778
            ],
            [
              114.73938599659678,
              -3.453745927895778
            ],
            [
              114.73938616423486,
              -3.45374609522937
            ],
            [
              114.73938616423486,
              -3.4537512825707046
            ],
            [
              114.73939689307092,
              -3.4537512825707046
            ],
            [
              114.739397060709,
              -3.4537514499042956
            ],
            [
              114.739397060709,
              -3.4537566372456014
            ],
            [
              114.73944534047126,
              -3.4537566372456014
            ],
            [
              114.73944550810931,
              -3.453756804579191
            ],
            [
              114.73944550810931,
              -3.453761991920468
            ],
            [
              114.7394507048893,
              -3.453761991920468
            ],
            [
              114.7394507048893,
              -3.453756804579191
            ],
            [
              114.73945087252734,
              -3.4537566372456014
            ],
            [
              114.7394776946175,
              -3.4537566372456014
            ],
            [
              114.73947786225555,
              -3.453756804579191
            ],
            [
              114.73947786225555,
              -3.453761991920468
            ],
            [
              114.73952614201784,
              -3.453761991920468
            ],
            [
              114.7395263096559,
              -3.4537621592540573
            ],
            [
              114.7395263096559,
              -3.453767346595304
            ],
            [
              114.73954240290998,
              -3.453767346595304
            ],
            [
              114.73954257054805,
              -3.4537675139288924
            ],
            [
              114.73954257054805,
              -3.4537727012701103
            ],
            [
              114.73955313174604,
              -3.4537727012701103
            ],
            [
              114.73955329938411,
              -3.4537728686036973
            ],
            [
              114.73955329938411,
              -3.4537782232784724
            ],
            [
              114.73962320445656,
              -3.4537782232784724
            ],
            [
              114.73962337209461,
              -3.4537783906120585
            ],
            [
              114.73962337209461,
              -3.453783577953217
            ],
            [
              114.73963393329261,
              -3.453783577953217
            ],
            [
              114.73963410093067,
              -3.4537837452868025
            ],
            [
              114.73963410093067,
              -3.453788932627931
            ],
            [
              114.73964466212867,
              -3.453788932627931
            ],
            [
              114.73964482976672,
              -3.453789099961516
            ],
            [
              114.73964482976672,
              -3.4537942873026153
            ],
            [
              114.73967165185691,
              -3.4537942873026153
            ],
            [
              114.73967181949496,
              -3.4537944546361996
            ],
            [
              114.73967181949496,
              -3.4537996419772696
            ],
            [
              114.7397147348392,
              -3.4537996419772696
            ],
            [
              114.73971490247725,
              -3.453799809310852
            ],
            [
              114.73971490247725,
              -3.4538049966518938
            ],
            [
              114.73976871429562,
              -3.4538049966518938
            ],
            [
              114.73976888193368,
              -3.4538051639854754
            ],
            [
              114.73976888193368,
              -3.453810518660068
            ],
            [
              114.7397848075497,
              -3.453810518660068
            ],
            [
              114.73978497518776,
              -3.4538106859936484
            ],
            [
              114.73978497518776,
              -3.453815873334631
            ],
            [
              114.73980106844186,
              -3.453815873334631
            ],
            [
              114.73980123607991,
              -3.4538160406682104
            ],
            [
              114.73980123607991,
              -3.4538212280091627
            ],
            [
              114.73982252611397,
              -3.4538212280091627
            ],
            [
              114.73982269375205,
              -3.4538213953427417
            ],
            [
              114.73982269375205,
              -3.4538265826836656
            ],
            [
              114.7398334225881,
              -3.4538265826836656
            ],
            [
              114.73983359022616,
              -3.453826750017243
            ],
            [
              114.73983359022616,
              -3.453831937358137
            ],
            [
              114.73988723440645,
              -3.453831937358137
            ],
            [
              114.73988723440645,
              -3.453826750017243
            ],
            [
              114.73988740204453,
              -3.4538265826836656
            ],
            [
              114.73991958855271,
              -3.4538265826836656
            ],
            [
              114.73991975619077,
              -3.453826750017243
            ],
            [
              114.73991975619077,
              -3.453831937358137
            ],
            [
              114.73994121386288,
              -3.453831937358137
            ],
            [
              114.73994138150096,
              -3.4538321046917146
            ],
            [
              114.73994138150096,
              -3.4538372920325786
            ],
            [
              114.74001665099142,
              -3.4538372920325786
            ],
            [
              114.74001665099142,
              -3.453826750017243
            ],
            [
              114.74000608979343,
              -3.453826750017243
            ],
            [
              114.74000592215535,
              -3.4538265826836656
            ],
            [
              114.74000592215535,
              -3.4538213953427417
            ],
            [
              114.73998982890127,
              -3.4538213953427417
            ],
            [
              114.73998966126321,
              -3.4538212280091627
            ],
            [
              114.73998966126321,
              -3.4538160406682104
            ],
            [
              114.7399737356472,
              -3.4538160406682104
            ],
            [
              114.7399735680091,
              -3.453815873334631
            ],
            [
              114.7399735680091,
              -3.4538106859936484
            ],
            [
              114.73994138150096,
              -3.4538106859936484
            ],
            [
              114.73994121386288,
              -3.453810518660068
            ],
            [
              114.73994121386288,
              -3.4538051639854754
            ],
            [
              114.73991975619077,
              -3.4538051639854754
            ],
            [
              114.73991958855271,
              -3.4538049966518938
            ],
            [
              114.73991958855271,
              -3.453799809310852
            ],
            [
              114.73985504789829,
              -3.453799809310852
            ],
            [
              114.73985488026021,
              -3.4537996419772696
            ],
            [
              114.73985488026021,
              -3.4537944546361996
            ],
            [
              114.73983359022616,
              -3.4537944546361996
            ],
            [
              114.7398334225881,
              -3.4537942873026153
            ],
            [
              114.7398334225881,
              -3.453789099961516
            ],
            [
              114.739817329334,
              -3.453789099961516
            ],
            [
              114.73981716169594,
              -3.453788932627931
            ],
            [
              114.73981716169594,
              -3.4537837452868025
            ],
            [
              114.73978497518776,
              -3.4537837452868025
            ],
            [
              114.7397848075497,
              -3.453783577953217
            ],
            [
              114.7397848075497,
              -3.4537783906120585
            ],
            [
              114.73976351751563,
              -3.4537783906120585
            ],
            [
              114.73976334987758,
              -3.4537782232784724
            ],
            [
              114.73976334987758,
              -3.4537728686036973
            ],
            [
              114.73974725662349,
              -3.4537728686036973
            ],
            [
              114.73974708898544,
              -3.4537727012701103
            ],
            [
              114.73974708898544,
              -3.4537675139288924
            ],
            [
              114.73973116336938,
              -3.4537675139288924
            ],
            [
              114.73973099573134,
              -3.453767346595304
            ],
            [
              114.73973099573134,
              -3.4537621592540573
            ],
            [
              114.73969344480514,
              -3.4537621592540573
            ],
            [
              114.73969327716706,
              -3.453761991920468
            ],
            [
              114.73969327716706,
              -3.453756804579191
            ],
            [
              114.73966109065888,
              -3.453756804579191
            ],
            [
              114.73966092302082,
              -3.4537566372456014
            ],
            [
              114.73966092302082,
              -3.4537514499042956
            ],
            [
              114.7396180076766,
              -3.4537514499042956
            ],
            [
              114.73961784003853,
              -3.4537512825707046
            ],
            [
              114.73961784003853,
              -3.45374609522937
            ],
            [
              114.73960174678443,
              -3.45374609522937
            ],
            [
              114.73960157914638,
              -3.453745927895778
            ],
            [
              114.73960157914638,
              -3.4537407405544136
            ],
            [
              114.73956939263819,
              -3.4537407405544136
            ],
            [
              114.73956922500014,
              -3.453740573220821
            ],
            [
              114.73956922500014,
              -3.4537352185458334
            ],
            [
              114.73953703849195,
              -3.4537352185458334
            ],
            [
              114.7395368708539,
              -3.4537350512122402
            ],
            [
              114.7395368708539,
              -3.4537298638708163
            ],
            [
              114.73951558081983,
              -3.4537298638708163
            ],
            [
              114.73951541318176,
              -3.4537296965372213
            ],
            [
              114.73951541318176,
              -3.4537245091957685
            ],
            [
              114.73948859109161,
              -3.4537245091957685
            ],
            [
              114.73948842345355,
              -3.453724341862173
            ],
            [
              114.73948842345355,
              -3.4537191545206904
            ],
            [
              114.73947249783753,
              -3.4537191545206904
            ],
            [
              114.73947233019948,
              -3.4537189871870932
            ],
            [
              114.73947233019948,
              -3.4537137998455822
            ],
            [
              114.73945087252734,
              -3.4537137998455822
            ],
            [
              114.7394507048893,
              -3.453713632511985
            ],
            [
              114.7394507048893,
              -3.453708445170444
            ],
            [
              114.73943477927327,
              -3.453708445170444
            ],
            [
              114.73943461163518,
              -3.4537082778368453
            ],
            [
              114.73943461163518,
              -3.4537029231616763
            ],
            [
              114.73942924721719,
              -3.4537029231616763
            ],
            [
              114.7394290795791,
              -3.453702755828077
            ],
            [
              114.7394290795791,
              -3.453697568486476
            ],
            [
              114.7394185183811,
              -3.453697568486476
            ],
            [
              114.73941835074305,
              -3.4536974011528763
            ],
            [
              114.73941835074305,
              -3.4536922138112467
            ],
            [
              114.73941315396307,
              -3.4536922138112467
            ],
            [
              114.73941298632502,
              -3.4536920464776455
            ],
            [
              114.73941298632502,
              -3.4536815044606968
            ],
            [
              114.73940778954506,
              -3.4536815044606968
            ],
            [
              114.73940762190699,
              -3.4536813371270934
            ],
            [
              114.73940762190699,
              -3.453676149785376
            ],
            [
              114.73938616423486,
              -3.453676149785376
            ],
            [
              114.73938599659678,
              -3.4536759824517724
            ],
            [
              114.73938599659678,
              -3.4536707951100256
            ],
            [
              114.73937007098075,
              -3.4536707951100256
            ],
            [
              114.73937007098075,
              -3.4536759824517724
            ],
            [
              114.7393699033427,
              -3.453676149785376
            ],
            [
              114.73932698799847,
              -3.453676149785376
            ],
            [
              114.73932698799847,
              -3.4536813371270934
            ],
            [
              114.73932682036042,
              -3.4536815044606968
            ],
            [
              114.73931609152436,
              -3.4536815044606968
            ],
            [
              114.73931592388628,
              -3.4536813371270934
            ],
            [
              114.73931592388628,
              -3.453676149785376
            ],
            [
              114.73928373737812,
              -3.453676149785376
            ],
            [
              114.73928356974004,
              -3.4536759824517724
            ],
            [
              114.73928356974004,
              -3.4536707951100256
            ],
            [
              114.7392406543958,
              -3.4536707951100256
            ],
            [
              114.73924048675775,
              -3.4536706277764204
            ],
            [
              114.73924048675775,
              -3.4536652731010387
            ],
            [
              114.73920293583154,
              -3.4536652731010387
            ],
            [
              114.73920276819345,
              -3.4536651057674326
            ],
            [
              114.73920276819345,
              -3.453659918425626
            ],
            [
              114.73918684257745,
              -3.453659918425626
            ],
            [
              114.73918667493938,
              -3.4536597510920197
            ],
            [
              114.73918667493938,
              -3.453654563750185
            ],
            [
              114.7391705816853,
              -3.453654563750185
            ],
            [
              114.73917041404722,
              -3.4536543964165762
            ],
            [
              114.73917041404722,
              -3.4536492090747117
            ],
            [
              114.73914912401317,
              -3.4536492090747117
            ],
            [
              114.73914895637512,
              -3.453649041741103
            ],
            [
              114.73914895637512,
              -3.45364385439921
            ],
            [
              114.73913286312103,
              -3.45364385439921
            ],
            [
              114.73913269548295,
              -3.453643687065599
            ],
            [
              114.73913269548295,
              -3.453638499723676
            ],
            [
              114.73911676986692,
              -3.453638499723676
            ],
            [
              114.73911660222888,
              -3.4536383323900663
            ],
            [
              114.73911660222888,
              -3.453633145048114
            ],
            [
              114.73909514455674,
              -3.453633145048114
            ],
            [
              114.73909497691868,
              -3.453632977714502
            ],
            [
              114.73909497691868,
              -3.453627623038908
            ],
            [
              114.73905742599247,
              -3.453627623038908
            ],
            [
              114.73905725835439,
              -3.4536274557052944
            ],
            [
              114.73905725835439,
              -3.4536222683632833
            ],
            [
              114.73903043626426,
              -3.4536222683632833
            ],
            [
              114.73903026862621,
              -3.4536221010296697
            ],
            [
              114.73903026862621,
              -3.453616913687629
            ],
            [
              114.73900897859212,
              -3.453616913687629
            ],
            [
              114.73900881095408,
              -3.4536167463540144
            ],
            [
              114.73900881095408,
              -3.453611559011944
            ],
            [
              114.73898198886391,
              -3.453611559011944
            ],
            [
              114.73898182122586,
              -3.4536113916783284
            ],
            [
              114.73898182122586,
              -3.4536062043362294
            ],
            [
              114.73896572797179,
              -3.4536062043362294
            ],
            [
              114.73896556033372,
              -3.4536060370026123
            ],
            [
              114.73896556033372,
              -3.4536008496604835
            ],
            [
              114.7389335414636,
              -3.4536008496604835
            ],
            [
              114.73893337382555,
              -3.453600682326867
            ],
            [
              114.73893337382555,
              -3.45359532765109
            ],
            [
              114.73891191615341,
              -3.45359532765109
            ],
            [
              114.73891174851536,
              -3.4535951603174717
            ],
            [
              114.73891174851536,
              -3.4535899729752835
            ],
            [
              114.73889029084323,
              -3.4535899729752835
            ],
            [
              114.73889012320517,
              -3.453589805641664
            ],
            [
              114.73889012320517,
              -3.453584618299447
            ],
            [
              114.73886883317113,
              -3.453584618299447
            ],
            [
              114.73886866553306,
              -3.4535844509658267
            ],
            [
              114.73886866553306,
              -3.4535792636235803
            ],
            [
              114.73883111460682,
              -3.4535792636235803
            ],
            [
              114.73883094696878,
              -3.4535790962899586
            ],
            [
              114.73883094696878,
              -3.453573908947683
            ],
            [
              114.73882021813273,
              -3.453573908947683
            ],
            [
              114.73882005049467,
              -3.453573741614061
            ],
            [
              114.73882005049467,
              -3.4535685542717554
            ],
            [
              114.73880412487864,
              -3.4535685542717554
            ],
            [
              114.73880395724056,
              -3.4535683869381324
            ],
            [
              114.73880395724056,
              -3.4535631995957985
            ],
            [
              114.73877177073238,
              -3.4535631995957985
            ],
            [
              114.73877160309432,
              -3.453563032262174
            ],
            [
              114.73877160309432,
              -3.4535576775861854
            ],
            [
              114.73876104189632,
              -3.4535576775861854
            ],
            [
              114.73876087425828,
              -3.4535575102525606
            ],
            [
              114.73876087425828,
              -3.4535523229101663
            ],
            [
              114.73873941658614,
              -3.4535523229101663
            ],
            [
              114.73873924894808,
              -3.4535521555765403
            ],
            [
              114.73873924894808,
              -3.4535469682341176
            ],
            [
              114.73869633360385,
              -3.4535469682341176
            ],
            [
              114.73869616596576,
              -3.4535468009004906
            ],
            [
              114.73869616596576,
              -3.4535416135580386
            ],
            [
              114.73866934387563,
              -3.4535416135580386
            ],
            [
              114.73866917623758,
              -3.45354144622441
            ],
            [
              114.73866917623758,
              -3.453536258881929
            ],
            [
              114.73864788620351,
              -3.453536258881929
            ],
            [
              114.73864771856545,
              -3.4535360915482998
            ],
            [
              114.73864771856545,
              -3.453530904205789
            ],
            [
              114.7386208964753,
              -3.453530904205789
            ],
            [
              114.73862072883723,
              -3.4535307368721595
            ],
            [
              114.73862072883723,
              -3.4535255495296195
            ],
            [
              114.73858317791102,
              -3.4535255495296195
            ],
            [
              114.73858301027298,
              -3.4535253821959886
            ],
            [
              114.73858301027298,
              -3.4535200275197875
            ],
            [
              114.73855082376478,
              -3.4535200275197875
            ],
            [
              114.7385506561267,
              -3.4535198601861556
            ],
            [
              114.7385506561267,
              -3.453514672843556
            ],
            [
              114.73851846961854,
              -3.453514672843556
            ],
            [
              114.73851830198046,
              -3.4535145055099234
            ],
            [
              114.73851830198046,
              -3.4535093181672947
            ],
            [
              114.73848075105428,
              -3.4535093181672947
            ],
            [
              114.73848058341622,
              -3.4535091508336615
            ],
            [
              114.73848058341622,
              -3.4535039634910034
            ],
            [
              114.73845376132604,
              -3.4535039634910034
            ],
            [
              114.73845359368799,
              -3.453503796157369
            ],
            [
              114.73845359368799,
              -3.453498608814682
            ],
            [
              114.7383999495077,
              -3.453498608814682
            ],
            [
              114.73839978186965,
              -3.4534984414810457
            ],
            [
              114.73839978186965,
              -3.45349325413833
            ],
            [
              114.73838368861557,
              -3.45349325413833
            ],
            [
              114.73838352097748,
              -3.453493086804693
            ],
            [
              114.73838352097748,
              -3.45348773212831
            ],
            [
              114.73836759536145,
              -3.45348773212831
            ],
            [
              114.7383674277234,
              -3.453487564794673
            ],
            [
              114.7383674277234,
              -3.4534823774518966
            ],
            [
              114.73832451237914,
              -3.4534823774518966
            ],
            [
              114.73832434474109,
              -3.453482210118258
            ],
            [
              114.73832434474109,
              -3.4534770227754525
            ],
            [
              114.73829752265095,
              -3.4534770227754525
            ],
            [
              114.73829735501288,
              -3.4534768554418136
            ],
            [
              114.73829735501288,
              -3.4534716680989797
            ],
            [
              114.73828679381491,
              -3.4534716680989797
            ],
            [
              114.73828662617682,
              -3.453471500765339
            ],
            [
              114.73828662617682,
              -3.4534663134224757
            ],
            [
              114.73827589734077,
              -3.4534663134224757
            ],
            [
              114.73827572970269,
              -3.453466146088834
            ],
            [
              114.73827572970269,
              -3.4534609587459415
            ],
            [
              114.73823281435845,
              -3.4534609587459415
            ],
            [
              114.73823264672039,
              -3.453460791412299
            ],
            [
              114.73823264672039,
              -3.4534556040693767
            ],
            [
              114.73821672110437,
              -3.4534556040693767
            ],
            [
              114.73821655346632,
              -3.4534554367357337
            ],
            [
              114.73821655346632,
              -3.4534500820591387
            ],
            [
              114.738173470484,
              -3.4534500820591387
            ],
            [
              114.73817330284594,
              -3.4534499147254945
            ],
            [
              114.73817330284594,
              -3.453444727382513
            ],
            [
              114.73815737722992,
              -3.453444727382513
            ],
            [
              114.73815720959183,
              -3.4534445600488675
            ],
            [
              114.73815720959183,
              -3.4534393727058563
            ],
            [
              114.73813575191973,
              -3.4534393727058563
            ],
            [
              114.73813558428168,
              -3.453439205372211
            ],
            [
              114.73813558428168,
              -3.453434018029171
            ],
            [
              114.73810892982958,
              -3.453434018029171
            ],
            [
              114.73810876219152,
              -3.4534338506955238
            ],
            [
              114.73810876219152,
              -3.4534286633524545
            ],
            [
              114.73807121126531,
              -3.4534286633524545
            ],
            [
              114.73807104362726,
              -3.453428496018806
            ],
            [
              114.73807104362726,
              -3.453423308675708
            ],
            [
              114.73804958595512,
              -3.453423308675708
            ],
            [
              114.73804941831708,
              -3.4534231413420593
            ],
            [
              114.73804941831708,
              -3.4534179539989314
            ],
            [
              114.73802796064494,
              -3.4534179539989314
            ],
            [
              114.73802779300688,
              -3.4534177866652818
            ],
            [
              114.73802779300688,
              -3.453412431988474
            ],
            [
              114.73801186739085,
              -3.453412431988474
            ],
            [
              114.73801169975278,
              -3.453412264654824
            ],
            [
              114.73801169975278,
              -3.4534070773116357
            ],
            [
              114.73800650297284,
              -3.4534070773116357
            ],
            [
              114.73800633533477,
              -3.453406909977984
            ],
            [
              114.73800633533477,
              -3.4534017226347675
            ],
            [
              114.73800113855481,
              -3.4534017226347675
            ],
            [
              114.73800097091673,
              -3.4534015553011153
            ],
            [
              114.73800097091673,
              -3.4533910132809407
            ]
          ],
          [
            [
              114.73928373737812,
              -3.453374781916316
            ],
            [
              114.73928373737812,
              -3.45337996925968
            ],
            [
              114.73929446621418,
              -3.45337996925968
            ],
            [
              114.73929463385223,
              -3.4533801365933363
            ],
            [
              114.73929463385223,
              -3.453385491270326
            ],
            [
              114.7392998306322,
              -3.453385491270326
            ],
            [
              114.7392998306322,
              -3.4533801365933363
            ],
            [
              114.73929999827025,
              -3.45337996925968
            ],
            [
              114.73931055946825,
              -3.45337996925968
            ],
            [
              114.73931055946825,
              -3.453374781916316
            ]
          ],
          [
            [
              114.7395102164018,
              -3.453105876690874
            ],
            [
              114.7395102164018,
              -3.453116418714214
            ],
            [
              114.73951004876373,
              -3.4531165860479174
            ],
            [
              114.73950485198377,
              -3.4531165860479174
            ],
            [
              114.73950485198377,
              -3.4531271280711384
            ],
            [
              114.73951004876373,
              -3.4531271280711384
            ],
            [
              114.7395102164018,
              -3.4531272954048395
            ],
            [
              114.7395102164018,
              -3.4531433594399963
            ],
            [
              114.73951004876373,
              -3.4531435267736943
            ],
            [
              114.73949931992766,
              -3.4531435267736943
            ],
            [
              114.73949931992766,
              -3.4531487141183224
            ],
            [
              114.73949915228961,
              -3.453148881452019
            ],
            [
              114.73949395550966,
              -3.453148881452019
            ],
            [
              114.73949395550966,
              -3.4531540687966165
            ],
            [
              114.73949378787158,
              -3.453154236130313
            ],
            [
              114.73948322667358,
              -3.453154236130313
            ],
            [
              114.73948322667358,
              -3.4531594234748817
            ],
            [
              114.73948305903552,
              -3.453159590808577
            ],
            [
              114.73946696578142,
              -3.453159590808577
            ],
            [
              114.73946696578142,
              -3.453164778153116
            ],
            [
              114.73947233019948,
              -3.453164778153116
            ],
            [
              114.73947249783753,
              -3.4531649454868107
            ],
            [
              114.73947249783753,
              -3.4531863641994436
            ],
            [
              114.7394776946175,
              -3.4531863641994436
            ],
            [
              114.73947786225555,
              -3.453186531533134
            ],
            [
              114.73947786225555,
              -3.4532293689569427
            ],
            [
              114.7394776946175,
              -3.453229536290626
            ],
            [
              114.73947249783753,
              -3.453229536290626
            ],
            [
              114.73947249783753,
              -3.453250955001802
            ],
            [
              114.73947233019948,
              -3.4532511223354807
            ],
            [
              114.73946696578142,
              -3.4532511223354807
            ],
            [
              114.73946696578142,
              -3.4533046691112976
            ],
            [
              114.73946679814337,
              -3.453304836444967
            ],
            [
              114.73946160136342,
              -3.453304836444967
            ],
            [
              114.73946160136342,
              -3.453326255154445
            ],
            [
              114.73946679814337,
              -3.453326255154445
            ],
            [
              114.73946696578142,
              -3.4533264224881104
            ],
            [
              114.73946696578142,
              -3.453347841197101
            ],
            [
              114.73946679814337,
              -3.453348008530763
            ],
            [
              114.73946160136342,
              -3.453348008530763
            ],
            [
              114.73946160136342,
              -3.4533639052285263
            ],
            [
              114.73946143372534,
              -3.453364072562185
            ],
            [
              114.73945087252734,
              -3.453364072562185
            ],
            [
              114.73945087252734,
              -3.453369259905607
            ],
            [
              114.7394507048893,
              -3.4533694272392665
            ],
            [
              114.73943477927327,
              -3.4533694272392665
            ],
            [
              114.73943477927327,
              -3.453374614582659
            ],
            [
              114.73943461163518,
              -3.453374781916316
            ],
            [
              114.73942388279913,
              -3.453374781916316
            ],
            [
              114.73942388279913,
              -3.45337996925968
            ],
            [
              114.73942371516108,
              -3.4533801365933363
            ],
            [
              114.7394185183811,
              -3.4533801365933363
            ],
            [
              114.7394185183811,
              -3.453385491270326
            ],
            [
              114.73941835074305,
              -3.453385658603982
            ],
            [
              114.73941315396307,
              -3.453385658603982
            ],
            [
              114.73941315396307,
              -3.4533962006242156
            ],
            [
              114.73941298632502,
              -3.453396367957869
            ],
            [
              114.73940778954506,
              -3.453396367957869
            ],
            [
              114.73940778954506,
              -3.4534015553011153
            ],
            [
              114.73941298632502,
              -3.4534015553011153
            ],
            [
              114.73941315396307,
              -3.4534017226347675
            ],
            [
              114.73941315396307,
              -3.453406909977984
            ],
            [
              114.73941835074305,
              -3.453406909977984
            ],
            [
              114.7394185183811,
              -3.4534070773116357
            ],
            [
              114.7394185183811,
              -3.453412264654824
            ],
            [
              114.73942371516108,
              -3.453412264654824
            ],
            [
              114.73942388279913,
              -3.453412431988474
            ],
            [
              114.73942388279913,
              -3.4534177866652818
            ],
            [
              114.7394290795791,
              -3.4534177866652818
            ],
            [
              114.73942924721719,
              -3.4534179539989314
            ],
            [
              114.73942924721719,
              -3.4534231413420593
            ],
            [
              114.73943461163518,
              -3.4534231413420593
            ],
            [
              114.73943477927327,
              -3.453423308675708
            ],
            [
              114.73943477927327,
              -3.453439205372211
            ],
            [
              114.73943997605323,
              -3.453439205372211
            ],
            [
              114.73944014369128,
              -3.4534393727058563
            ],
            [
              114.73944014369128,
              -3.4534445600488675
            ],
            [
              114.73943997605323,
              -3.453444727382513
            ],
            [
              114.73943477927327,
              -3.453444727382513
            ],
            [
              114.73943477927327,
              -3.453460791412299
            ],
            [
              114.73943461163518,
              -3.4534609587459415
            ],
            [
              114.73942924721719,
              -3.4534609587459415
            ],
            [
              114.73942924721719,
              -3.453471500765339
            ],
            [
              114.7394290795791,
              -3.4534716680989797
            ],
            [
              114.73942388279913,
              -3.4534716680989797
            ],
            [
              114.73942388279913,
              -3.453493086804693
            ],
            [
              114.73942371516108,
              -3.45349325413833
            ],
            [
              114.7394185183811,
              -3.45349325413833
            ],
            [
              114.7394185183811,
              -3.453503796157369
            ],
            [
              114.73941835074305,
              -3.4535039634910034
            ],
            [
              114.73941315396307,
              -3.4535039634910034
            ],
            [
              114.73941315396307,
              -3.4535145055099234
            ],
            [
              114.73941298632502,
              -3.453514672843556
            ],
            [
              114.73940778954506,
              -3.453514672843556
            ],
            [
              114.73940778954506,
              -3.4535198601861556
            ],
            [
              114.73940762190699,
              -3.4535200275197875
            ],
            [
              114.739402425127,
              -3.4535200275197875
            ],
            [
              114.739402425127,
              -3.4535468009004906
            ],
            [
              114.73940225748895,
              -3.4535469682341176
            ],
            [
              114.739397060709,
              -3.4535469682341176
            ],
            [
              114.739397060709,
              -3.453563032262174
            ],
            [
              114.73940225748895,
              -3.453563032262174
            ],
            [
              114.739402425127,
              -3.4535631995957985
            ],
            [
              114.739402425127,
              -3.453600682326867
            ],
            [
              114.73940762190699,
              -3.453600682326867
            ],
            [
              114.73940762190699,
              -3.45359532765109
            ],
            [
              114.73940778954506,
              -3.4535951603174717
            ],
            [
              114.73941298632502,
              -3.4535951603174717
            ],
            [
              114.73941298632502,
              -3.453584618299447
            ],
            [
              114.73941315396307,
              -3.4535844509658267
            ],
            [
              114.73942371516108,
              -3.4535844509658267
            ],
            [
              114.73942371516108,
              -3.4535792636235803
            ],
            [
              114.73942388279913,
              -3.4535790962899586
            ],
            [
              114.7394290795791,
              -3.4535790962899586
            ],
            [
              114.7394290795791,
              -3.4535631995957985
            ],
            [
              114.73942924721719,
              -3.453563032262174
            ],
            [
              114.73943461163518,
              -3.453563032262174
            ],
            [
              114.73943461163518,
              -3.4535523229101663
            ],
            [
              114.73943477927327,
              -3.4535521555765403
            ],
            [
              114.73943997605323,
              -3.4535521555765403
            ],
            [
              114.73943997605323,
              -3.4535416135580386
            ],
            [
              114.73944014369128,
              -3.45354144622441
            ],
            [
              114.73944534047126,
              -3.45354144622441
            ],
            [
              114.73944534047126,
              -3.453536258881929
            ],
            [
              114.73944550810931,
              -3.4535360915482998
            ],
            [
              114.7394507048893,
              -3.4535360915482998
            ],
            [
              114.7394507048893,
              -3.4535039634910034
            ],
            [
              114.73945087252734,
              -3.453503796157369
            ],
            [
              114.73945606930731,
              -3.453503796157369
            ],
            [
              114.73945606930731,
              -3.4534823774518966
            ],
            [
              114.73945623694537,
              -3.453482210118258
            ],
            [
              114.73946143372534,
              -3.453482210118258
            ],
            [
              114.73946143372534,
              -3.4534609587459415
            ],
            [
              114.73946160136342,
              -3.453460791412299
            ],
            [
              114.73946679814337,
              -3.453460791412299
            ],
            [
              114.73946679814337,
              -3.4534556040693767
            ],
            [
              114.73946696578142,
              -3.4534554367357337
            ],
            [
              114.73947233019948,
              -3.4534554367357337
            ],
            [
              114.73947233019948,
              -3.4534500820591387
            ],
            [
              114.73947249783753,
              -3.4534499147254945
            ],
            [
              114.7394776946175,
              -3.4534499147254945
            ],
            [
              114.7394776946175,
              -3.453444727382513
            ],
            [
              114.73947786225555,
              -3.4534445600488675
            ],
            [
              114.73948842345355,
              -3.4534445600488675
            ],
            [
              114.73948842345355,
              -3.4533910132809407
            ],
            [
              114.73948322667358,
              -3.4533910132809407
            ],
            [
              114.73948305903552,
              -3.453390845947286
            ],
            [
              114.73948305903552,
              -3.4533694272392665
            ],
            [
              114.73947786225555,
              -3.4533694272392665
            ],
            [
              114.7394776946175,
              -3.453369259905607
            ],
            [
              114.7394776946175,
              -3.453348008530763
            ],
            [
              114.73947786225555,
              -3.453347841197101
            ],
            [
              114.73948305903552,
              -3.453347841197101
            ],
            [
              114.73948305903552,
              -3.4533424865198987
            ],
            [
              114.73948322667358,
              -3.4533423191862354
            ],
            [
              114.73949378787158,
              -3.4533423191862354
            ],
            [
              114.73949378787158,
              -3.4533264224881104
            ],
            [
              114.73949395550966,
              -3.453326255154445
            ],
            [
              114.73949915228961,
              -3.453326255154445
            ],
            [
              114.73949915228961,
              -3.453304836444967
            ],
            [
              114.73949931992766,
              -3.4533046691112976
            ],
            [
              114.73950468434572,
              -3.4533046691112976
            ],
            [
              114.73950468434572,
              -3.4532725410461698
            ],
            [
              114.73950485198377,
              -3.453272373712495
            ],
            [
              114.73951004876373,
              -3.453272373712495
            ],
            [
              114.73951004876373,
              -3.4532457676577333
            ],
            [
              114.7395102164018,
              -3.4532456003240526
            ],
            [
              114.73951541318176,
              -3.4532456003240526
            ],
            [
              114.73951541318176,
              -3.4532241816127565
            ],
            [
              114.73951558081983,
              -3.4532240142790727
            ],
            [
              114.7395207775998,
              -3.4532240142790727
            ],
            [
              114.7395207775998,
              -3.453181176855022
            ],
            [
              114.73952094523784,
              -3.4531810095213307
            ],
            [
              114.73952614201784,
              -3.4531810095213307
            ],
            [
              114.73952614201784,
              -3.453170467498708
            ],
            [
              114.7395263096559,
              -3.453170300165014
            ],
            [
              114.73953150643584,
              -3.453170300165014
            ],
            [
              114.73953150643584,
              -3.4531649454868107
            ],
            [
              114.73953167407393,
              -3.453164778153116
            ],
            [
              114.7395368708539,
              -3.453164778153116
            ],
            [
              114.7395368708539,
              -3.4531435267736943
            ],
            [
              114.73953703849195,
              -3.4531433594399963
            ],
            [
              114.73954240290998,
              -3.4531433594399963
            ],
            [
              114.73954240290998,
              -3.4531112313694106
            ],
            [
              114.73953703849195,
              -3.4531112313694106
            ],
            [
              114.7395368708539,
              -3.4531110640357072
            ],
            [
              114.7395368708539,
              -3.453105876690874
            ]
          ],
          [
            [
              114.73598529084205,
              -3.453105876690874
            ],
            [
              114.73598529084205,
              -3.453116418714214
            ],
            [
              114.73598512320396,
              -3.4531165860479174
            ],
            [
              114.73597992642402,
              -3.4531165860479174
            ],
            [
              114.73597992642402,
              -3.453138004761641
            ],
            [
              114.73597975878594,
              -3.45313817209534
            ],
            [
              114.73597456200599,
              -3.45313817209534
            ],
            [
              114.73597456200599,
              -3.4531487141183224
            ],
            [
              114.73597439436791,
              -3.453148881452019
            ],
            [
              114.73596919758795,
              -3.453148881452019
            ],
            [
              114.73596919758795,
              -3.4531594234748817
            ],
            [
              114.73596902994989,
              -3.453159590808577
            ],
            [
              114.73596383316995,
              -3.453159590808577
            ],
            [
              114.73596383316995,
              -3.4531863641994436
            ],
            [
              114.73596366553186,
              -3.453186531533134
            ],
            [
              114.73595846875189,
              -3.453186531533134
            ],
            [
              114.73595846875189,
              -3.453202595567289
            ],
            [
              114.73595830111384,
              -3.4532027629009767
            ],
            [
              114.73595293669578,
              -3.4532027629009767
            ],
            [
              114.73595293669578,
              -3.4532240142790727
            ],
            [
              114.73595276905773,
              -3.4532241816127565
            ],
            [
              114.73594757227778,
              -3.4532241816127565
            ],
            [
              114.73594757227778,
              -3.4532778957237666
            ],
            [
              114.7359474046397,
              -3.453278063057441
            ],
            [
              114.73594220785975,
              -3.453278063057441
            ],
            [
              114.73594220785975,
              -3.45328860507887
            ],
            [
              114.73594204022167,
              -3.453288772412542
            ],
            [
              114.7359368434417,
              -3.453288772412542
            ],
            [
              114.7359368434417,
              -3.4533046691112976
            ],
            [
              114.73593667580364,
              -3.453304836444967
            ],
            [
              114.7359314790237,
              -3.453304836444967
            ],
            [
              114.7359314790237,
              -3.4533101911223816
            ],
            [
              114.73593131138563,
              -3.4533103584560503
            ],
            [
              114.73592075018762,
              -3.4533103584560503
            ],
            [
              114.73592075018762,
              -3.4533155457997666
            ],
            [
              114.7359259469676,
              -3.4533155457997666
            ],
            [
              114.73592611460565,
              -3.453315713133434
            ],
            [
              114.73592611460565,
              -3.45332090047712
            ],
            [
              114.73593131138563,
              -3.45332090047712
            ],
            [
              114.7359314790237,
              -3.4533210678107875
            ],
            [
              114.7359314790237,
              -3.453331609831738
            ],
            [
              114.73593667580364,
              -3.453331609831738
            ],
            [
              114.7359368434417,
              -3.4533317771654035
            ],
            [
              114.7359368434417,
              -3.4533369645090017
            ],
            [
              114.73593667580364,
              -3.453337131842666
            ],
            [
              114.7359314790237,
              -3.453337131842666
            ],
            [
              114.7359314790237,
              -3.453353195874273
            ],
            [
              114.73593131138563,
              -3.453353363207934
            ],
            [
              114.73592611460565,
              -3.453353363207934
            ],
            [
              114.73592611460565,
              -3.4533585505514144
            ],
            [
              114.73593131138563,
              -3.4533585505514144
            ],
            [
              114.7359314790237,
              -3.4533587178850746
            ],
            [
              114.7359314790237,
              -3.453374614582659
            ],
            [
              114.73593667580364,
              -3.453374614582659
            ],
            [
              114.7359368434417,
              -3.453374781916316
            ],
            [
              114.7359368434417,
              -3.453390845947286
            ],
            [
              114.73593667580364,
              -3.4533910132809407
            ],
            [
              114.7359314790237,
              -3.4533910132809407
            ],
            [
              114.7359314790237,
              -3.4534177866652818
            ],
            [
              114.73593131138563,
              -3.4534179539989314
            ],
            [
              114.73592611460565,
              -3.4534179539989314
            ],
            [
              114.73592611460565,
              -3.4534445600488675
            ],
            [
              114.7359259469676,
              -3.453444727382513
            ],
            [
              114.73592075018762,
              -3.453444727382513
            ],
            [
              114.73592075018762,
              -3.4534554367357337
            ],
            [
              114.73592058254954,
              -3.4534556040693767
            ],
            [
              114.73591521813154,
              -3.4534556040693767
            ],
            [
              114.73591521813154,
              -3.453471500765339
            ],
            [
              114.73591505049346,
              -3.4534716680989797
            ],
            [
              114.73590448929546,
              -3.4534716680989797
            ],
            [
              114.73590448929546,
              -3.4534768554418136
            ],
            [
              114.73590432165742,
              -3.4534770227754525
            ],
            [
              114.73589912487743,
              -3.4534770227754525
            ],
            [
              114.73589912487743,
              -3.4535091508336615
            ],
            [
              114.73589895723939,
              -3.4535093181672947
            ],
            [
              114.7358937604594,
              -3.4535093181672947
            ],
            [
              114.7358937604594,
              -3.4535198601861556
            ],
            [
              114.73589359282136,
              -3.4535200275197875
            ],
            [
              114.73588839604139,
              -3.4535200275197875
            ],
            [
              114.73588839604139,
              -3.4535253821959886
            ],
            [
              114.7358882284033,
              -3.4535255495296195
            ],
            [
              114.73588286398528,
              -3.4535255495296195
            ],
            [
              114.73588286398528,
              -3.453563032262174
            ],
            [
              114.73588269634722,
              -3.4535631995957985
            ],
            [
              114.73587749956725,
              -3.4535631995957985
            ],
            [
              114.73587749956725,
              -3.4535844509658267
            ],
            [
              114.73587733192919,
              -3.453584618299447
            ],
            [
              114.73587213514922,
              -3.453584618299447
            ],
            [
              114.73587213514922,
              -3.4536113916783284
            ],
            [
              114.73587196751117,
              -3.453611559011944
            ],
            [
              114.73586677073119,
              -3.453611559011944
            ],
            [
              114.73586677073119,
              -3.4536274557052944
            ],
            [
              114.73586660309314,
              -3.453627623038908
            ],
            [
              114.73586140631318,
              -3.453627623038908
            ],
            [
              114.73586140631318,
              -3.453632977714502
            ],
            [
              114.73586123867511,
              -3.453633145048114
            ],
            [
              114.73585604189512,
              -3.453633145048114
            ],
            [
              114.73585604189512,
              -3.4536597510920197
            ],
            [
              114.73585587425707,
              -3.453659918425626
            ],
            [
              114.73585067747712,
              -3.453659918425626
            ],
            [
              114.73585067747712,
              -3.4536920464776455
            ],
            [
              114.73585050983904,
              -3.4536922138112467
            ],
            [
              114.73584514542101,
              -3.4536922138112467
            ],
            [
              114.73584514542101,
              -3.4537082778368453
            ],
            [
              114.73584497778296,
              -3.453708445170444
            ],
            [
              114.73583978100298,
              -3.453708445170444
            ],
            [
              114.73583978100298,
              -3.453713632511985
            ],
            [
              114.73583961336493,
              -3.4537137998455822
            ],
            [
              114.73583441658496,
              -3.4537137998455822
            ],
            [
              114.73583441658496,
              -3.453724341862173
            ],
            [
              114.73583424894687,
              -3.4537245091957685
            ],
            [
              114.73582905216693,
              -3.4537245091957685
            ],
            [
              114.73582905216693,
              -3.453740573220821
            ],
            [
              114.73582888452887,
              -3.4537407405544136
            ],
            [
              114.73582368774888,
              -3.4537407405544136
            ],
            [
              114.73582368774888,
              -3.4537566372456014
            ],
            [
              114.73582352011083,
              -3.453756804579191
            ],
            [
              114.73581832333088,
              -3.453756804579191
            ],
            [
              114.73581832333088,
              -3.4537727012701103
            ],
            [
              114.7358181556928,
              -3.4537728686036973
            ],
            [
              114.73581295891283,
              -3.4537728686036973
            ],
            [
              114.73581295891283,
              -3.453783577953217
            ],
            [
              114.73581279127477,
              -3.4537837452868025
            ],
            [
              114.73580742685675,
              -3.4537837452868025
            ],
            [
              114.73580742685675,
              -3.4538049966518938
            ],
            [
              114.73580725921869,
              -3.4538051639854754
            ],
            [
              114.73580206243872,
              -3.4538051639854754
            ],
            [
              114.73580206243872,
              -3.45384264670699
            ],
            [
              114.73580189480064,
              -3.453842814040566
            ],
            [
              114.73579669802069,
              -3.453842814040566
            ],
            [
              114.73579669802069,
              -3.453869587412165
            ],
            [
              114.73579653038264,
              -3.4538697547457353
            ],
            [
              114.73579133360263,
              -3.4538697547457353
            ],
            [
              114.73579133360263,
              -3.45388581876833
            ],
            [
              114.73579116596459,
              -3.4538859861018976
            ],
            [
              114.73578596918462,
              -3.4538859861018976
            ],
            [
              114.73578596918462,
              -3.453918114146266
            ],
            [
              114.73578580154656,
              -3.4539182814798264
            ],
            [
              114.73578060476659,
              -3.4539182814798264
            ],
            [
              114.73578060476659,
              -3.4539718282180147
            ],
            [
              114.73578043712854,
              -3.4539719955515666
            ],
            [
              114.73577507271051,
              -3.4539719955515666
            ],
            [
              114.73577507271051,
              -3.4540364189669353
            ],
            [
              114.73577490507243,
              -3.4540365863004756
            ],
            [
              114.73576970829248,
              -3.4540365863004756
            ],
            [
              114.73576970829248,
              -3.4540794236859296
            ],
            [
              114.7357695406544,
              -3.4540795910194624
            ],
            [
              114.73576434387445,
              -3.4540795910194624
            ],
            [
              114.73576434387445,
              -3.4540901330319906
            ],
            [
              114.7357641762364,
              -3.4540903003655217
            ],
            [
              114.7357589794564,
              -3.4540903003655217
            ],
            [
              114.7357589794564,
              -3.45410100971146
            ],
            [
              114.7357641762364,
              -3.45410100971146
            ],
            [
              114.73576434387445,
              -3.4541011770449903
            ],
            [
              114.73576434387445,
              -3.454117073730142
            ],
            [
              114.7357641762364,
              -3.4541172410636687
            ],
            [
              114.7357589794564,
              -3.4541172410636687
            ],
            [
              114.7357589794564,
              -3.454181664469179
            ],
            [
              114.73575881181834,
              -3.4541818318026944
            ],
            [
              114.73575361503838,
              -3.4541818318026944
            ],
            [
              114.73575361503838,
              -3.4542030831588737
            ],
            [
              114.73575344740033,
              -3.4542032504923856
            ],
            [
              114.73574825062035,
              -3.4542032504923856
            ],
            [
              114.73574825062035,
              -3.4542569645479997
            ],
            [
              114.73575344740033,
              -3.4542569645479997
            ],
            [
              114.73575361503838,
              -3.4542571318815014
            ],
            [
              114.73575361503838,
              -3.454278550569494
            ],
            [
              114.73575344740033,
              -3.4542787179029917
            ],
            [
              114.73574825062035,
              -3.4542787179029917
            ],
            [
              114.73574825062035,
              -3.4542892599133084
            ],
            [
              114.7357480829823,
              -3.4542894272468048
            ],
            [
              114.73574288620232,
              -3.4542894272468048
            ],
            [
              114.73574288620232,
              -3.4542946145851703
            ],
            [
              114.73574271856427,
              -3.454294781918666
            ],
            [
              114.73573735414621,
              -3.454294781918666
            ],
            [
              114.73573735414621,
              -3.454299969257003
            ],
            [
              114.73573718650816,
              -3.4543001365904966
            ],
            [
              114.73573198972821,
              -3.4543001365904966
            ],
            [
              114.73573198972821,
              -3.454305323928804
            ],
            [
              114.73573182209013,
              -3.4543054912622977
            ],
            [
              114.73572662531016,
              -3.4543054912622977
            ],
            [
              114.73572662531016,
              -3.4543376192924673
            ],
            [
              114.7357264576721,
              -3.454337786625955
            ],
            [
              114.73572126089213,
              -3.454337786625955
            ],
            [
              114.73572126089213,
              -3.454353850640629
            ],
            [
              114.73572109325409,
              -3.4543540179741137
            ],
            [
              114.7357158964741,
              -3.4543540179741137
            ],
            [
              114.7357158964741,
              -3.454364559983594
            ],
            [
              114.73571572883606,
              -3.454364727317077
            ],
            [
              114.73571053205609,
              -3.454364727317077
            ],
            [
              114.73571053205609,
              -3.454386146002641
            ],
            [
              114.735710364418,
              -3.4543863133361206
            ],
            [
              114.73570499999998,
              -3.4543863133361206
            ],
            [
              114.73570499999998,
              -3.4545797508181924
            ],
            [
              114.735710364418,
              -3.4545797508181924
            ],
            [
              114.735710364418,
              -3.4545422681257842
            ],
            [
              114.73571053205609,
              -3.4545421007923327
            ],
            [
              114.73571572883606,
              -3.4545421007923327
            ],
            [
              114.73571572883606,
              -3.454515327439701
            ],
            [
              114.7357158964741,
              -3.4545151601062445
            ],
            [
              114.73572109325409,
              -3.4545151601062445
            ],
            [
              114.73572109325409,
              -3.4544830320820847
            ],
            [
              114.73572126089213,
              -3.454482864748623
            ],
            [
              114.7357264576721,
              -3.454482864748623
            ],
            [
              114.7357264576721,
              -3.454472322740456
            ],
            [
              114.73572662531016,
              -3.4544721554069917
            ],
            [
              114.73573182209013,
              -3.4544721554069917
            ],
            [
              114.73573182209013,
              -3.454461613398707
            ],
            [
              114.73573198972821,
              -3.454461446065241
            ],
            [
              114.73573718650816,
              -3.454461446065241
            ],
            [
              114.73573718650816,
              -3.4544562587277863
            ],
            [
              114.73573735414621,
              -3.45445609139432
            ],
            [
              114.73574271856427,
              -3.45445609139432
            ],
            [
              114.73574271856427,
              -3.454450736723369
            ],
            [
              114.73574288620232,
              -3.454450569389901
            ],
            [
              114.7357480829823,
              -3.454450569389901
            ],
            [
              114.7357480829823,
              -3.454440027381376
            ],
            [
              114.73574825062035,
              -3.454439860047906
            ],
            [
              114.73575344740033,
              -3.454439860047906
            ],
            [
              114.73575344740033,
              -3.4544239633681606
            ],
            [
              114.73575361503838,
              -3.4544237960346877
            ],
            [
              114.73575881181834,
              -3.4544237960346877
            ],
            [
              114.73575881181834,
              -3.454391668007435
            ],
            [
              114.7357589794564,
              -3.4543915006739567
            ],
            [
              114.7357641762364,
              -3.4543915006739567
            ],
            [
              114.7357641762364,
              -3.4543754366599195
            ],
            [
              114.73576434387445,
              -3.4543752693264387
            ],
            [
              114.7357695406544,
              -3.4543752693264387
            ],
            [
              114.7357695406544,
              -3.4543593726456105
            ],
            [
              114.73576970829248,
              -3.454359205312127
            ],
            [
              114.73577490507243,
              -3.454359205312127
            ],
            [
              114.73577490507243,
              -3.454337786625955
            ],
            [
              114.73577507271051,
              -3.4543376192924673
            ],
            [
              114.73578043712854,
              -3.4543376192924673
            ],
            [
              114.73578043712854,
              -3.4542894272468048
            ],
            [
              114.73578060476659,
              -3.4542892599133084
            ],
            [
              114.73578580154656,
              -3.4542892599133084
            ],
            [
              114.73578580154656,
              -3.454262486553545
            ],
            [
              114.73578596918462,
              -3.4542623192200446
            ],
            [
              114.73579116596459,
              -3.4542623192200446
            ],
            [
              114.73579116596459,
              -3.4542464225373246
            ],
            [
              114.73579133360263,
              -3.4542462552038207
            ],
            [
              114.73579653038264,
              -3.4542462552038207
            ],
            [
              114.73579653038264,
              -3.454219481842845
            ],
            [
              114.73579669802069,
              -3.4542193145093356
            ],
            [
              114.73580189480064,
              -3.4542193145093356
            ],
            [
              114.73580189480064,
              -3.4541764771301957
            ],
            [
              114.73580206243872,
              -3.4541763097966802
            ],
            [
              114.73580725921869,
              -3.4541763097966802
            ],
            [
              114.73580725921869,
              -3.4541225957365005
            ],
            [
              114.73580742685675,
              -3.4541224284029752
            ],
            [
              114.73581279127477,
              -3.4541224284029752
            ],
            [
              114.73581279127477,
              -3.4540365863004756
            ],
            [
              114.73581295891283,
              -3.4540364189669353
            ],
            [
              114.7358181556928,
              -3.4540364189669353
            ],
            [
              114.7358181556928,
              -3.4540150002734795
            ],
            [
              114.73581832333088,
              -3.454014832939935
            ],
            [
              114.73582352011083,
              -3.454014832939935
            ],
            [
              114.73582352011083,
              -3.4539935815795406
            ],
            [
              114.73582368774888,
              -3.4539934142459927
            ],
            [
              114.73582888452887,
              -3.4539934142459927
            ],
            [
              114.73582888452887,
              -3.4539559315304307
            ],
            [
              114.73582905216693,
              -3.4539557641968757
            ],
            [
              114.73583424894687,
              -3.4539557641968757
            ],
            [
              114.73583424894687,
              -3.453928990827706
            ],
            [
              114.73583441658496,
              -3.4539288234941465
            ],
            [
              114.73583961336493,
              -3.4539288234941465
            ],
            [
              114.73583961336493,
              -3.453907404798264
            ],
            [
              114.73583978100298,
              -3.4539072374647004
            ],
            [
              114.73584497778296,
              -3.4539072374647004
            ],
            [
              114.73584497778296,
              -3.4538697547457353
            ],
            [
              114.73584514542101,
              -3.453869587412165
            ],
            [
              114.73585050983904,
              -3.453869587412165
            ],
            [
              114.73585050983904,
              -3.4538483360485195
            ],
            [
              114.73585067747712,
              -3.4538481687149454
            ],
            [
              114.73585587425707,
              -3.4538481687149454
            ],
            [
              114.73585587425707,
              -3.453837459366155
            ],
            [
              114.73585604189512,
              -3.4538372920325786
            ],
            [
              114.73586123867511,
              -3.4538372920325786
            ],
            [
              114.73586123867511,
              -3.4538213953427417
            ],
            [
              114.73586140631318,
              -3.4538212280091627
            ],
            [
              114.73586660309314,
              -3.4538212280091627
            ],
            [
              114.73586660309314,
              -3.4538051639854754
            ],
            [
              114.73586677073119,
              -3.4538049966518938
            ],
            [
              114.73587196751117,
              -3.4538049966518938
            ],
            [
              114.73587196751117,
              -3.453789099961516
            ],
            [
              114.73587213514922,
              -3.453788932627931
            ],
            [
              114.73587733192919,
              -3.453788932627931
            ],
            [
              114.73587733192919,
              -3.4537783906120585
            ],
            [
              114.73587749956725,
              -3.4537782232784724
            ],
            [
              114.73588269634722,
              -3.4537782232784724
            ],
            [
              114.73588269634722,
              -3.4537352185458334
            ],
            [
              114.73588286398528,
              -3.4537350512122402
            ],
            [
              114.7358882284033,
              -3.4537350512122402
            ],
            [
              114.7358882284033,
              -3.4537245091957685
            ],
            [
              114.73588839604139,
              -3.453724341862173
            ],
            [
              114.73589359282136,
              -3.453724341862173
            ],
            [
              114.73589359282136,
              -3.4537137998455822
            ],
            [
              114.7358937604594,
              -3.453713632511985
            ],
            [
              114.73589895723939,
              -3.453713632511985
            ],
            [
              114.73589895723939,
              -3.4536922138112467
            ],
            [
              114.73589912487743,
              -3.4536920464776455
            ],
            [
              114.73590432165742,
              -3.4536920464776455
            ],
            [
              114.73590432165742,
              -3.453686859135986
            ],
            [
              114.73590448929546,
              -3.453686691802385
            ],
            [
              114.73590968607543,
              -3.453686691802385
            ],
            [
              114.73590968607543,
              -3.453676149785376
            ],
            [
              114.7359098537135,
              -3.4536759824517724
            ],
            [
              114.73591505049346,
              -3.4536759824517724
            ],
            [
              114.73591505049346,
              -3.453659918425626
            ],
            [
              114.73591521813154,
              -3.4536597510920197
            ],
            [
              114.73592058254954,
              -3.4536597510920197
            ],
            [
              114.73592058254954,
              -3.453638499723676
            ],
            [
              114.73592075018762,
              -3.4536383323900663
            ],
            [
              114.7359259469676,
              -3.4536383323900663
            ],
            [
              114.7359259469676,
              -3.4536222683632833
            ],
            [
              114.73592611460565,
              -3.4536221010296697
            ],
            [
              114.73593131138563,
              -3.4536221010296697
            ],
            [
              114.73593131138563,
              -3.453616913687629
            ],
            [
              114.7359314790237,
              -3.4536167463540144
            ],
            [
              114.73593667580364,
              -3.4536167463540144
            ],
            [
              114.73593667580364,
              -3.4536062043362294
            ],
            [
              114.7359368434417,
              -3.4536060370026123
            ],
            [
              114.73594204022167,
              -3.4536060370026123
            ],
            [
              114.73594204022167,
              -3.4536008496604835
            ],
            [
              114.73594220785975,
              -3.453600682326867
            ],
            [
              114.7359474046397,
              -3.453600682326867
            ],
            [
              114.7359474046397,
              -3.4535899729752835
            ],
            [
              114.73594757227778,
              -3.453589805641664
            ],
            [
              114.73595276905773,
              -3.453589805641664
            ],
            [
              114.73595276905773,
              -3.4535685542717554
            ],
            [
              114.73595293669578,
              -3.4535683869381324
            ],
            [
              114.73595830111384,
              -3.4535683869381324
            ],
            [
              114.73595830111384,
              -3.4535631995957985
            ],
            [
              114.73595846875189,
              -3.453563032262174
            ],
            [
              114.73596366553186,
              -3.453563032262174
            ],
            [
              114.73596366553186,
              -3.4535523229101663
            ],
            [
              114.73596383316995,
              -3.4535521555765403
            ],
            [
              114.73596902994989,
              -3.4535521555765403
            ],
            [
              114.73596902994989,
              -3.4535416135580386
            ],
            [
              114.73596919758795,
              -3.45354144622441
            ],
            [
              114.73597439436791,
              -3.45354144622441
            ],
            [
              114.73597439436791,
              -3.453530904205789
            ],
            [
              114.73597456200599,
              -3.4535307368721595
            ],
            [
              114.73597975878594,
              -3.4535307368721595
            ],
            [
              114.73597975878594,
              -3.4535039634910034
            ],
            [
              114.73597992642402,
              -3.453503796157369
            ],
            [
              114.73598512320396,
              -3.453503796157369
            ],
            [
              114.73598512320396,
              -3.45348773212831
            ],
            [
              114.73598529084205,
              -3.453487564794673
            ],
            [
              114.73599048762202,
              -3.453487564794673
            ],
            [
              114.73599048762202,
              -3.4534823774518966
            ],
            [
              114.73599065526007,
              -3.453482210118258
            ],
            [
              114.7359960196781,
              -3.453482210118258
            ],
            [
              114.7359960196781,
              -3.4534770227754525
            ],
            [
              114.73599618731618,
              -3.4534768554418136
            ],
            [
              114.73600138409613,
              -3.4534768554418136
            ],
            [
              114.73600138409613,
              -3.4534663134224757
            ],
            [
              114.73600155173418,
              -3.453466146088834
            ],
            [
              114.73600674851417,
              -3.453466146088834
            ],
            [
              114.73600674851417,
              -3.453434018029171
            ],
            [
              114.73600155173418,
              -3.453434018029171
            ],
            [
              114.73600138409613,
              -3.4534338506955238
            ],
            [
              114.73600138409613,
              -3.453385658603982
            ],
            [
              114.73600155173418,
              -3.453385491270326
            ],
            [
              114.73600674851417,
              -3.453385491270326
            ],
            [
              114.73600674851417,
              -3.453374781916316
            ],
            [
              114.73600691615223,
              -3.453374614582659
            ],
            [
              114.7360121129322,
              -3.453374614582659
            ],
            [
              114.7360121129322,
              -3.4533694272392665
            ],
            [
              114.73601228057026,
              -3.453369259905607
            ],
            [
              114.7360174773502,
              -3.453369259905607
            ],
            [
              114.7360174773502,
              -3.4533587178850746
            ],
            [
              114.73601764498828,
              -3.4533585505514144
            ],
            [
              114.73602284176826,
              -3.4533585505514144
            ],
            [
              114.73602284176826,
              -3.4533264224881104
            ],
            [
              114.73602300940631,
              -3.453326255154445
            ],
            [
              114.73602837382434,
              -3.453326255154445
            ],
            [
              114.73602837382434,
              -3.453315713133434
            ],
            [
              114.73602854146242,
              -3.4533155457997666
            ],
            [
              114.73603373824237,
              -3.4533155457997666
            ],
            [
              114.73603373824237,
              -3.453278063057441
            ],
            [
              114.73603390588045,
              -3.4532778957237666
            ],
            [
              114.73603910266041,
              -3.4532778957237666
            ],
            [
              114.73603910266041,
              -3.453261831690886
            ],
            [
              114.73603390588045,
              -3.453261831690886
            ],
            [
              114.73603373824237,
              -3.4532616643572083
            ],
            [
              114.73603373824237,
              -3.4532188269348567
            ],
            [
              114.73602854146242,
              -3.4532188269348567
            ],
            [
              114.73602837382434,
              -3.4532186596011716
            ],
            [
              114.73602837382434,
              -3.453186531533134
            ],
            [
              114.73602854146242,
              -3.4531863641994436
            ],
            [
              114.73603373824237,
              -3.4531863641994436
            ],
            [
              114.73603373824237,
              -3.453159590808577
            ],
            [
              114.73602854146242,
              -3.453159590808577
            ],
            [
              114.73602837382434,
              -3.4531594234748817
            ],
            [
              114.73602837382434,
              -3.453154236130313
            ],
            [
              114.73602300940631,
              -3.453154236130313
            ],
            [
              114.73602284176826,
              -3.4531540687966165
            ],
            [
              114.73602284176826,
              -3.453148881452019
            ],
            [
              114.73601764498828,
              -3.453148881452019
            ],
            [
              114.7360174773502,
              -3.4531487141183224
            ],
            [
              114.7360174773502,
              -3.4531112313694106
            ],
            [
              114.73600691615223,
              -3.4531112313694106
            ],
            [
              114.73600674851417,
              -3.4531110640357072
            ],
            [
              114.73600674851417,
              -3.453105876690874
            ]
          ],
          [
            [
              114.74044261931061,
              -3.453095000000004
            ],
            [
              114.74044261931061,
              -3.4531003546786017
            ],
            [
              114.74045318050861,
              -3.4531003546786017
            ],
            [
              114.74045334814667,
              -3.4531005220123068
            ],
            [
              114.74045334814667,
              -3.4531057093571693
            ],
            [
              114.74045854492664,
              -3.4531057093571693
            ],
            [
              114.74045871256469,
              -3.453105876690874
            ],
            [
              114.74045871256469,
              -3.4531217733926916
            ],
            [
              114.74046390934467,
              -3.4531217733926916
            ],
            [
              114.74046407698272,
              -3.453121940726393
            ],
            [
              114.74046407698272,
              -3.453132650083255
            ],
            [
              114.7404692737627,
              -3.453132650083255
            ],
            [
              114.74046944140075,
              -3.453132817416955
            ],
            [
              114.74046944140075,
              -3.453164778153116
            ],
            [
              114.7404692737627,
              -3.4531649454868107
            ],
            [
              114.74046407698272,
              -3.4531649454868107
            ],
            [
              114.74046407698272,
              -3.4531810095213307
            ],
            [
              114.74046390934467,
              -3.453181176855022
            ],
            [
              114.74045871256469,
              -3.453181176855022
            ],
            [
              114.74045871256469,
              -3.453202595567289
            ],
            [
              114.74045854492664,
              -3.4532027629009767
            ],
            [
              114.74045334814667,
              -3.4532027629009767
            ],
            [
              114.74045334814667,
              -3.4532186596011716
            ],
            [
              114.74045318050861,
              -3.4532188269348567
            ],
            [
              114.74044798372864,
              -3.4532188269348567
            ],
            [
              114.74044798372864,
              -3.4532616643572083
            ],
            [
              114.74044781609057,
              -3.453261831690886
            ],
            [
              114.74044261931061,
              -3.453261831690886
            ],
            [
              114.74044261931061,
              -3.453283250401333
            ],
            [
              114.74044245167256,
              -3.4532834177350074
            ],
            [
              114.74043725489257,
              -3.4532834177350074
            ],
            [
              114.74043725489257,
              -3.453326255154445
            ],
            [
              114.7404370872545,
              -3.4533264224881104
            ],
            [
              114.74043172283648,
              -3.4533264224881104
            ],
            [
              114.74043172283648,
              -3.453353195874273
            ],
            [
              114.7404315551984,
              -3.453353363207934
            ],
            [
              114.74042635841846,
              -3.453353363207934
            ],
            [
              114.74042635841846,
              -3.453369259905607
            ],
            [
              114.7404261907804,
              -3.4533694272392665
            ],
            [
              114.74042099400043,
              -3.4533694272392665
            ],
            [
              114.74042099400043,
              -3.45337996925968
            ],
            [
              114.74042082636237,
              -3.4533801365933363
            ],
            [
              114.74041562958237,
              -3.4533801365933363
            ],
            [
              114.74041562958237,
              -3.4534015553011153
            ],
            [
              114.74041546194432,
              -3.4534017226347675
            ],
            [
              114.74041026516437,
              -3.4534017226347675
            ],
            [
              114.74041026516437,
              -3.4534338506955238
            ],
            [
              114.7404100975263,
              -3.453434018029171
            ],
            [
              114.74040490074633,
              -3.453434018029171
            ],
            [
              114.74040490074633,
              -3.453471500765339
            ],
            [
              114.74040473310826,
              -3.4534716680989797
            ],
            [
              114.74039936869025,
              -3.4534716680989797
            ],
            [
              114.74039936869025,
              -3.4535145055099234
            ],
            [
              114.74039920105216,
              -3.453514672843556
            ],
            [
              114.74039400427222,
              -3.453514672843556
            ],
            [
              114.74039400427222,
              -3.4535198601861556
            ],
            [
              114.74039383663414,
              -3.4535200275197875
            ],
            [
              114.74038863985419,
              -3.4535200275197875
            ],
            [
              114.74038863985419,
              -3.4535253821959886
            ],
            [
              114.74038847221611,
              -3.4535255495296195
            ],
            [
              114.74038327543614,
              -3.4535255495296195
            ],
            [
              114.74038327543614,
              -3.4535307368721595
            ],
            [
              114.74038310779808,
              -3.453530904205789
            ],
            [
              114.74037791101814,
              -3.453530904205789
            ],
            [
              114.74037791101814,
              -3.4535360915482998
            ],
            [
              114.74037774338005,
              -3.453536258881929
            ],
            [
              114.74037254660009,
              -3.453536258881929
            ],
            [
              114.74037254660009,
              -3.45354144622441
            ],
            [
              114.74037237896204,
              -3.4535416135580386
            ],
            [
              114.74036718218206,
              -3.4535416135580386
            ],
            [
              114.74036718218206,
              -3.4535521555765403
            ],
            [
              114.74036701454398,
              -3.4535523229101663
            ],
            [
              114.74036165012598,
              -3.4535523229101663
            ],
            [
              114.74036165012598,
              -3.4535575102525606
            ],
            [
              114.7403614824879,
              -3.4535576775861854
            ],
            [
              114.74035628570795,
              -3.4535576775861854
            ],
            [
              114.74035628570795,
              -3.453563032262174
            ],
            [
              114.74035611806987,
              -3.4535631995957985
            ],
            [
              114.7403455568719,
              -3.4535631995957985
            ],
            [
              114.7403455568719,
              -3.4535683869381324
            ],
            [
              114.74034538923382,
              -3.4535685542717554
            ],
            [
              114.74032393156169,
              -3.4535685542717554
            ],
            [
              114.74032376392363,
              -3.4535683869381324
            ],
            [
              114.74032376392363,
              -3.4535631995957985
            ],
            [
              114.74031320272563,
              -3.4535631995957985
            ],
            [
              114.74031303508758,
              -3.453563032262174
            ],
            [
              114.74031303508758,
              -3.4535576775861854
            ],
            [
              114.7403078383076,
              -3.4535576775861854
            ],
            [
              114.74030767066955,
              -3.4535575102525606
            ],
            [
              114.74030767066955,
              -3.4535523229101663
            ],
            [
              114.74029710947156,
              -3.4535523229101663
            ],
            [
              114.74029694183348,
              -3.4535521555765403
            ],
            [
              114.74029694183348,
              -3.4535469682341176
            ],
            [
              114.74028084857939,
              -3.4535469682341176
            ],
            [
              114.74028068094134,
              -3.4535468009004906
            ],
            [
              114.74028068094134,
              -3.4535416135580386
            ],
            [
              114.74024849443316,
              -3.4535416135580386
            ],
            [
              114.74024832679507,
              -3.45354144622441
            ],
            [
              114.74024832679507,
              -3.453536258881929
            ],
            [
              114.7401730573046,
              -3.453536258881929
            ],
            [
              114.74017288966654,
              -3.4535360915482998
            ],
            [
              114.74017288966654,
              -3.453530904205789
            ],
            [
              114.74015696405051,
              -3.453530904205789
            ],
            [
              114.74015679641246,
              -3.4535307368721595
            ],
            [
              114.74015679641246,
              -3.4535255495296195
            ],
            [
              114.74011388106823,
              -3.4535255495296195
            ],
            [
              114.74011371343018,
              -3.4535253821959886
            ],
            [
              114.74011371343018,
              -3.4535200275197875
            ],
            [
              114.74007599486588,
              -3.4535200275197875
            ],
            [
              114.74007582722783,
              -3.4535198601861556
            ],
            [
              114.74007582722783,
              -3.453514672843556
            ],
            [
              114.74005453719374,
              -3.453514672843556
            ],
            [
              114.7400543695557,
              -3.4535145055099234
            ],
            [
              114.7400543695557,
              -3.4535093181672947
            ],
            [
              114.74003827630162,
              -3.4535093181672947
            ],
            [
              114.74003810866354,
              -3.4535091508336615
            ],
            [
              114.74003810866354,
              -3.4535039634910034
            ],
            [
              114.74000055773735,
              -3.4535039634910034
            ],
            [
              114.74000039009927,
              -3.453503796157369
            ],
            [
              114.74000039009927,
              -3.453498608814682
            ],
            [
              114.73995747475503,
              -3.453498608814682
            ],
            [
              114.73995730711698,
              -3.4534984414810457
            ],
            [
              114.73995730711698,
              -3.45349325413833
            ],
            [
              114.73992512060879,
              -3.45349325413833
            ],
            [
              114.73992495297074,
              -3.453493086804693
            ],
            [
              114.73992495297074,
              -3.45348773212831
            ],
            [
              114.73989276646256,
              -3.45348773212831
            ],
            [
              114.73989259882447,
              -3.453487564794673
            ],
            [
              114.73989259882447,
              -3.4534823774518966
            ],
            [
              114.73984431906221,
              -3.4534823774518966
            ],
            [
              114.73984415142415,
              -3.453482210118258
            ],
            [
              114.73984415142415,
              -3.4534770227754525
            ],
            [
              114.73980660049794,
              -3.4534770227754525
            ],
            [
              114.7398064328599,
              -3.4534768554418136
            ],
            [
              114.7398064328599,
              -3.4534716680989797
            ],
            [
              114.73976888193368,
              -3.4534716680989797
            ],
            [
              114.73976871429562,
              -3.453471500765339
            ],
            [
              114.73976871429562,
              -3.4534663134224757
            ],
            [
              114.73975815309763,
              -3.4534663134224757
            ],
            [
              114.73975798545955,
              -3.453466146088834
            ],
            [
              114.73975798545955,
              -3.4534609587459415
            ],
            [
              114.73972579895138,
              -3.4534609587459415
            ],
            [
              114.7397256313133,
              -3.453460791412299
            ],
            [
              114.7397256313133,
              -3.4534556040693767
            ],
            [
              114.73969344480514,
              -3.4534556040693767
            ],
            [
              114.73969327716706,
              -3.4534554367357337
            ],
            [
              114.73969327716706,
              -3.4534500820591387
            ],
            [
              114.73967181949496,
              -3.4534500820591387
            ],
            [
              114.73967181949496,
              -3.4534554367357337
            ],
            [
              114.73967165185691,
              -3.4534556040693767
            ],
            [
              114.73966109065888,
              -3.4534556040693767
            ],
            [
              114.73966092302082,
              -3.4534554367357337
            ],
            [
              114.73966092302082,
              -3.4534500820591387
            ],
            [
              114.73964482976672,
              -3.4534500820591387
            ],
            [
              114.73964466212867,
              -3.4534499147254945
            ],
            [
              114.73964466212867,
              -3.453444727382513
            ],
            [
              114.73963946534872,
              -3.453444727382513
            ],
            [
              114.73963929771064,
              -3.4534445600488675
            ],
            [
              114.73963929771064,
              -3.4534393727058563
            ],
            [
              114.73955329938411,
              -3.4534393727058563
            ],
            [
              114.73955313174604,
              -3.453439205372211
            ],
            [
              114.73955313174604,
              -3.453434018029171
            ],
            [
              114.73949931992766,
              -3.453434018029171
            ],
            [
              114.73949931992766,
              -3.4534445600488675
            ],
            [
              114.73950468434572,
              -3.4534445600488675
            ],
            [
              114.73950485198377,
              -3.453444727382513
            ],
            [
              114.73950485198377,
              -3.4534499147254945
            ],
            [
              114.73956922500014,
              -3.4534499147254945
            ],
            [
              114.73956922500014,
              -3.453444727382513
            ],
            [
              114.73956939263819,
              -3.4534445600488675
            ],
            [
              114.73958548589228,
              -3.4534445600488675
            ],
            [
              114.73958565353036,
              -3.453444727382513
            ],
            [
              114.73958565353036,
              -3.4534499147254945
            ],
            [
              114.73960157914638,
              -3.4534499147254945
            ],
            [
              114.73960174678443,
              -3.4534500820591387
            ],
            [
              114.73960174678443,
              -3.4534554367357337
            ],
            [
              114.73961247562049,
              -3.4534554367357337
            ],
            [
              114.73961264325857,
              -3.4534556040693767
            ],
            [
              114.73961264325857,
              -3.453460791412299
            ],
            [
              114.73961784003853,
              -3.453460791412299
            ],
            [
              114.7396180076766,
              -3.4534609587459415
            ],
            [
              114.7396180076766,
              -3.453466146088834
            ],
            [
              114.73963393329261,
              -3.453466146088834
            ],
            [
              114.73963410093067,
              -3.4534663134224757
            ],
            [
              114.73963410093067,
              -3.453471500765339
            ],
            [
              114.7396555586028,
              -3.453471500765339
            ],
            [
              114.73965572624085,
              -3.4534716680989797
            ],
            [
              114.73965572624085,
              -3.4534768554418136
            ],
            [
              114.73967165185691,
              -3.4534768554418136
            ],
            [
              114.73967181949496,
              -3.4534770227754525
            ],
            [
              114.73967181949496,
              -3.453482210118258
            ],
            [
              114.7397147348392,
              -3.453482210118258
            ],
            [
              114.73971490247725,
              -3.4534823774518966
            ],
            [
              114.73971490247725,
              -3.453487564794673
            ],
            [
              114.73974708898544,
              -3.453487564794673
            ],
            [
              114.73974725662349,
              -3.45348773212831
            ],
            [
              114.73974725662349,
              -3.453493086804693
            ],
            [
              114.73977407871365,
              -3.453493086804693
            ],
            [
              114.7397742463517,
              -3.45349325413833
            ],
            [
              114.7397742463517,
              -3.4534984414810457
            ],
            [
              114.73982252611397,
              -3.4534984414810457
            ],
            [
              114.73982269375205,
              -3.453498608814682
            ],
            [
              114.73982269375205,
              -3.453503796157369
            ],
            [
              114.73982805817005,
              -3.453503796157369
            ],
            [
              114.73982822580813,
              -3.4535039634910034
            ],
            [
              114.73982822580813,
              -3.4535091508336615
            ],
            [
              114.7398334225881,
              -3.4535091508336615
            ],
            [
              114.73983359022616,
              -3.4535093181672947
            ],
            [
              114.73983359022616,
              -3.4535145055099234
            ],
            [
              114.73991422413468,
              -3.4535145055099234
            ],
            [
              114.73991439177274,
              -3.453514672843556
            ],
            [
              114.73991439177274,
              -3.4535198601861556
            ],
            [
              114.73993584944488,
              -3.4535198601861556
            ],
            [
              114.73993601708293,
              -3.4535200275197875
            ],
            [
              114.73993601708293,
              -3.4535253821959886
            ],
            [
              114.73994121386288,
              -3.4535253821959886
            ],
            [
              114.73994138150096,
              -3.4535255495296195
            ],
            [
              114.73994138150096,
              -3.4535307368721595
            ],
            [
              114.73995730711698,
              -3.4535307368721595
            ],
            [
              114.73995730711698,
              -3.4535255495296195
            ],
            [
              114.73995747475503,
              -3.4535253821959886
            ],
            [
              114.73996803595303,
              -3.4535253821959886
            ],
            [
              114.7399682035911,
              -3.4535255495296195
            ],
            [
              114.7399682035911,
              -3.4535307368721595
            ],
            [
              114.7399842968452,
              -3.4535307368721595
            ],
            [
              114.73998446448324,
              -3.453530904205789
            ],
            [
              114.73998446448324,
              -3.4535360915482998
            ],
            [
              114.74003274424554,
              -3.4535360915482998
            ],
            [
              114.74003291188359,
              -3.453536258881929
            ],
            [
              114.74003291188359,
              -3.45354144622441
            ],
            [
              114.74004900513766,
              -3.45354144622441
            ],
            [
              114.74004917277576,
              -3.4535416135580386
            ],
            [
              114.74004917277576,
              -3.4535468009004906
            ],
            [
              114.7400543695557,
              -3.4535468009004906
            ],
            [
              114.74005453719374,
              -3.4535469682341176
            ],
            [
              114.74005453719374,
              -3.4535521555765403
            ],
            [
              114.74007046280977,
              -3.4535521555765403
            ],
            [
              114.74007063044786,
              -3.4535523229101663
            ],
            [
              114.74007063044786,
              -3.4535575102525606
            ],
            [
              114.74010818137407,
              -3.4535575102525606
            ],
            [
              114.74010834901212,
              -3.4535576775861854
            ],
            [
              114.74010834901212,
              -3.453563032262174
            ],
            [
              114.7401891505587,
              -3.453563032262174
            ],
            [
              114.74018931819676,
              -3.4535631995957985
            ],
            [
              114.74018931819676,
              -3.4535683869381324
            ],
            [
              114.74020524381278,
              -3.4535683869381324
            ],
            [
              114.74020541145083,
              -3.4535685542717554
            ],
            [
              114.74020541145083,
              -3.453573741614061
            ],
            [
              114.74024832679507,
              -3.453573741614061
            ],
            [
              114.74024849443316,
              -3.453573908947683
            ],
            [
              114.74024849443316,
              -3.4535790962899586
            ],
            [
              114.74033466039774,
              -3.4535790962899586
            ],
            [
              114.74033482803581,
              -3.4535792636235803
            ],
            [
              114.74033482803581,
              -3.453589805641664
            ],
            [
              114.7403400248158,
              -3.453589805641664
            ],
            [
              114.74034019245384,
              -3.4535899729752835
            ],
            [
              114.74034019245384,
              -3.4535951603174717
            ],
            [
              114.74034538923382,
              -3.4535951603174717
            ],
            [
              114.7403455568719,
              -3.45359532765109
            ],
            [
              114.7403455568719,
              -3.453600682326867
            ],
            [
              114.74035075365184,
              -3.453600682326867
            ],
            [
              114.7403509212899,
              -3.4536008496604835
            ],
            [
              114.7403509212899,
              -3.4536060370026123
            ],
            [
              114.74035611806987,
              -3.4536060370026123
            ],
            [
              114.74035628570795,
              -3.4536062043362294
            ],
            [
              114.74035628570795,
              -3.4536113916783284
            ],
            [
              114.7403614824879,
              -3.4536113916783284
            ],
            [
              114.74036165012598,
              -3.453611559011944
            ],
            [
              114.74036165012598,
              -3.4536383323900663
            ],
            [
              114.7403614824879,
              -3.453638499723676
            ],
            [
              114.74035628570795,
              -3.453638499723676
            ],
            [
              114.74035628570795,
              -3.4536543964165762
            ],
            [
              114.74035611806987,
              -3.453654563750185
            ],
            [
              114.7403509212899,
              -3.453654563750185
            ],
            [
              114.7403509212899,
              -3.4537082778368453
            ],
            [
              114.74035075365184,
              -3.453708445170444
            ],
            [
              114.7403455568719,
              -3.453708445170444
            ],
            [
              114.7403455568719,
              -3.4537189871870932
            ],
            [
              114.74034538923382,
              -3.4537191545206904
            ],
            [
              114.74034019245384,
              -3.4537191545206904
            ],
            [
              114.74034019245384,
              -3.4537512825707046
            ],
            [
              114.7403400248158,
              -3.4537514499042956
            ],
            [
              114.74033482803581,
              -3.4537514499042956
            ],
            [
              114.74033482803581,
              -3.453767346595304
            ],
            [
              114.74033466039774,
              -3.4537675139288924
            ],
            [
              114.7403294636178,
              -3.4537675139288924
            ],
            [
              114.7403294636178,
              -3.453783577953217
            ],
            [
              114.74032929597973,
              -3.4537837452868025
            ],
            [
              114.74032393156169,
              -3.4537837452868025
            ],
            [
              114.74032393156169,
              -3.453815873334631
            ],
            [
              114.74032376392363,
              -3.4538160406682104
            ],
            [
              114.74031856714366,
              -3.4538160406682104
            ],
            [
              114.74031856714366,
              -3.453831937358137
            ],
            [
              114.74031839950561,
              -3.4538321046917146
            ],
            [
              114.74031320272563,
              -3.4538321046917146
            ],
            [
              114.74031320272563,
              -3.4538481687149454
            ],
            [
              114.74031303508758,
              -3.4538483360485195
            ],
            [
              114.7403078383076,
              -3.4538483360485195
            ],
            [
              114.7403078383076,
              -3.4538802967605937
            ],
            [
              114.74030767066955,
              -3.453880464094162
            ],
            [
              114.74030247388959,
              -3.453880464094162
            ],
            [
              114.74030247388959,
              -3.453901882790653
            ],
            [
              114.74030767066955,
              -3.453901882790653
            ],
            [
              114.7403078383076,
              -3.453902050124217
            ],
            [
              114.7403078383076,
              -3.4539341781680415
            ],
            [
              114.74030767066955,
              -3.453934345501601
            ],
            [
              114.74030247388959,
              -3.453934345501601
            ],
            [
              114.74030247388959,
              -3.4539718282180147
            ],
            [
              114.7403023062515,
              -3.4539719955515666
            ],
            [
              114.74029710947156,
              -3.4539719955515666
            ],
            [
              114.74029710947156,
              -3.45398253756529
            ],
            [
              114.74029694183348,
              -3.45398270489884
            ],
            [
              114.74029157741545,
              -3.45398270489884
            ],
            [
              114.74029157741545,
              -3.454057837659908
            ],
            [
              114.74029140977738,
              -3.454058004993444
            ],
            [
              114.74028621299742,
              -3.454058004993444
            ],
            [
              114.74028621299742,
              -3.4540687143397473
            ],
            [
              114.74028604535937,
              -3.4540688816732823
            ],
            [
              114.74028084857939,
              -3.4540688816732823
            ],
            [
              114.74028084857939,
              -3.4540794236859296
            ],
            [
              114.74028068094134,
              -3.4540795910194624
            ],
            [
              114.74027548416137,
              -3.4540795910194624
            ],
            [
              114.74027548416137,
              -3.454095487704976
            ],
            [
              114.74027531652331,
              -3.4540956550385067
            ],
            [
              114.74027011974331,
              -3.4540956550385067
            ],
            [
              114.74027011974331,
              -3.4541063643843843
            ],
            [
              114.74026995210527,
              -3.454106531717913
            ],
            [
              114.74026475532531,
              -3.454106531717913
            ],
            [
              114.74026475532531,
              -3.454117073730142
            ],
            [
              114.74026458768724,
              -3.4541172410636687
            ],
            [
              114.74025939090727,
              -3.4541172410636687
            ],
            [
              114.74025939090727,
              -3.454127783075778
            ],
            [
              114.7402592232692,
              -3.454127950409303
            ],
            [
              114.74025385885118,
              -3.454127950409303
            ],
            [
              114.74025385885118,
              -3.4541386597548165
            ],
            [
              114.74025369121313,
              -3.4541388270883395
            ],
            [
              114.74024849443316,
              -3.4541388270883395
            ],
            [
              114.74024849443316,
              -3.4541440144275284
            ],
            [
              114.74024832679507,
              -3.4541441817610505
            ],
            [
              114.740221672343,
              -3.4541441817610505
            ],
            [
              114.740221672343,
              -3.45414936910021
            ],
            [
              114.74022150470495,
              -3.4541495364337305
            ],
            [
              114.7401515996325,
              -3.4541495364337305
            ],
            [
              114.7401514319944,
              -3.45414936910021
            ],
            [
              114.7401514319944,
              -3.4541441817610505
            ],
            [
              114.7401460675764,
              -3.4541441817610505
            ],
            [
              114.74014589993833,
              -3.4541440144275284
            ],
            [
              114.74014589993833,
              -3.4541334724155988
            ],
            [
              114.74012460990429,
              -3.4541334724155988
            ],
            [
              114.7401244422662,
              -3.454133305082075
            ],
            [
              114.7401244422662,
              -3.454127950409303
            ],
            [
              114.74006526602983,
              -3.454127950409303
            ],
            [
              114.74006509839177,
              -3.454127783075778
            ],
            [
              114.74006509839177,
              -3.4541225957365005
            ],
            [
              114.74002218304751,
              -3.4541225957365005
            ],
            [
              114.74002201540945,
              -3.4541224284029752
            ],
            [
              114.74002201540945,
              -3.4541172410636687
            ],
            [
              114.7399951933193,
              -3.4541172410636687
            ],
            [
              114.73999502568124,
              -3.454117073730142
            ],
            [
              114.73999502568124,
              -3.4541118863908054
            ],
            [
              114.7399737356472,
              -3.4541118863908054
            ],
            [
              114.7399735680091,
              -3.4541117190572788
            ],
            [
              114.7399735680091,
              -3.454106531717913
            ],
            [
              114.73991439177274,
              -3.454106531717913
            ],
            [
              114.73991422413468,
              -3.4541063643843843
            ],
            [
              114.73991422413468,
              -3.4541011770449903
            ],
            [
              114.73988740204453,
              -3.4541011770449903
            ],
            [
              114.73988723440645,
              -3.45410100971146
            ],
            [
              114.73988723440645,
              -3.4540956550385067
            ],
            [
              114.73986041231632,
              -3.4540956550385067
            ],
            [
              114.73986024467823,
              -3.454095487704976
            ],
            [
              114.73986024467823,
              -3.4540903003655217
            ],
            [
              114.73982269375205,
              -3.4540903003655217
            ],
            [
              114.73982252611397,
              -3.4540901330319906
            ],
            [
              114.73982252611397,
              -3.4540849456925073
            ],
            [
              114.73980123607991,
              -3.4540849456925073
            ],
            [
              114.73980106844186,
              -3.4540847783589754
            ],
            [
              114.73980106844186,
              -3.4540795910194624
            ],
            [
              114.7397742463517,
              -3.4540795910194624
            ],
            [
              114.73977407871365,
              -3.4540794236859296
            ],
            [
              114.73977407871365,
              -3.454074236346387
            ],
            [
              114.73975815309763,
              -3.454074236346387
            ],
            [
              114.73975798545955,
              -3.4540740690128535
            ],
            [
              114.73975798545955,
              -3.4540688816732823
            ],
            [
              114.73972579895138,
              -3.4540688816732823
            ],
            [
              114.7397256313133,
              -3.4540687143397473
            ],
            [
              114.7397256313133,
              -3.4540635270001467
            ],
            [
              114.73969880922314,
              -3.4540635270001467
            ],
            [
              114.7396986415851,
              -3.4540633596666113
            ],
            [
              114.7396986415851,
              -3.454058004993444
            ],
            [
              114.73965572624085,
              -3.454058004993444
            ],
            [
              114.7396555586028,
              -3.454057837659908
            ],
            [
              114.7396555586028,
              -3.4540526503202473
            ],
            [
              114.7396180076766,
              -3.4540526503202473
            ],
            [
              114.73961784003853,
              -3.4540524829867096
            ],
            [
              114.73961784003853,
              -3.4540472956470207
            ],
            [
              114.73960174678443,
              -3.4540472956470207
            ],
            [
              114.73960157914638,
              -3.4540471283134817
            ],
            [
              114.73960157914638,
              -3.4540419409737635
            ],
            [
              114.73956939263819,
              -3.4540419409737635
            ],
            [
              114.73956922500014,
              -3.4540417736402236
            ],
            [
              114.73956922500014,
              -3.4540365863004756
            ],
            [
              114.73954793496608,
              -3.4540365863004756
            ],
            [
              114.739547767328,
              -3.4540364189669353
            ],
            [
              114.739547767328,
              -3.454031231627158
            ],
            [
              114.73950485198377,
              -3.454031231627158
            ],
            [
              114.73950468434572,
              -3.4540310642936163
            ],
            [
              114.73950468434572,
              -3.4540258769538106
            ],
            [
              114.73949395550966,
              -3.4540258769538106
            ],
            [
              114.73949378787158,
              -3.454025709620268
            ],
            [
              114.73949378787158,
              -3.4540203549468886
            ],
            [
              114.73947786225555,
              -3.4540203549468886
            ],
            [
              114.7394776946175,
              -3.4540201876133456
            ],
            [
              114.7394776946175,
              -3.4540150002734795
            ],
            [
              114.73944014369128,
              -3.4540150002734795
            ],
            [
              114.73943997605323,
              -3.454014832939935
            ],
            [
              114.73943997605323,
              -3.45400964560004
            ],
            [
              114.73942388279913,
              -3.45400964560004
            ],
            [
              114.73942371516108,
              -3.4540094782664945
            ],
            [
              114.73942371516108,
              -3.4540042909265702
            ],
            [
              114.73938079981684,
              -3.4540042909265702
            ],
            [
              114.73938063217878,
              -3.454004123593024
            ],
            [
              114.73938063217878,
              -3.4539989362530714
            ],
            [
              114.73936470656275,
              -3.4539989362530714
            ],
            [
              114.73936453892468,
              -3.4539987689195235
            ],
            [
              114.73936453892468,
              -3.4539935815795406
            ],
            [
              114.73934308125257,
              -3.4539935815795406
            ],
            [
              114.7393429136145,
              -3.4539934142459927
            ],
            [
              114.7393429136145,
              -3.4539880595724317
            ],
            [
              114.73931072710633,
              -3.4539880595724317
            ],
            [
              114.73931055946825,
              -3.4539878922388825
            ],
            [
              114.73931055946825,
              -3.45398270489884
            ],
            [
              114.73927300854204,
              -3.45398270489884
            ],
            [
              114.739272840904,
              -3.45398253756529
            ],
            [
              114.739272840904,
              -3.4539773502252182
            ],
            [
              114.73926227970598,
              -3.4539773502252182
            ],
            [
              114.73926211206793,
              -3.4539771828916677
            ],
            [
              114.73926211206793,
              -3.4539719955515666
            ],
            [
              114.7392245611417,
              -3.4539719955515666
            ],
            [
              114.73922439350365,
              -3.4539718282180147
            ],
            [
              114.73922439350365,
              -3.453966640877885
            ],
            [
              114.73920293583154,
              -3.453966640877885
            ],
            [
              114.73920276819345,
              -3.453966473544332
            ],
            [
              114.73920276819345,
              -3.453961286204173
            ],
            [
              114.73918684257745,
              -3.453961286204173
            ],
            [
              114.73918667493938,
              -3.4539611188706187
            ],
            [
              114.73918667493938,
              -3.4539559315304307
            ],
            [
              114.73914359195709,
              -3.4539559315304307
            ],
            [
              114.73914342431901,
              -3.4539557641968757
            ],
            [
              114.73914342431901,
              -3.453950409523102
            ],
            [
              114.73912749870298,
              -3.453950409523102
            ],
            [
              114.73912733106492,
              -3.4539502421895465
            ],
            [
              114.73912733106492,
              -3.453945054849299
            ],
            [
              114.73909514455674,
              -3.453945054849299
            ],
            [
              114.73909497691868,
              -3.4539448875157417
            ],
            [
              114.73909497691868,
              -3.4539397001754644
            ],
            [
              114.73905742599247,
              -3.4539397001754644
            ],
            [
              114.73905725835439,
              -3.453939532841907
            ],
            [
              114.73905725835439,
              -3.453934345501601
            ],
            [
              114.7390413327384,
              -3.453934345501601
            ],
            [
              114.73904116510032,
              -3.4539341781680415
            ],
            [
              114.73904116510032,
              -3.453928990827706
            ],
            [
              114.73900361417414,
              -3.453928990827706
            ],
            [
              114.73900344653605,
              -3.4539288234941465
            ],
            [
              114.73900344653605,
              -3.4539236361537817
            ],
            [
              114.7389766244459,
              -3.4539236361537817
            ],
            [
              114.73897645680783,
              -3.453923468820221
            ],
            [
              114.73897645680783,
              -3.4539182814798264
            ],
            [
              114.73896036355373,
              -3.4539182814798264
            ],
            [
              114.73896019591568,
              -3.453918114146266
            ],
            [
              114.73896019591568,
              -3.45391275947228
            ],
            [
              114.7389335414636,
              -3.45391275947228
            ],
            [
              114.73893337382555,
              -3.4539125921387175
            ],
            [
              114.73893337382555,
              -3.453907404798264
            ],
            [
              114.73889582289934,
              -3.453907404798264
            ],
            [
              114.73889565526126,
              -3.4539072374647004
            ],
            [
              114.73889565526126,
              -3.453902050124217
            ],
            [
              114.73887419758915,
              -3.453902050124217
            ],
            [
              114.73887402995109,
              -3.453901882790653
            ],
            [
              114.73887402995109,
              -3.453896695450141
            ],
            [
              114.73885257227896,
              -3.453896695450141
            ],
            [
              114.73885240464091,
              -3.4538965281165757
            ],
            [
              114.73885240464091,
              -3.4538913407760337
            ],
            [
              114.7387933960426,
              -3.4538913407760337
            ],
            [
              114.7387932284045,
              -3.453891173442468
            ],
            [
              114.7387932284045,
              -3.4538859861018976
            ],
            [
              114.73872332333207,
              -3.4538859861018976
            ],
            [
              114.738723155694,
              -3.45388581876833
            ],
            [
              114.738723155694,
              -3.453880464094162
            ],
            [
              114.73871795891401,
              -3.453880464094162
            ],
            [
              114.73871779127596,
              -3.4538802967605937
            ],
            [
              114.73871779127596,
              -3.453875109419964
            ],
            [
              114.73869633360385,
              -3.453875109419964
            ],
            [
              114.73869616596576,
              -3.453874942086395
            ],
            [
              114.73869616596576,
              -3.4538697547457353
            ],
            [
              114.73865861503958,
              -3.4538697547457353
            ],
            [
              114.73865844740153,
              -3.453869587412165
            ],
            [
              114.73865844740153,
              -3.4538644000714767
            ],
            [
              114.73863162531137,
              -3.4538644000714767
            ],
            [
              114.73863162531137,
              -3.453869587412165
            ],
            [
              114.73863145767329,
              -3.4538697547457353
            ],
            [
              114.73862626089334,
              -3.4538697547457353
            ],
            [
              114.73862609325529,
              -3.453869587412165
            ],
            [
              114.73862609325529,
              -3.4538644000714767
            ],
            [
              114.7386208964753,
              -3.4538644000714767
            ],
            [
              114.73862072883723,
              -3.453864232737906
            ],
            [
              114.73862072883723,
              -3.453859045397188
            ],
            [
              114.73861553205727,
              -3.453859045397188
            ],
            [
              114.7386153644192,
              -3.453858878063616
            ],
            [
              114.7386153644192,
              -3.4538536907228687
            ],
            [
              114.7385992711651,
              -3.4538536907228687
            ],
            [
              114.73859910352705,
              -3.453853523389296
            ],
            [
              114.73859910352705,
              -3.4538483360485195
            ],
            [
              114.73857244907498,
              -3.4538483360485195
            ],
            [
              114.73857244907498,
              -3.453858878063616
            ],
            [
              114.73857764585495,
              -3.453858878063616
            ],
            [
              114.738577813493,
              -3.453859045397188
            ],
            [
              114.738577813493,
              -3.453864232737906
            ],
            [
              114.73858301027298,
              -3.453864232737906
            ],
            [
              114.73858317791102,
              -3.4538644000714767
            ],
            [
              114.73858317791102,
              -3.453874942086395
            ],
            [
              114.73859910352705,
              -3.453874942086395
            ],
            [
              114.7385992711651,
              -3.453875109419964
            ],
            [
              114.7385992711651,
              -3.4538802967605937
            ],
            [
              114.73863145767329,
              -3.4538802967605937
            ],
            [
              114.73863162531137,
              -3.453880464094162
            ],
            [
              114.73863162531137,
              -3.45388581876833
            ],
            [
              114.73864218650937,
              -3.45388581876833
            ],
            [
              114.73864235414742,
              -3.4538859861018976
            ],
            [
              114.73864235414742,
              -3.453891173442468
            ],
            [
              114.73866381181953,
              -3.453891173442468
            ],
            [
              114.73866397945761,
              -3.4538913407760337
            ],
            [
              114.73866397945761,
              -3.4538965281165757
            ],
            [
              114.73868543712972,
              -3.4538965281165757
            ],
            [
              114.73868560476777,
              -3.453896695450141
            ],
            [
              114.73868560476777,
              -3.453901882790653
            ],
            [
              114.73872852011203,
              -3.453901882790653
            ],
            [
              114.73872868775008,
              -3.453902050124217
            ],
            [
              114.73872868775008,
              -3.4539072374647004
            ],
            [
              114.73873388453006,
              -3.4539072374647004
            ],
            [
              114.73873405216811,
              -3.453907404798264
            ],
            [
              114.73873405216811,
              -3.4539125921387175
            ],
            [
              114.73874461336611,
              -3.4539125921387175
            ],
            [
              114.73874478100417,
              -3.45391275947228
            ],
            [
              114.73874478100417,
              -3.453918114146266
            ],
            [
              114.73879859282253,
              -3.453918114146266
            ],
            [
              114.7387987604606,
              -3.4539182814798264
            ],
            [
              114.7387987604606,
              -3.453923468820221
            ],
            [
              114.73881468607662,
              -3.453923468820221
            ],
            [
              114.7388148537147,
              -3.4539236361537817
            ],
            [
              114.7388148537147,
              -3.4539288234941465
            ],
            [
              114.73886866553306,
              -3.4539288234941465
            ],
            [
              114.73886883317113,
              -3.453928990827706
            ],
            [
              114.73886883317113,
              -3.4539341781680415
            ],
            [
              114.73889012320517,
              -3.4539341781680415
            ],
            [
              114.73889029084323,
              -3.453934345501601
            ],
            [
              114.73889029084323,
              -3.453939532841907
            ],
            [
              114.73890638409733,
              -3.453939532841907
            ],
            [
              114.73890655173538,
              -3.4539397001754644
            ],
            [
              114.73890655173538,
              -3.4539448875157417
            ],
            [
              114.73893337382555,
              -3.4539448875157417
            ],
            [
              114.7389335414636,
              -3.453945054849299
            ],
            [
              114.7389335414636,
              -3.4539502421895465
            ],
            [
              114.73896019591568,
              -3.4539502421895465
            ],
            [
              114.73896036355373,
              -3.453950409523102
            ],
            [
              114.73896036355373,
              -3.4539557641968757
            ],
            [
              114.73900344653605,
              -3.4539557641968757
            ],
            [
              114.73900361417414,
              -3.4539559315304307
            ],
            [
              114.73900361417414,
              -3.4539611188706187
            ],
            [
              114.73901953979015,
              -3.4539611188706187
            ],
            [
              114.73901970742821,
              -3.453961286204173
            ],
            [
              114.73901970742821,
              -3.453966473544332
            ],
            [
              114.73904116510032,
              -3.453966473544332
            ],
            [
              114.7390413327384,
              -3.453966640877885
            ],
            [
              114.7390413327384,
              -3.4539718282180147
            ],
            [
              114.73906262277245,
              -3.4539718282180147
            ],
            [
              114.7390627904105,
              -3.4539719955515666
            ],
            [
              114.7390627904105,
              -3.4539771828916677
            ],
            [
              114.73910570575474,
              -3.4539771828916677
            ],
            [
              114.73910587339279,
              -3.4539773502252182
            ],
            [
              114.73910587339279,
              -3.45398253756529
            ],
            [
              114.73911660222888,
              -3.45398253756529
            ],
            [
              114.73911676986692,
              -3.45398270489884
            ],
            [
              114.73911676986692,
              -3.4539878922388825
            ],
            [
              114.73914895637512,
              -3.4539878922388825
            ],
            [
              114.73914912401317,
              -3.4539880595724317
            ],
            [
              114.73914912401317,
              -3.4539934142459927
            ],
            [
              114.73916504962922,
              -3.4539934142459927
            ],
            [
              114.73916521726727,
              -3.4539935815795406
            ],
            [
              114.73916521726727,
              -3.4539987689195235
            ],
            [
              114.73919740377545,
              -3.4539987689195235
            ],
            [
              114.73919757141351,
              -3.4539989362530714
            ],
            [
              114.73919757141351,
              -3.454004123593024
            ],
            [
              114.73921902908562,
              -3.454004123593024
            ],
            [
              114.7392191967237,
              -3.4540042909265702
            ],
            [
              114.7392191967237,
              -3.4540094782664945
            ],
            [
              114.7392512155938,
              -3.4540094782664945
            ],
            [
              114.73925138323186,
              -3.45400964560004
            ],
            [
              114.73925138323186,
              -3.454014832939935
            ],
            [
              114.73927820532201,
              -3.454014832939935
            ],
            [
              114.73927837296007,
              -3.4540150002734795
            ],
            [
              114.73927837296007,
              -3.4540201876133456
            ],
            [
              114.7392998306322,
              -3.4540201876133456
            ],
            [
              114.73929999827025,
              -3.4540203549468886
            ],
            [
              114.73929999827025,
              -3.454025709620268
            ],
            [
              114.73932128830431,
              -3.454025709620268
            ],
            [
              114.73932145594236,
              -3.4540258769538106
            ],
            [
              114.73932145594236,
              -3.4540310642936163
            ],
            [
              114.7393429136145,
              -3.4540310642936163
            ],
            [
              114.73934308125257,
              -3.454031231627158
            ],
            [
              114.73934308125257,
              -3.4540364189669353
            ],
            [
              114.73939689307092,
              -3.4540364189669353
            ],
            [
              114.739397060709,
              -3.4540365863004756
            ],
            [
              114.739397060709,
              -3.4540417736402236
            ],
            [
              114.73943461163518,
              -3.4540417736402236
            ],
            [
              114.73943477927327,
              -3.4540419409737635
            ],
            [
              114.73943477927327,
              -3.4540471283134817
            ],
            [
              114.73943997605323,
              -3.4540471283134817
            ],
            [
              114.73944014369128,
              -3.4540472956470207
            ],
            [
              114.73944014369128,
              -3.4540524829867096
            ],
            [
              114.73946679814337,
              -3.4540524829867096
            ],
            [
              114.73946696578142,
              -3.4540526503202473
            ],
            [
              114.73946696578142,
              -3.454057837659908
            ],
            [
              114.73948305903552,
              -3.454057837659908
            ],
            [
              114.73948322667358,
              -3.454058004993444
            ],
            [
              114.73948322667358,
              -3.4540633596666113
            ],
            [
              114.73951541318176,
              -3.4540633596666113
            ],
            [
              114.73951558081983,
              -3.4540635270001467
            ],
            [
              114.73951558081983,
              -3.4540687143397473
            ],
            [
              114.73952614201784,
              -3.4540687143397473
            ],
            [
              114.7395263096559,
              -3.4540688816732823
            ],
            [
              114.7395263096559,
              -3.4540740690128535
            ],
            [
              114.73956386058208,
              -3.4540740690128535
            ],
            [
              114.73956402822016,
              -3.454074236346387
            ],
            [
              114.73956402822016,
              -3.4540794236859296
            ],
            [
              114.73956922500014,
              -3.4540794236859296
            ],
            [
              114.73956939263819,
              -3.4540795910194624
            ],
            [
              114.73956939263819,
              -3.4540847783589754
            ],
            [
              114.7396285688746,
              -3.4540847783589754
            ],
            [
              114.73962873651264,
              -3.4540849456925073
            ],
            [
              114.73962873651264,
              -3.4540901330319906
            ],
            [
              114.73964466212867,
              -3.4540901330319906
            ],
            [
              114.73964482976672,
              -3.4540903003655217
            ],
            [
              114.73964482976672,
              -3.454095487704976
            ],
            [
              114.73966628743885,
              -3.454095487704976
            ],
            [
              114.73966645507691,
              -3.4540956550385067
            ],
            [
              114.73966645507691,
              -3.45410100971146
            ],
            [
              114.73970937042114,
              -3.45410100971146
            ],
            [
              114.73970953805923,
              -3.4541011770449903
            ],
            [
              114.73970953805923,
              -3.4541063643843843
            ],
            [
              114.73974172456738,
              -3.4541063643843843
            ],
            [
              114.73974189220546,
              -3.454106531717913
            ],
            [
              114.73974189220546,
              -3.4541117190572788
            ],
            [
              114.73975798545955,
              -3.4541117190572788
            ],
            [
              114.73975815309763,
              -3.4541118863908054
            ],
            [
              114.73975815309763,
              -3.454117073730142
            ],
            [
              114.73977407871365,
              -3.454117073730142
            ],
            [
              114.7397742463517,
              -3.4541172410636687
            ],
            [
              114.7397742463517,
              -3.4541224284029752
            ],
            [
              114.73982805817005,
              -3.4541224284029752
            ],
            [
              114.73982822580813,
              -3.4541225957365005
            ],
            [
              114.73982822580813,
              -3.454127783075778
            ],
            [
              114.73987114115236,
              -3.454127783075778
            ],
            [
              114.73987130879044,
              -3.454127950409303
            ],
            [
              114.73987130879044,
              -3.454133305082075
            ],
            [
              114.73988723440645,
              -3.454133305082075
            ],
            [
              114.73988740204453,
              -3.4541334724155988
            ],
            [
              114.73988740204453,
              -3.4541386597548165
            ],
            [
              114.7399034952986,
              -3.4541386597548165
            ],
            [
              114.73990366293668,
              -3.4541388270883395
            ],
            [
              114.73990366293668,
              -3.4541440144275284
            ],
            [
              114.73994121386288,
              -3.4541440144275284
            ],
            [
              114.73994138150096,
              -3.4541441817610505
            ],
            [
              114.73994138150096,
              -3.45414936910021
            ],
            [
              114.73997893242716,
              -3.45414936910021
            ],
            [
              114.73997910006521,
              -3.4541495364337305
            ],
            [
              114.73997910006521,
              -3.454154723772861
            ],
            [
              114.74000592215535,
              -3.454154723772861
            ],
            [
              114.74000608979343,
              -3.4541548911063806
            ],
            [
              114.74000608979343,
              -3.4541600784454825
            ],
            [
              114.74008672370194,
              -3.4541600784454825
            ],
            [
              114.74008672370194,
              -3.4541548911063806
            ],
            [
              114.74008689134001,
              -3.454154723772861
            ],
            [
              114.74016752524851,
              -3.454154723772861
            ],
            [
              114.74016769288657,
              -3.4541548911063806
            ],
            [
              114.74016769288657,
              -3.4541600784454825
            ],
            [
              114.74019451497674,
              -3.4541600784454825
            ],
            [
              114.74019468261478,
              -3.4541602457790006
            ],
            [
              114.74019468261478,
              -3.4541654331180727
            ],
            [
              114.74021597264884,
              -3.4541654331180727
            ],
            [
              114.74021614028692,
              -3.454165600451591
            ],
            [
              114.74021614028692,
              -3.4541709551241504
            ],
            [
              114.74022150470495,
              -3.4541709551241504
            ],
            [
              114.740221672343,
              -3.454171122457667
            ],
            [
              114.740221672343,
              -3.4541763097966802
            ],
            [
              114.74022686912296,
              -3.4541763097966802
            ],
            [
              114.74022703676103,
              -3.4541764771301957
            ],
            [
              114.74022703676103,
              -3.454181664469179
            ],
            [
              114.74023759795902,
              -3.454181664469179
            ],
            [
              114.74023776559707,
              -3.4541818318026944
            ],
            [
              114.74023776559707,
              -3.454187019141648
            ],
            [
              114.74024296237707,
              -3.454187019141648
            ],
            [
              114.74024313001513,
              -3.4541871864751625
            ],
            [
              114.74024313001513,
              -3.4541977284864953
            ],
            [
              114.74024832679507,
              -3.4541977284864953
            ],
            [
              114.74024849443316,
              -3.4541978958200077
            ],
            [
              114.74024849443316,
              -3.4542193145093356
            ],
            [
              114.74025369121313,
              -3.4542193145093356
            ],
            [
              114.74025385885118,
              -3.454219481842845
            ],
            [
              114.74025385885118,
              -3.4542300238538197
            ],
            [
              114.7402592232692,
              -3.4542300238538197
            ],
            [
              114.74025939090727,
              -3.454230191187326
            ],
            [
              114.74025939090727,
              -3.454240900531686
            ],
            [
              114.74026458768724,
              -3.454240900531686
            ],
            [
              114.74026475532531,
              -3.4542410678651905
            ],
            [
              114.74026475532531,
              -3.4542462552038207
            ],
            [
              114.74026458768724,
              -3.4542464225373246
            ],
            [
              114.74025939090727,
              -3.4542464225373246
            ],
            [
              114.74025939090727,
              -3.454251609875926
            ],
            [
              114.7402592232692,
              -3.454251777209428
            ],
            [
              114.74025385885118,
              -3.454251777209428
            ],
            [
              114.74025385885118,
              -3.4542569645479997
            ],
            [
              114.74025369121313,
              -3.4542571318815014
            ],
            [
              114.74024849443316,
              -3.4542571318815014
            ],
            [
              114.74024849443316,
              -3.4542676738920584
            ],
            [
              114.74024832679507,
              -3.4542678412255583
            ],
            [
              114.74024313001513,
              -3.4542678412255583
            ],
            [
              114.74024313001513,
              -3.454283905241416
            ],
            [
              114.74024296237707,
              -3.4542840725749135
            ],
            [
              114.74023776559707,
              -3.4542840725749135
            ],
            [
              114.74023776559707,
              -3.4543106786005757
            ],
            [
              114.74023759795902,
              -3.4543108459340677
            ],
            [
              114.74023240117907,
              -3.4543108459340677
            ],
            [
              114.74023240117907,
              -3.4543752693264387
            ],
            [
              114.74023759795902,
              -3.4543752693264387
            ],
            [
              114.74023776559707,
              -3.4543754366599195
            ],
            [
              114.74023776559707,
              -3.4543915006739567
            ],
            [
              114.74024296237707,
              -3.4543915006739567
            ],
            [
              114.74024313001513,
              -3.454391668007435
            ],
            [
              114.74024313001513,
              -3.4543968553452418
            ],
            [
              114.74024832679507,
              -3.4543968553452418
            ],
            [
              114.74024832679507,
              -3.454391668007435
            ],
            [
              114.74024849443316,
              -3.4543915006739567
            ],
            [
              114.74025369121313,
              -3.4543915006739567
            ],
            [
              114.74025369121313,
              -3.4543540179741137
            ],
            [
              114.74025385885118,
              -3.454353850640629
            ],
            [
              114.7402592232692,
              -3.454353850640629
            ],
            [
              114.7402592232692,
              -3.4543324319543363
            ],
            [
              114.74025939090727,
              -3.4543322646208474
            ],
            [
              114.74026458768724,
              -3.4543322646208474
            ],
            [
              114.74026458768724,
              -3.4543217226110086
            ],
            [
              114.74026475532531,
              -3.454321555277518
            ],
            [
              114.74026995210527,
              -3.454321555277518
            ],
            [
              114.74026995210527,
              -3.4543108459340677
            ],
            [
              114.74027011974331,
              -3.4543106786005757
            ],
            [
              114.74027531652331,
              -3.4543106786005757
            ],
            [
              114.74027531652331,
              -3.454294781918666
            ],
            [
              114.74027548416137,
              -3.4542946145851703
            ],
            [
              114.74028068094134,
              -3.4542946145851703
            ],
            [
              114.74028068094134,
              -3.454262486553545
            ],
            [
              114.74028084857939,
              -3.4542623192200446
            ],
            [
              114.74028604535937,
              -3.4542623192200446
            ],
            [
              114.74028604535937,
              -3.4542571318815014
            ],
            [
              114.74028621299742,
              -3.4542569645479997
            ],
            [
              114.74029140977738,
              -3.4542569645479997
            ],
            [
              114.74029140977738,
              -3.454251777209428
            ],
            [
              114.74029157741545,
              -3.454251609875926
            ],
            [
              114.7403023062515,
              -3.454251609875926
            ],
            [
              114.7403023062515,
              -3.4542464225373246
            ],
            [
              114.74030247388959,
              -3.4542462552038207
            ],
            [
              114.74031303508758,
              -3.4542462552038207
            ],
            [
              114.74031303508758,
              -3.4542410678651905
            ],
            [
              114.74031320272563,
              -3.454240900531686
            ],
            [
              114.74032376392363,
              -3.454240900531686
            ],
            [
              114.74032376392363,
              -3.4542355458595204
            ],
            [
              114.74032393156169,
              -3.4542353785260156
            ],
            [
              114.74038847221611,
              -3.4542353785260156
            ],
            [
              114.74038863985419,
              -3.4542355458595204
            ],
            [
              114.74038863985419,
              -3.454240900531686
            ],
            [
              114.74040473310826,
              -3.454240900531686
            ],
            [
              114.74040490074633,
              -3.4542410678651905
            ],
            [
              114.74040490074633,
              -3.4542462552038207
            ],
            [
              114.74042082636237,
              -3.4542462552038207
            ],
            [
              114.74042099400043,
              -3.4542464225373246
            ],
            [
              114.74042099400043,
              -3.454251609875926
            ],
            [
              114.74047480581879,
              -3.454251609875926
            ],
            [
              114.74047497345686,
              -3.454251777209428
            ],
            [
              114.74047497345686,
              -3.4542569645479997
            ],
            [
              114.74050162790893,
              -3.4542569645479997
            ],
            [
              114.74050179554699,
              -3.4542571318815014
            ],
            [
              114.74050179554699,
              -3.4542623192200446
            ],
            [
              114.74051252438304,
              -3.4542623192200446
            ],
            [
              114.74051269202111,
              -3.454262486553545
            ],
            [
              114.74051269202111,
              -3.4542676738920584
            ],
            [
              114.74052325321912,
              -3.4542676738920584
            ],
            [
              114.74052342085717,
              -3.4542678412255583
            ],
            [
              114.74052342085717,
              -3.4542730285640424
            ],
            [
              114.74056097178338,
              -3.4542730285640424
            ],
            [
              114.74056113942144,
              -3.4542731958975406
            ],
            [
              114.74056113942144,
              -3.454278550569494
            ],
            [
              114.74059869034765,
              -3.454278550569494
            ],
            [
              114.74059885798573,
              -3.4542787179029917
            ],
            [
              114.74059885798573,
              -3.454283905241416
            ],
            [
              114.7406040547657,
              -3.454283905241416
            ],
            [
              114.74060422240376,
              -3.4542840725749135
            ],
            [
              114.74060422240376,
              -3.4542892599133084
            ],
            [
              114.7406149512398,
              -3.4542892599133084
            ],
            [
              114.74061511887787,
              -3.4542894272468048
            ],
            [
              114.74061511887787,
              -3.4542946145851703
            ],
            [
              114.74063640891194,
              -3.4542946145851703
            ],
            [
              114.74063657654999,
              -3.454294781918666
            ],
            [
              114.74063657654999,
              -3.454299969257003
            ],
            [
              114.74066339864015,
              -3.454299969257003
            ],
            [
              114.7406635662782,
              -3.4543001365904966
            ],
            [
              114.7406635662782,
              -3.454305323928804
            ],
            [
              114.74067949189423,
              -3.454305323928804
            ],
            [
              114.74067965953229,
              -3.4543054912622977
            ],
            [
              114.74067965953229,
              -3.4543106786005757
            ],
            [
              114.74070111720442,
              -3.4543106786005757
            ],
            [
              114.74070128484247,
              -3.4543108459340677
            ],
            [
              114.74070128484247,
              -3.4543162006058084
            ],
            [
              114.74073347135065,
              -3.4543162006058084
            ],
            [
              114.74073363898871,
              -3.4543163679392994
            ],
            [
              114.74073363898871,
              -3.454321555277518
            ],
            [
              114.74077118991492,
              -3.454321555277518
            ],
            [
              114.740771357553,
              -3.4543217226110086
            ],
            [
              114.740771357553,
              -3.454326909949198
            ],
            [
              114.74078728316903,
              -3.454326909949198
            ],
            [
              114.74078745080708,
              -3.4543270772826875
            ],
            [
              114.74078745080708,
              -3.4543322646208474
            ],
            [
              114.7408250017333,
              -3.4543322646208474
            ],
            [
              114.74082516937135,
              -3.4543324319543363
            ],
            [
              114.74082516937135,
              -3.4543376192924673
            ],
            [
              114.74087898118972,
              -3.4543376192924673
            ],
            [
              114.74087914882777,
              -3.454337786625955
            ],
            [
              114.74087914882777,
              -3.454342973964056
            ],
            [
              114.74091669975398,
              -3.454342973964056
            ],
            [
              114.74091686739206,
              -3.454343141297543
            ],
            [
              114.74091686739206,
              -3.454348495969101
            ],
            [
              114.74093832506416,
              -3.454348495969101
            ],
            [
              114.74093849270223,
              -3.4543486633025866
            ],
            [
              114.74093849270223,
              -3.454353850640629
            ],
            [
              114.74095441831825,
              -3.454353850640629
            ],
            [
              114.74095458595633,
              -3.4543540179741137
            ],
            [
              114.74095458595633,
              -3.454359205312127
            ],
            [
              114.74099750130057,
              -3.454359205312127
            ],
            [
              114.74099766893862,
              -3.4543593726456105
            ],
            [
              114.74099766893862,
              -3.454364559983594
            ],
            [
              114.74102449102878,
              -3.454364559983594
            ],
            [
              114.74102465866683,
              -3.454364727317077
            ],
            [
              114.74102465866683,
              -3.454369914655031
            ],
            [
              114.74104058428286,
              -3.454369914655031
            ],
            [
              114.74104058428286,
              -3.454364727317077
            ],
            [
              114.74104075192092,
              -3.454364559983594
            ],
            [
              114.74105684517502,
              -3.454364559983594
            ],
            [
              114.74105701281307,
              -3.454364727317077
            ],
            [
              114.74105701281307,
              -3.454369914655031
            ],
            [
              114.74108383490324,
              -3.454369914655031
            ],
            [
              114.74108400254129,
              -3.4543700819885133
            ],
            [
              114.74108400254129,
              -3.4543752693264387
            ],
            [
              114.74112691788552,
              -3.4543752693264387
            ],
            [
              114.7411270855236,
              -3.4543754366599195
            ],
            [
              114.7411270855236,
              -3.454380623997815
            ],
            [
              114.74114837555763,
              -3.454380623997815
            ],
            [
              114.74114837555763,
              -3.4543754366599195
            ],
            [
              114.7411485431957,
              -3.4543752693264387
            ],
            [
              114.74117536528587,
              -3.4543752693264387
            ],
            [
              114.74117536528587,
              -3.454364727317077
            ],
            [
              114.7411701685059,
              -3.454364727317077
            ],
            [
              114.74117000086781,
              -3.454364559983594
            ],
            [
              114.74117000086781,
              -3.4543593726456105
            ],
            [
              114.74115943966984,
              -3.4543593726456105
            ],
            [
              114.74115927203177,
              -3.454359205312127
            ],
            [
              114.74115927203177,
              -3.4543540179741137
            ],
            [
              114.7411540752518,
              -3.4543540179741137
            ],
            [
              114.74115390761374,
              -3.454353850640629
            ],
            [
              114.74115390761374,
              -3.4543486633025866
            ],
            [
              114.74114317877769,
              -3.4543486633025866
            ],
            [
              114.74114301113963,
              -3.454348495969101
            ],
            [
              114.74114301113963,
              -3.454343141297543
            ],
            [
              114.74111618904948,
              -3.454343141297543
            ],
            [
              114.74111602141139,
              -3.454342973964056
            ],
            [
              114.74111602141139,
              -3.454337786625955
            ],
            [
              114.74111082463145,
              -3.454337786625955
            ],
            [
              114.74111082463145,
              -3.454342973964056
            ],
            [
              114.74111065699338,
              -3.454343141297543
            ],
            [
              114.74108400254129,
              -3.454343141297543
            ],
            [
              114.74108383490324,
              -3.454342973964056
            ],
            [
              114.74108383490324,
              -3.454337786625955
            ],
            [
              114.74105701281307,
              -3.454337786625955
            ],
            [
              114.74105684517502,
              -3.4543376192924673
            ],
            [
              114.74105684517502,
              -3.4543324319543363
            ],
            [
              114.74102465866683,
              -3.4543324319543363
            ],
            [
              114.74102449102878,
              -3.4543322646208474
            ],
            [
              114.74102449102878,
              -3.4543270772826875
            ],
            [
              114.74100303335665,
              -3.4543270772826875
            ],
            [
              114.7410028657186,
              -3.454326909949198
            ],
            [
              114.7410028657186,
              -3.4543217226110086
            ],
            [
              114.74097621126649,
              -3.4543217226110086
            ],
            [
              114.74097604362844,
              -3.454321555277518
            ],
            [
              114.74097604362844,
              -3.4543163679392994
            ],
            [
              114.74094385712026,
              -3.4543163679392994
            ],
            [
              114.7409436894822,
              -3.4543162006058084
            ],
            [
              114.7409436894822,
              -3.4543108459340677
            ],
            [
              114.74088987766383,
              -3.4543108459340677
            ],
            [
              114.74088971002577,
              -3.4543106786005757
            ],
            [
              114.74088971002577,
              -3.4543054912622977
            ],
            [
              114.74087914882777,
              -3.4543054912622977
            ],
            [
              114.74087898118972,
              -3.454305323928804
            ],
            [
              114.74087898118972,
              -3.4543001365904966
            ],
            [
              114.74084679468153,
              -3.4543001365904966
            ],
            [
              114.74084662704348,
              -3.454299969257003
            ],
            [
              114.74084662704348,
              -3.454294781918666
            ],
            [
              114.74082516937135,
              -3.454294781918666
            ],
            [
              114.7408250017333,
              -3.4542946145851703
            ],
            [
              114.7408250017333,
              -3.4542894272468048
            ],
            [
              114.74078208638906,
              -3.4542894272468048
            ],
            [
              114.740781918751,
              -3.4542892599133084
            ],
            [
              114.740781918751,
              -3.4542840725749135
            ],
            [
              114.74076599313496,
              -3.4542840725749135
            ],
            [
              114.7407658254969,
              -3.454283905241416
            ],
            [
              114.7407658254969,
              -3.4542787179029917
            ],
            [
              114.74074973224282,
              -3.4542787179029917
            ],
            [
              114.74074956460476,
              -3.454278550569494
            ],
            [
              114.74074956460476,
              -3.4542731958975406
            ],
            [
              114.74071737809658,
              -3.4542731958975406
            ],
            [
              114.74071721045853,
              -3.4542730285640424
            ],
            [
              114.74071721045853,
              -3.4542678412255583
            ],
            [
              114.74067965953229,
              -3.4542678412255583
            ],
            [
              114.74067949189423,
              -3.4542676738920584
            ],
            [
              114.74067949189423,
              -3.454262486553545
            ],
            [
              114.7406635662782,
              -3.454262486553545
            ],
            [
              114.74066339864015,
              -3.4542623192200446
            ],
            [
              114.74066339864015,
              -3.4542571318815014
            ],
            [
              114.74064730538605,
              -3.4542571318815014
            ],
            [
              114.740647137748,
              -3.4542569645479997
            ],
            [
              114.740647137748,
              -3.454251777209428
            ],
            [
              114.74062048329591,
              -3.454251777209428
            ],
            [
              114.74062031565784,
              -3.454251609875926
            ],
            [
              114.74062031565784,
              -3.4542464225373246
            ],
            [
              114.7405934935677,
              -3.4542464225373246
            ],
            [
              114.74059332592962,
              -3.4542462552038207
            ],
            [
              114.74059332592962,
              -3.4542410678651905
            ],
            [
              114.74055577500341,
              -3.4542410678651905
            ],
            [
              114.74055560736535,
              -3.454240900531686
            ],
            [
              114.74055560736535,
              -3.4542355458595204
            ],
            [
              114.74053951411128,
              -3.4542355458595204
            ],
            [
              114.7405393464732,
              -3.4542353785260156
            ],
            [
              114.7405393464732,
              -3.454230191187326
            ],
            [
              114.74052342085717,
              -3.454230191187326
            ],
            [
              114.74052325321912,
              -3.4542300238538197
            ],
            [
              114.74052325321912,
              -3.4542248365151003
            ],
            [
              114.74050715996503,
              -3.4542248365151003
            ],
            [
              114.74050699232696,
              -3.454224669181593
            ],
            [
              114.74050699232696,
              -3.454219481842845
            ],
            [
              114.74049106671093,
              -3.454219481842845
            ],
            [
              114.74049089907288,
              -3.4542193145093356
            ],
            [
              114.74049089907288,
              -3.4542141271705584
            ],
            [
              114.74047497345686,
              -3.4542141271705584
            ],
            [
              114.74047480581879,
              -3.4542139598370496
            ],
            [
              114.74047480581879,
              -3.4542087724982427
            ],
            [
              114.74045871256469,
              -3.4542087724982427
            ],
            [
              114.74045854492664,
              -3.4542086051647325
            ],
            [
              114.74045854492664,
              -3.4542032504923856
            ],
            [
              114.74043172283648,
              -3.4542032504923856
            ],
            [
              114.7404315551984,
              -3.4542030831588737
            ],
            [
              114.7404315551984,
              -3.4541978958200077
            ],
            [
              114.74039936869025,
              -3.4541978958200077
            ],
            [
              114.74039920105216,
              -3.4541977284864953
            ],
            [
              114.74039920105216,
              -3.4541925411476004
            ],
            [
              114.7403455568719,
              -3.4541925411476004
            ],
            [
              114.74034538923382,
              -3.4541923738140867
            ],
            [
              114.74034538923382,
              -3.4541871864751625
            ],
            [
              114.7403294636178,
              -3.4541871864751625
            ],
            [
              114.74032929597973,
              -3.454187019141648
            ],
            [
              114.74032929597973,
              -3.4541818318026944
            ],
            [
              114.74032393156169,
              -3.4541818318026944
            ],
            [
              114.74032376392363,
              -3.454181664469179
            ],
            [
              114.74032376392363,
              -3.454171122457667
            ],
            [
              114.74031856714366,
              -3.454171122457667
            ],
            [
              114.74031839950561,
              -3.4541709551241504
            ],
            [
              114.74031839950561,
              -3.4541602457790006
            ],
            [
              114.74031320272563,
              -3.4541602457790006
            ],
            [
              114.74031303508758,
              -3.4541600784454825
            ],
            [
              114.74031303508758,
              -3.4541334724155988
            ],
            [
              114.7403078383076,
              -3.4541334724155988
            ],
            [
              114.74030767066955,
              -3.454133305082075
            ],
            [
              114.74030767066955,
              -3.454106531717913
            ],
            [
              114.7403078383076,
              -3.4541063643843843
            ],
            [
              114.74031303508758,
              -3.4541063643843843
            ],
            [
              114.74031303508758,
              -3.4540956550385067
            ],
            [
              114.74031320272563,
              -3.454095487704976
            ],
            [
              114.74031839950561,
              -3.454095487704976
            ],
            [
              114.74031839950561,
              -3.4540688816732823
            ],
            [
              114.74031856714366,
              -3.4540687143397473
            ],
            [
              114.74032376392363,
              -3.4540687143397473
            ],
            [
              114.74032376392363,
              -3.4540526503202473
            ],
            [
              114.74032393156169,
              -3.4540524829867096
            ],
            [
              114.74032929597973,
              -3.4540524829867096
            ],
            [
              114.74032929597973,
              -3.4540419409737635
            ],
            [
              114.7403294636178,
              -3.4540417736402236
            ],
            [
              114.74033466039774,
              -3.4540417736402236
            ],
            [
              114.74033466039774,
              -3.454031231627158
            ],
            [
              114.74033482803581,
              -3.4540310642936163
            ],
            [
              114.7403400248158,
              -3.4540310642936163
            ],
            [
              114.7403400248158,
              -3.4540150002734795
            ],
            [
              114.74034019245384,
              -3.454014832939935
            ],
            [
              114.74034538923382,
              -3.454014832939935
            ],
            [
              114.74034538923382,
              -3.45398270489884
            ],
            [
              114.7403455568719,
              -3.45398253756529
            ],
            [
              114.74035075365184,
              -3.45398253756529
            ],
            [
              114.74035075365184,
              -3.453966640877885
            ],
            [
              114.7403509212899,
              -3.453966473544332
            ],
            [
              114.74035611806987,
              -3.453966473544332
            ],
            [
              114.74035611806987,
              -3.4539559315304307
            ],
            [
              114.74035628570795,
              -3.4539557641968757
            ],
            [
              114.7403614824879,
              -3.4539557641968757
            ],
            [
              114.7403614824879,
              -3.453945054849299
            ],
            [
              114.74036165012598,
              -3.4539448875157417
            ],
            [
              114.74036701454398,
              -3.4539448875157417
            ],
            [
              114.74036701454398,
              -3.453934345501601
            ],
            [
              114.74036718218206,
              -3.4539341781680415
            ],
            [
              114.74037237896204,
              -3.4539341781680415
            ],
            [
              114.74037237896204,
              -3.4539236361537817
            ],
            [
              114.74037254660009,
              -3.453923468820221
            ],
            [
              114.74039920105216,
              -3.453923468820221
            ],
            [
              114.74039936869025,
              -3.4539236361537817
            ],
            [
              114.74039936869025,
              -3.4539288234941465
            ],
            [
              114.7404100975263,
              -3.4539288234941465
            ],
            [
              114.74041026516437,
              -3.453928990827706
            ],
            [
              114.74041026516437,
              -3.4539341781680415
            ],
            [
              114.74042082636237,
              -3.4539341781680415
            ],
            [
              114.74042099400043,
              -3.453934345501601
            ],
            [
              114.74042099400043,
              -3.453939532841907
            ],
            [
              114.74044781609057,
              -3.453939532841907
            ],
            [
              114.74044798372864,
              -3.4539397001754644
            ],
            [
              114.74044798372864,
              -3.4539448875157417
            ],
            [
              114.74046390934467,
              -3.4539448875157417
            ],
            [
              114.74046407698272,
              -3.453945054849299
            ],
            [
              114.74046407698272,
              -3.4539502421895465
            ],
            [
              114.74049089907288,
              -3.4539502421895465
            ],
            [
              114.74049106671093,
              -3.453950409523102
            ],
            [
              114.74049106671093,
              -3.4539557641968757
            ],
            [
              114.74051252438304,
              -3.4539557641968757
            ],
            [
              114.74051269202111,
              -3.4539559315304307
            ],
            [
              114.74051269202111,
              -3.4539611188706187
            ],
            [
              114.74053398205517,
              -3.4539611188706187
            ],
            [
              114.74053414969323,
              -3.453961286204173
            ],
            [
              114.74053414969323,
              -3.453966473544332
            ],
            [
              114.74055024294734,
              -3.453966473544332
            ],
            [
              114.74055041058539,
              -3.453966640877885
            ],
            [
              114.74055041058539,
              -3.4539718282180147
            ],
            [
              114.74056633620141,
              -3.4539718282180147
            ],
            [
              114.74056650383946,
              -3.4539719955515666
            ],
            [
              114.74056650383946,
              -3.4539771828916677
            ],
            [
              114.74059869034765,
              -3.4539771828916677
            ],
            [
              114.74059885798573,
              -3.4539773502252182
            ],
            [
              114.74059885798573,
              -3.45398253756529
            ],
            [
              114.7406149512398,
              -3.45398253756529
            ],
            [
              114.74061511887787,
              -3.45398270489884
            ],
            [
              114.74061511887787,
              -3.4539878922388825
            ],
            [
              114.74063640891194,
              -3.4539878922388825
            ],
            [
              114.74063657654999,
              -3.4539880595724317
            ],
            [
              114.74063657654999,
              -3.4539934142459927
            ],
            [
              114.74066876305818,
              -3.4539934142459927
            ],
            [
              114.74066893069623,
              -3.4539935815795406
            ],
            [
              114.74066893069623,
              -3.4539987689195235
            ],
            [
              114.74074420018671,
              -3.4539987689195235
            ],
            [
              114.74074436782476,
              -3.4539989362530714
            ],
            [
              114.74074436782476,
              -3.454004123593024
            ],
            [
              114.74076046107886,
              -3.454004123593024
            ],
            [
              114.74076062871693,
              -3.4540042909265702
            ],
            [
              114.74076062871693,
              -3.4540094782664945
            ],
            [
              114.74078728316903,
              -3.4540094782664945
            ],
            [
              114.74078745080708,
              -3.45400964560004
            ],
            [
              114.74078745080708,
              -3.454014832939935
            ],
            [
              114.7408089084792,
              -3.454014832939935
            ],
            [
              114.74080907611724,
              -3.4540150002734795
            ],
            [
              114.74080907611724,
              -3.4540201876133456
            ],
            [
              114.74084662704348,
              -3.4540201876133456
            ],
            [
              114.74084679468153,
              -3.4540203549468886
            ],
            [
              114.74084679468153,
              -3.454025709620268
            ],
            [
              114.74086272029756,
              -3.454025709620268
            ],
            [
              114.74086288793562,
              -3.4540258769538106
            ],
            [
              114.74086288793562,
              -3.4540310642936163
            ],
            [
              114.74088434560774,
              -3.4540310642936163
            ],
            [
              114.74088451324583,
              -3.454031231627158
            ],
            [
              114.74088451324583,
              -3.4540364189669353
            ],
            [
              114.74091669975398,
              -3.4540364189669353
            ],
            [
              114.74091686739206,
              -3.4540365863004756
            ],
            [
              114.74091686739206,
              -3.4540417736402236
            ],
            [
              114.74093832506416,
              -3.4540417736402236
            ],
            [
              114.74093849270223,
              -3.4540419409737635
            ],
            [
              114.74093849270223,
              -3.4540471283134817
            ],
            [
              114.74096514715433,
              -3.4540471283134817
            ],
            [
              114.74096531479239,
              -3.4540472956470207
            ],
            [
              114.74096531479239,
              -3.4540524829867096
            ],
            [
              114.74102985544681,
              -3.4540524829867096
            ],
            [
              114.74103002308486,
              -3.4540526503202473
            ],
            [
              114.74103002308486,
              -3.454057837659908
            ],
            [
              114.74105148075697,
              -3.454057837659908
            ],
            [
              114.74105164839504,
              -3.454058004993444
            ],
            [
              114.74105164839504,
              -3.4540633596666113
            ],
            [
              114.74114301113963,
              -3.4540633596666113
            ],
            [
              114.74114301113963,
              -3.454058004993444
            ],
            [
              114.74114317877769,
              -3.454057837659908
            ],
            [
              114.74115927203177,
              -3.454057837659908
            ],
            [
              114.74115943966984,
              -3.454058004993444
            ],
            [
              114.74115943966984,
              -3.4540633596666113
            ],
            [
              114.74117536528587,
              -3.4540633596666113
            ],
            [
              114.74117553292392,
              -3.4540635270001467
            ],
            [
              114.74117553292392,
              -3.4540687143397473
            ],
            [
              114.74118609412191,
              -3.4540687143397473
            ],
            [
              114.74118626175998,
              -3.4540688816732823
            ],
            [
              114.74118626175998,
              -3.4540740690128535
            ],
            [
              114.74120771943211,
              -3.4540740690128535
            ],
            [
              114.74120771943211,
              -3.4540688816732823
            ],
            [
              114.74120788707016,
              -3.4540687143397473
            ],
            [
              114.74121308385013,
              -3.4540687143397473
            ],
            [
              114.74121308385013,
              -3.4540472956470207
            ],
            [
              114.74120252265213,
              -3.4540472956470207
            ],
            [
              114.74120235501408,
              -3.4540471283134817
            ],
            [
              114.74120235501408,
              -3.4540419409737635
            ],
            [
              114.74118626175998,
              -3.4540419409737635
            ],
            [
              114.74118609412191,
              -3.4540417736402236
            ],
            [
              114.74118609412191,
              -3.4540365863004756
            ],
            [
              114.7411270855236,
              -3.4540365863004756
            ],
            [
              114.74112691788552,
              -3.4540364189669353
            ],
            [
              114.74112691788552,
              -3.454031231627158
            ],
            [
              114.74108400254129,
              -3.454031231627158
            ],
            [
              114.74108383490324,
              -3.4540310642936163
            ],
            [
              114.74108383490324,
              -3.4540258769538106
            ],
            [
              114.74105701281307,
              -3.4540258769538106
            ],
            [
              114.74105684517502,
              -3.454025709620268
            ],
            [
              114.74105684517502,
              -3.4540203549468886
            ],
            [
              114.74101929424882,
              -3.4540203549468886
            ],
            [
              114.74101912661072,
              -3.4540201876133456
            ],
            [
              114.74101912661072,
              -3.4540150002734795
            ],
            [
              114.74099766893862,
              -3.4540150002734795
            ],
            [
              114.74099750130057,
              -3.454014832939935
            ],
            [
              114.74099750130057,
              -3.45400964560004
            ],
            [
              114.74095458595633,
              -3.45400964560004
            ],
            [
              114.74095441831825,
              -3.4540094782664945
            ],
            [
              114.74095441831825,
              -3.4540042909265702
            ],
            [
              114.74092759622812,
              -3.4540042909265702
            ],
            [
              114.74092742859004,
              -3.454004123593024
            ],
            [
              114.74092742859004,
              -3.4539989362530714
            ],
            [
              114.74090613855599,
              -3.4539989362530714
            ],
            [
              114.74090597091794,
              -3.4539987689195235
            ],
            [
              114.74090597091794,
              -3.4539935815795406
            ],
            [
              114.74086841999173,
              -3.4539935815795406
            ],
            [
              114.74086825235366,
              -3.4539934142459927
            ],
            [
              114.74086825235366,
              -3.4539880595724317
            ],
            [
              114.74085215909956,
              -3.4539880595724317
            ],
            [
              114.74085199146151,
              -3.4539878922388825
            ],
            [
              114.74085199146151,
              -3.45398270489884
            ],
            [
              114.74082516937135,
              -3.45398270489884
            ],
            [
              114.7408250017333,
              -3.45398253756529
            ],
            [
              114.7408250017333,
              -3.4539773502252182
            ],
            [
              114.74079834728118,
              -3.4539773502252182
            ],
            [
              114.74079817964314,
              -3.4539771828916677
            ],
            [
              114.74079817964314,
              -3.4539719955515666
            ],
            [
              114.74076062871693,
              -3.4539719955515666
            ],
            [
              114.74076046107886,
              -3.4539718282180147
            ],
            [
              114.74076046107886,
              -3.453966640877885
            ],
            [
              114.74071737809658,
              -3.453966640877885
            ],
            [
              114.74071721045853,
              -3.453966473544332
            ],
            [
              114.74071721045853,
              -3.453961286204173
            ],
            [
              114.7407066492605,
              -3.453961286204173
            ],
            [
              114.74070648162244,
              -3.4539611188706187
            ],
            [
              114.74070648162244,
              -3.4539559315304307
            ],
            [
              114.74067429511426,
              -3.4539559315304307
            ],
            [
              114.74067412747621,
              -3.4539557641968757
            ],
            [
              114.74067412747621,
              -3.453950409523102
            ],
            [
              114.74063121213197,
              -3.453950409523102
            ],
            [
              114.74063104449388,
              -3.4539502421895465
            ],
            [
              114.74063104449388,
              -3.453945054849299
            ],
            [
              114.74062048329591,
              -3.453945054849299
            ],
            [
              114.74062031565784,
              -3.4539448875157417
            ],
            [
              114.74062031565784,
              -3.4539397001754644
            ],
            [
              114.7405934935677,
              -3.4539397001754644
            ],
            [
              114.74059332592962,
              -3.453939532841907
            ],
            [
              114.74059332592962,
              -3.453934345501601
            ],
            [
              114.74057186825752,
              -3.453934345501601
            ],
            [
              114.74057170061945,
              -3.4539341781680415
            ],
            [
              114.74057170061945,
              -3.453928990827706
            ],
            [
              114.74055041058539,
              -3.453928990827706
            ],
            [
              114.74055024294734,
              -3.4539288234941465
            ],
            [
              114.74055024294734,
              -3.4539236361537817
            ],
            [
              114.74053414969323,
              -3.4539236361537817
            ],
            [
              114.74053398205517,
              -3.453923468820221
            ],
            [
              114.74053398205517,
              -3.4539182814798264
            ],
            [
              114.74051269202111,
              -3.4539182814798264
            ],
            [
              114.74051252438304,
              -3.453918114146266
            ],
            [
              114.74051252438304,
              -3.45391275947228
            ],
            [
              114.74049106671093,
              -3.45391275947228
            ],
            [
              114.74049089907288,
              -3.4539125921387175
            ],
            [
              114.74049089907288,
              -3.453907404798264
            ],
            [
              114.74043725489257,
              -3.453907404798264
            ],
            [
              114.7404370872545,
              -3.4539072374647004
            ],
            [
              114.7404370872545,
              -3.453902050124217
            ],
            [
              114.74041562958237,
              -3.453902050124217
            ],
            [
              114.74041546194432,
              -3.453901882790653
            ],
            [
              114.74041546194432,
              -3.453896695450141
            ],
            [
              114.74040490074633,
              -3.453896695450141
            ],
            [
              114.74040473310826,
              -3.4538965281165757
            ],
            [
              114.74040473310826,
              -3.4538913407760337
            ],
            [
              114.74037791101814,
              -3.4538913407760337
            ],
            [
              114.74037774338005,
              -3.453891173442468
            ],
            [
              114.74037774338005,
              -3.453880464094162
            ],
            [
              114.74037254660009,
              -3.453880464094162
            ],
            [
              114.74037237896204,
              -3.4538802967605937
            ],
            [
              114.74037237896204,
              -3.4538644000714767
            ],
            [
              114.74037254660009,
              -3.453864232737906
            ],
            [
              114.74037774338005,
              -3.453864232737906
            ],
            [
              114.74037774338005,
              -3.4537837452868025
            ],
            [
              114.74037791101814,
              -3.453783577953217
            ],
            [
              114.74038310779808,
              -3.453783577953217
            ],
            [
              114.74038310779808,
              -3.453756804579191
            ],
            [
              114.74038327543614,
              -3.4537566372456014
            ],
            [
              114.74038847221611,
              -3.4537566372456014
            ],
            [
              114.74038847221611,
              -3.4537298638708163
            ],
            [
              114.74038863985419,
              -3.4537296965372213
            ],
            [
              114.74039383663414,
              -3.4537296965372213
            ],
            [
              114.74039383663414,
              -3.4537137998455822
            ],
            [
              114.74039400427222,
              -3.453713632511985
            ],
            [
              114.74039920105216,
              -3.453713632511985
            ],
            [
              114.74039920105216,
              -3.453697568486476
            ],
            [
              114.74039936869025,
              -3.4536974011528763
            ],
            [
              114.74040473310826,
              -3.4536974011528763
            ],
            [
              114.74040473310826,
              -3.453686859135986
            ],
            [
              114.74040490074633,
              -3.453686691802385
            ],
            [
              114.7404100975263,
              -3.453686691802385
            ],
            [
              114.7404100975263,
              -3.453659918425626
            ],
            [
              114.74041026516437,
              -3.4536597510920197
            ],
            [
              114.74041546194432,
              -3.4536597510920197
            ],
            [
              114.74041546194432,
              -3.453638499723676
            ],
            [
              114.74041562958237,
              -3.4536383323900663
            ],
            [
              114.74042082636237,
              -3.4536383323900663
            ],
            [
              114.74042082636237,
              -3.453616913687629
            ],
            [
              114.74042099400043,
              -3.4536167463540144
            ],
            [
              114.7404261907804,
              -3.4536167463540144
            ],
            [
              114.7404261907804,
              -3.4535899729752835
            ],
            [
              114.74042635841846,
              -3.453589805641664
            ],
            [
              114.7404315551984,
              -3.453589805641664
            ],
            [
              114.7404315551984,
              -3.4535200275197875
            ],
            [
              114.74043172283648,
              -3.4535198601861556
            ],
            [
              114.7404370872545,
              -3.4535198601861556
            ],
            [
              114.7404370872545,
              -3.453498608814682
            ],
            [
              114.74043725489257,
              -3.4534984414810457
            ],
            [
              114.74044245167256,
              -3.4534984414810457
            ],
            [
              114.74044245167256,
              -3.45349325413833
            ],
            [
              114.74044261931061,
              -3.453493086804693
            ],
            [
              114.74044781609057,
              -3.453493086804693
            ],
            [
              114.74044781609057,
              -3.4534770227754525
            ],
            [
              114.74044798372864,
              -3.4534768554418136
            ],
            [
              114.74045318050861,
              -3.4534768554418136
            ],
            [
              114.74045318050861,
              -3.4534609587459415
            ],
            [
              114.74045334814667,
              -3.453460791412299
            ],
            [
              114.74045854492664,
              -3.453460791412299
            ],
            [
              114.74045854492664,
              -3.4534286633524545
            ],
            [
              114.74045871256469,
              -3.453428496018806
            ],
            [
              114.74046390934467,
              -3.453428496018806
            ],
            [
              114.74046390934467,
              -3.453385658603982
            ],
            [
              114.74046407698272,
              -3.453385491270326
            ],
            [
              114.7404692737627,
              -3.453385491270326
            ],
            [
              114.7404692737627,
              -3.4533694272392665
            ],
            [
              114.74046944140075,
              -3.453369259905607
            ],
            [
              114.74047480581879,
              -3.453369259905607
            ],
            [
              114.74047480581879,
              -3.453353363207934
            ],
            [
              114.74047497345686,
              -3.453353195874273
            ],
            [
              114.7404801702368,
              -3.453353195874273
            ],
            [
              114.7404801702368,
              -3.4533424865198987
            ],
            [
              114.74048033787489,
              -3.4533423191862354
            ],
            [
              114.74048553465485,
              -3.4533423191862354
            ],
            [
              114.74048553465485,
              -3.4533210678107875
            ],
            [
              114.7404857022929,
              -3.45332090047712
            ],
            [
              114.74049089907288,
              -3.45332090047712
            ],
            [
              114.74049089907288,
              -3.453299481767522
            ],
            [
              114.74049106671093,
              -3.453299314433852
            ],
            [
              114.74049626349091,
              -3.453299314433852
            ],
            [
              114.74049626349091,
              -3.453278063057441
            ],
            [
              114.74049643112896,
              -3.4532778957237666
            ],
            [
              114.74050162790893,
              -3.4532778957237666
            ],
            [
              114.74050162790893,
              -3.453261831690886
            ],
            [
              114.74050179554699,
              -3.4532616643572083
            ],
            [
              114.74050699232696,
              -3.4532616643572083
            ],
            [
              114.74050699232696,
              -3.4532457676577333
            ],
            [
              114.74050715996503,
              -3.4532456003240526
            ],
            [
              114.74051252438304,
              -3.4532456003240526
            ],
            [
              114.74051252438304,
              -3.4532348909684654
            ],
            [
              114.74051269202111,
              -3.453234723634783
            ],
            [
              114.7405178888011,
              -3.453234723634783
            ],
            [
              114.7405178888011,
              -3.453229536290626
            ],
            [
              114.74051805643914,
              -3.4532293689569427
            ],
            [
              114.74052325321912,
              -3.4532293689569427
            ],
            [
              114.74052325321912,
              -3.4532027629009767
            ],
            [
              114.74051805643914,
              -3.4532027629009767
            ],
            [
              114.7405178888011,
              -3.453202595567289
            ],
            [
              114.7405178888011,
              -3.45313817209534
            ],
            [
              114.74051805643914,
              -3.453138004761641
            ],
            [
              114.74052325321912,
              -3.453138004761641
            ],
            [
              114.74052325321912,
              -3.4531272954048395
            ],
            [
              114.74052342085717,
              -3.4531271280711384
            ],
            [
              114.74052861763714,
              -3.4531271280711384
            ],
            [
              114.74052861763714,
              -3.453121940726393
            ],
            [
              114.7405287852752,
              -3.4531217733926916
            ],
            [
              114.74053398205517,
              -3.4531217733926916
            ],
            [
              114.74053398205517,
              -3.4531165860479174
            ],
            [
              114.7405287852752,
              -3.4531165860479174
            ],
            [
              114.74052861763714,
              -3.453116418714214
            ],
            [
              114.74052861763714,
              -3.453095000000004
            ]
          ],
          [
            [
              114.73955329938411,
              -3.453095000000004
            ],
            [
              114.73955329938411,
              -3.4531003546786017
            ],
            [
              114.73956386058208,
              -3.4531003546786017
            ],
            [
              114.73956386058208,
              -3.453095000000004
            ]
          ],
          [
            [
              114.73794179468035,
              -3.453095000000004
            ],
            [
              114.73794179468035,
              -3.4531003546786017
            ],
            [
              114.73796861677049,
              -3.4531003546786017
            ],
            [
              114.73796861677049,
              -3.453095000000004
            ]
          ],
          [
            [
              114.73779092042327,
              -3.453095000000004
            ],
            [
              114.73779092042327,
              -3.4531003546786017
            ],
            [
              114.7378338357675,
              -3.4531003546786017
            ],
            [
              114.7378338357675,
              -3.453095000000004
            ]
          ],
          [
            [
              114.73657286225438,
              -3.453095000000004
            ],
            [
              114.73657286225438,
              -3.4531003546786017
            ],
            [
              114.73658342345237,
              -3.4531003546786017
            ],
            [
              114.73658342345237,
              -3.453095000000004
            ]
          ]
        ]
      },
      "properties": {
        "source": "test_image.tif"
      }
    }
  ]
}